ISO-10303-21;
HEADER;
/* Generated by software containing ST-Developer
 * from STEP Tools, Inc. (www.steptools.com) 
 */

FILE_DESCRIPTION(
/* description */ (''),
/* implementation_level */ '2;1');

FILE_NAME(
/* name */ 'C:/Users/rapha/Desktop/Ultrastar disc.step',
/* time_stamp */ '2019-02-08T22:10:28+01:00',
/* author */ ('raphael.candelier'),
/* organization */ (''),
/* preprocessor_version */ 'ST-DEVELOPER v17.2',
/* originating_system */ 'Autodesk Translation Framework v7.6.0.251',
/* authorisation */ '');

FILE_SCHEMA (('AUTOMOTIVE_DESIGN { 1 0 10303 214 3 1 1 }'));
ENDSEC;

DATA;
#10=MECHANICAL_DESIGN_GEOMETRIC_PRESENTATION_REPRESENTATION('',(#13),#3510);
#11=SHAPE_REPRESENTATION_RELATIONSHIP('SRR','None',#3517,#12);
#12=ADVANCED_BREP_SHAPE_REPRESENTATION('',(#1471),#3509);
#13=STYLED_ITEM('',(#3526),#1471);
#14=ORIENTED_CLOSED_SHELL('',*,#1470,.F.);
#15=CYLINDRICAL_SURFACE('',#1711,101.007566898431);
#16=CYLINDRICAL_SURFACE('',#1717,100.245566898431);
#17=FACE_BOUND('',#488,.T.);
#18=FACE_BOUND('',#491,.T.);
#19=PLANE('',#1708);
#20=PLANE('',#1714);
#21=PLANE('',#1720);
#22=PLANE('',#1725);
#23=LINE('',#2509,#66);
#24=LINE('',#2723,#67);
#25=LINE('',#2728,#68);
#26=LINE('',#2737,#69);
#27=LINE('',#2745,#70);
#28=LINE('',#2756,#71);
#29=LINE('',#2765,#72);
#30=LINE('',#2773,#73);
#31=LINE('',#2784,#74);
#32=LINE('',#2793,#75);
#33=LINE('',#2801,#76);
#34=LINE('',#2812,#77);
#35=LINE('',#2821,#78);
#36=LINE('',#2829,#79);
#37=LINE('',#2840,#80);
#38=LINE('',#2849,#81);
#39=LINE('',#2857,#82);
#40=LINE('',#2868,#83);
#41=LINE('',#2877,#84);
#42=LINE('',#2885,#85);
#43=LINE('',#2896,#86);
#44=LINE('',#2905,#87);
#45=LINE('',#2913,#88);
#46=LINE('',#2924,#89);
#47=LINE('',#2933,#90);
#48=LINE('',#2941,#91);
#49=LINE('',#2952,#92);
#50=LINE('',#2961,#93);
#51=LINE('',#2969,#94);
#52=LINE('',#2980,#95);
#53=LINE('',#2989,#96);
#54=LINE('',#2997,#97);
#55=LINE('',#3008,#98);
#56=LINE('',#3017,#99);
#57=LINE('',#3025,#100);
#58=LINE('',#3036,#101);
#59=LINE('',#3045,#102);
#60=LINE('',#3053,#103);
#61=LINE('',#3064,#104);
#62=LINE('',#3073,#105);
#63=LINE('',#3081,#106);
#64=LINE('',#3098,#107);
#65=LINE('',#3106,#108);
#66=VECTOR('',#1758,135.657338978983);
#67=VECTOR('',#1785,128.810326459867);
#68=VECTOR('',#1792,124.647598658613);
#69=VECTOR('',#1803,124.399495542895);
#70=VECTOR('',#1812,124.216551401823);
#71=VECTOR('',#1825,123.40538352487);
#72=VECTOR('',#1836,123.154487169014);
#73=VECTOR('',#1845,122.964872817655);
#74=VECTOR('',#1858,122.136261974361);
#75=VECTOR('',#1869,121.882904057968);
#76=VECTOR('',#1878,121.686870162429);
#77=VECTOR('',#1891,120.841911758559);
#78=VECTOR('',#1902,120.586427215362);
#79=VECTOR('',#1911,120.384232928249);
#80=VECTOR('',#1924,119.524043980696);
#81=VECTOR('',#1935,119.266770555783);
#82=VECTOR('',#1944,119.058683173607);
#83=VECTOR('',#1957,118.184400833713);
#84=VECTOR('',#1968,117.925678637035);
#85=VECTOR('',#1977,117.711973246853);
#86=VECTOR('',#1990,116.824753297125);
#87=VECTOR('',#2001,116.564924353877);
#88=VECTOR('',#2010,116.345883469634);
#89=VECTOR('',#2023,115.446898795819);
#90=VECTOR('',#2034,115.186306594293);
#91=VECTOR('',#2043,114.96221978334);
#92=VECTOR('',#2056,114.0526588239);
#93=VECTOR('',#2067,113.791647861399);
#94=VECTOR('',#2076,113.562811361694);
#95=VECTOR('',#2089,112.643876536714);
#96=VECTOR('',#2100,112.382791864132);
#97=VECTOR('',#2109,112.149508192622);
#98=VECTOR('',#2122,111.222414314235);
#99=VECTOR('',#2133,110.961601079911);
#100=VECTOR('',#2142,110.724178632607);
#101=VECTOR('',#2155,109.79015129904);
#102=VECTOR('',#2166,109.529954292478);
#103=VECTOR('',#2175,109.288706936763);
#104=VECTOR('',#2188,108.348980912122);
#105=VECTOR('',#2199,108.089744108185);
#106=VECTOR('',#2208,107.844990767891);
#107=VECTOR('',#2229,101.007566898431);
#108=VECTOR('',#2238,100.245566898431);
#109=CONICAL_SURFACE('',#1498,135.657338978983,0.114220461279059);
#110=CONICAL_SURFACE('',#1511,128.810326459867,0.11422046127906);
#111=CONICAL_SURFACE('',#1514,124.647598658613,0.550552774277682);
#112=CONICAL_SURFACE('',#1517,124.399495542895,1.02024355251723);
#113=CONICAL_SURFACE('',#1520,124.216551401823,0.556173267952302);
#114=CONICAL_SURFACE('',#1529,123.40538352487,0.514191748194433);
#115=CONICAL_SURFACE('',#1532,123.154487169014,1.05660457860047);
#116=CONICAL_SURFACE('',#1535,122.964872817655,0.519812241869138);
#117=CONICAL_SURFACE('',#1544,122.136261974361,0.477830722111292);
#118=CONICAL_SURFACE('',#1547,121.882904057968,1.09296560468366);
#119=CONICAL_SURFACE('',#1550,121.686870162429,0.48345121578582);
#120=CONICAL_SURFACE('',#1559,120.841911758559,0.441469696028043);
#121=CONICAL_SURFACE('',#1562,120.586427215362,1.12932663076689);
#122=CONICAL_SURFACE('',#1565,120.384232928249,0.447090189702567);
#123=CONICAL_SURFACE('',#1574,119.524043980696,0.405108669944792);
#124=CONICAL_SURFACE('',#1577,119.266770555783,1.16568765685009);
#125=CONICAL_SURFACE('',#1580,119.058683173607,0.410729163619233);
#126=CONICAL_SURFACE('',#1589,118.184400833713,0.368747643861473);
#127=CONICAL_SURFACE('',#1592,117.925678637035,1.20204868293331);
#128=CONICAL_SURFACE('',#1595,117.711973246853,0.374368137535985);
#129=CONICAL_SURFACE('',#1604,116.824753297125,0.332386617778447);
#130=CONICAL_SURFACE('',#1607,116.564924353877,1.23840970901651);
#131=CONICAL_SURFACE('',#1610,116.345883469634,0.338007111452816);
#132=CONICAL_SURFACE('',#1619,115.446898795819,0.296025591695279);
#133=CONICAL_SURFACE('',#1622,115.186306594293,1.27477073509973);
#134=CONICAL_SURFACE('',#1625,114.96221978334,0.301646085369573);
#135=CONICAL_SURFACE('',#1634,114.0526588239,0.259664565611829);
#136=CONICAL_SURFACE('',#1637,113.791647861399,1.31113176118296);
#137=CONICAL_SURFACE('',#1640,113.562811361694,0.265285059286396);
#138=CONICAL_SURFACE('',#1649,112.643876536714,0.223303539528607);
#139=CONICAL_SURFACE('',#1652,112.382791864132,1.34749278726618);
#140=CONICAL_SURFACE('',#1655,112.149508192622,0.228924033203203);
#141=CONICAL_SURFACE('',#1664,111.222414314235,0.186942513445485);
#142=CONICAL_SURFACE('',#1667,110.961601079911,1.38385381334939);
#143=CONICAL_SURFACE('',#1670,110.724178632607,0.192563007119971);
#144=CONICAL_SURFACE('',#1679,109.79015129904,0.15058148736224);
#145=CONICAL_SURFACE('',#1682,109.529954292478,1.42021483943261);
#146=CONICAL_SURFACE('',#1685,109.288706936763,0.156201981036802);
#147=CONICAL_SURFACE('',#1694,108.348980912122,0.11422046127905);
#148=CONICAL_SURFACE('',#1697,108.089744108185,1.45657586551582);
#149=CONICAL_SURFACE('',#1700,107.844990767891,0.119840954953684);
#150=TOROIDAL_SURFACE('',#1486,122.798805121415,13.2);
#151=TOROIDAL_SURFACE('',#1493,103.052241914362,40.1519665360069);
#152=TOROIDAL_SURFACE('',#1503,131.852246136339,3.606);
#153=TOROIDAL_SURFACE('',#1512,131.850627815377,3.606);
#154=TOROIDAL_SURFACE('',#1524,103.052241914362,40.1519665360069);
#155=TOROIDAL_SURFACE('',#1539,103.052241914362,40.1519665360069);
#156=TOROIDAL_SURFACE('',#1554,103.052241914362,40.1519665360069);
#157=TOROIDAL_SURFACE('',#1569,103.052241914362,40.1519665360069);
#158=TOROIDAL_SURFACE('',#1584,103.052241914362,40.1519665360069);
#159=TOROIDAL_SURFACE('',#1599,103.052241914362,40.1519665360069);
#160=TOROIDAL_SURFACE('',#1614,103.052241914362,40.1519665360069);
#161=TOROIDAL_SURFACE('',#1629,103.052241914362,40.1519665360069);
#162=TOROIDAL_SURFACE('',#1644,103.052241914362,40.1519665360069);
#163=TOROIDAL_SURFACE('',#1659,103.052241914362,40.1519665360069);
#164=TOROIDAL_SURFACE('',#1674,103.052241914362,40.1519665360069);
#165=TOROIDAL_SURFACE('',#1689,103.052241914362,40.1519665360069);
#166=TOROIDAL_SURFACE('',#1704,103.052241914362,40.1519665360069);
#167=TOROIDAL_SURFACE('',#1721,103.052241914362,38.5496119780123);
#168=CIRCLE('',#1485,106.291485178968);
#169=CIRCLE('',#1487,132.46988548525);
#170=CIRCLE('',#1488,13.2);
#171=CIRCLE('',#1489,135.912793023268);
#172=CIRCLE('',#1490,135.912793023268);
#173=CIRCLE('',#1491,135.912793023268);
#174=CIRCLE('',#1492,132.46988548525);
#175=CIRCLE('',#1494,124.679233966532);
#176=CIRCLE('',#1495,124.679233966532);
#177=CIRCLE('',#1496,40.1519665360069);
#178=CIRCLE('',#1497,124.679233966532);
#179=CIRCLE('',#1499,135.433130874019);
#180=CIRCLE('',#1500,135.433130874019);
#181=CIRCLE('',#1501,135.433130874019);
#182=CIRCLE('',#1502,106.291485178968);
#183=CIRCLE('',#1504,128.269743077697);
#184=CIRCLE('',#1505,128.269743077697);
#185=CIRCLE('',#1506,3.606);
#186=CIRCLE('',#1507,131.850627815377);
#187=CIRCLE('',#1508,131.850627815377);
#188=CIRCLE('',#1509,131.850627815377);
#189=CIRCLE('',#1510,128.269743077697);
#190=CIRCLE('',#1513,3.606);
#191=CIRCLE('',#1515,124.615963350693);
#192=CIRCLE('',#1516,124.615963350693);
#193=CIRCLE('',#1518,124.183027735098);
#194=CIRCLE('',#1519,124.183027735098);
#195=CIRCLE('',#1521,124.250075071899);
#196=CIRCLE('',#1522,124.250075071899);
#197=CIRCLE('',#1523,124.250075071899);
#198=CIRCLE('',#1525,123.435124486064);
#199=CIRCLE('',#1526,123.435124486064);
#200=CIRCLE('',#1527,40.1519665360069);
#201=CIRCLE('',#1528,123.435124486064);
#202=CIRCLE('',#1530,123.375642563677);
#203=CIRCLE('',#1531,123.375642563677);
#204=CIRCLE('',#1533,122.933331774352);
#205=CIRCLE('',#1534,122.933331774352);
#206=CIRCLE('',#1536,122.99641386411);
#207=CIRCLE('',#1537,122.99641386411);
#208=CIRCLE('',#1538,122.99641386411);
#209=CIRCLE('',#1540,122.164069271916);
#210=CIRCLE('',#1541,122.164069271916);
#211=CIRCLE('',#1542,40.1519665360069);
#212=CIRCLE('',#1543,122.164069271916);
#213=CIRCLE('',#1545,122.108454676806);
#214=CIRCLE('',#1546,122.108454676806);
#215=CIRCLE('',#1548,121.65735343913);
#216=CIRCLE('',#1549,121.65735343913);
#217=CIRCLE('',#1551,121.716386888677);
#218=CIRCLE('',#1552,121.716386888677);
#219=CIRCLE('',#1553,121.716386888677);
#220=CIRCLE('',#1555,120.867748631824);
#221=CIRCLE('',#1556,120.867748631824);
#222=CIRCLE('',#1557,40.1519665360069);
#223=CIRCLE('',#1558,120.867748631824);
#224=CIRCLE('',#1560,120.816074885294);
#225=CIRCLE('',#1561,120.816074885294);
#226=CIRCLE('',#1563,120.356779545431);
#227=CIRCLE('',#1564,120.356779545431);
#228=CIRCLE('',#1566,120.41168631381);
#229=CIRCLE('',#1567,120.41168631381);
#230=CIRCLE('',#1568,120.41168631381);
#231=CIRCLE('',#1570,119.547876273879);
#232=CIRCLE('',#1571,119.547876273879);
#233=CIRCLE('',#1572,40.1519665360069);
#234=CIRCLE('',#1573,119.547876273879);
#235=CIRCLE('',#1575,119.500211687513);
#236=CIRCLE('',#1576,119.500211687513);
#237=CIRCLE('',#1578,119.033329424052);
#238=CIRCLE('',#1579,119.033329424052);
#239=CIRCLE('',#1581,119.084036925695);
#240=CIRCLE('',#1582,119.084036925695);
#241=CIRCLE('',#1583,119.084036925695);
#242=CIRCLE('',#1585,118.206197041033);
#243=CIRCLE('',#1586,118.206197041033);
#244=CIRCLE('',#1587,40.1519665360069);
#245=CIRCLE('',#1588,118.206197041033);
#246=CIRCLE('',#1590,118.162604626393);
#247=CIRCLE('',#1591,118.162604626393);
#248=CIRCLE('',#1593,117.688752647676);
#249=CIRCLE('',#1594,117.688752647676);
#250=CIRCLE('',#1596,117.735193848351);
#251=CIRCLE('',#1597,117.735193848351);
#252=CIRCLE('',#1598,117.735193848351);
#253=CIRCLE('',#1600,116.844484604463);
#254=CIRCLE('',#1601,116.844484604463);
#255=CIRCLE('',#1602,40.1519665360069);
#256=CIRCLE('',#1603,116.844484604463);
#257=CIRCLE('',#1605,116.805021989787);
#258=CIRCLE('',#1606,116.805021989787);
#259=CIRCLE('',#1608,116.324826717967);
#260=CIRCLE('',#1609,116.324826717967);
#261=CIRCLE('',#1611,116.366940223404);
#262=CIRCLE('',#1612,116.366940223404);
#263=CIRCLE('',#1613,116.366940223404);
#264=CIRCLE('',#1615,115.464539118811);
#265=CIRCLE('',#1616,115.464539118811);
#266=CIRCLE('',#1617,40.1519665360069);
#267=CIRCLE('',#1618,115.464539118811);
#268=CIRCLE('',#1620,115.429258472827);
#269=CIRCLE('',#1621,115.429258472827);
#270=CIRCLE('',#1623,114.943354715759);
#271=CIRCLE('',#1624,114.943354715759);
#272=CIRCLE('',#1626,114.981084852806);
#273=CIRCLE('',#1627,114.981084852806);
#274=CIRCLE('',#1628,114.981084852806);
#275=CIRCLE('',#1630,114.068184842416);
#276=CIRCLE('',#1631,114.068184842416);
#277=CIRCLE('',#1632,40.1519665360069);
#278=CIRCLE('',#1633,114.068184842416);
#279=CIRCLE('',#1635,114.037132805384);
#280=CIRCLE('',#1636,114.037132805384);
#281=CIRCLE('',#1638,113.546162917413);
#282=CIRCLE('',#1639,113.546162917413);
#283=CIRCLE('',#1641,113.579459807639);
#284=CIRCLE('',#1642,113.579459807639);
#285=CIRCLE('',#1643,113.579459807639);
#286=CIRCLE('',#1645,112.657267725691);
#287=CIRCLE('',#1646,112.657267725691);
#288=CIRCLE('',#1647,40.1519665360069);
#289=CIRCLE('',#1648,112.657267725691);
#290=CIRCLE('',#1650,112.630485347737);
#291=CIRCLE('',#1651,112.630485347737);
#292=CIRCLE('',#1653,112.135098380527);
#293=CIRCLE('',#1654,112.135098380527);
#294=CIRCLE('',#1656,112.163918006157);
#295=CIRCLE('',#1657,112.163918006157);
#296=CIRCLE('',#1658,112.163918006157);
#297=CIRCLE('',#1660,111.233652970808);
#298=CIRCLE('',#1661,111.233652970808);
#299=CIRCLE('',#1662,40.1519665360069);
#300=CIRCLE('',#1663,111.233652970808);
#301=CIRCLE('',#1665,111.211175657661);
#302=CIRCLE('',#1666,111.211175657661);
#303=CIRCLE('',#1668,110.712026502161);
#304=CIRCLE('',#1669,110.712026502161);
#305=CIRCLE('',#1671,110.736330764267);
#306=CIRCLE('',#1672,110.736330764267);
#307=CIRCLE('',#1673,110.736330764267);
#308=CIRCLE('',#1675,109.799222565946);
#309=CIRCLE('',#1676,109.799222565946);
#310=CIRCLE('',#1677,40.1519665360069);
#311=CIRCLE('',#1678,109.799222565946);
#312=CIRCLE('',#1680,109.781080032133);
#313=CIRCLE('',#1681,109.781080032133);
#314=CIRCLE('',#1683,109.278828552823);
#315=CIRCLE('',#1684,109.278828552823);
#316=CIRCLE('',#1686,109.298585321691);
#317=CIRCLE('',#1687,109.298585321691);
#318=CIRCLE('',#1688,109.298585321691);
#319=CIRCLE('',#1690,108.355872797342);
#320=CIRCLE('',#1691,108.355872797342);
#321=CIRCLE('',#1692,40.1519665360069);
#322=CIRCLE('',#1693,108.355872797342);
#323=CIRCLE('',#1695,108.342089026902);
#324=CIRCLE('',#1696,108.342089026902);
#325=CIRCLE('',#1698,107.837399189467);
#326=CIRCLE('',#1699,107.837399189467);
#327=CIRCLE('',#1701,107.852582346316);
#328=CIRCLE('',#1702,107.852582346316);
#329=CIRCLE('',#1703,107.852582346316);
#330=CIRCLE('',#1705,103.052241914361);
#331=CIRCLE('',#1706,103.052241914361);
#332=CIRCLE('',#1707,40.1519665360069);
#333=CIRCLE('',#1709,101.007566898431);
#334=CIRCLE('',#1710,101.007566898431);
#335=CIRCLE('',#1712,101.007566898431);
#336=CIRCLE('',#1713,101.007566898431);
#337=CIRCLE('',#1715,100.245566898431);
#338=CIRCLE('',#1716,100.245566898431);
#339=CIRCLE('',#1718,100.245566898431);
#340=CIRCLE('',#1719,100.245566898431);
#341=CIRCLE('',#1722,103.052241914362);
#342=CIRCLE('',#1723,38.5496119780123);
#343=CIRCLE('',#1724,103.052241914362);
#344=CIRCLE('',#1726,119.254843766905);
#345=CIRCLE('',#1727,119.254843766905);
#346=(
BOUNDED_SURFACE()
B_SPLINE_SURFACE(3,2,((#2374,#2375,#2376,#2377,#2378,#2379,#2380,#2381,
#2382),(#2383,#2384,#2385,#2386,#2387,#2388,#2389,#2390,#2391),(#2392,#2393,
#2394,#2395,#2396,#2397,#2398,#2399,#2400),(#2401,#2402,#2403,#2404,#2405,
#2406,#2407,#2408,#2409),(#2410,#2411,#2412,#2413,#2414,#2415,#2416,#2417,
#2418),(#2419,#2420,#2421,#2422,#2423,#2424,#2425,#2426,#2427),(#2428,#2429,
#2430,#2431,#2432,#2433,#2434,#2435,#2436),(#2437,#2438,#2439,#2440,#2441,
#2442,#2443,#2444,#2445),(#2446,#2447,#2448,#2449,#2450,#2451,#2452,#2453,
#2454),(#2455,#2456,#2457,#2458,#2459,#2460,#2461,#2462,#2463)),
 .UNSPECIFIED.,.F.,.T.,.F.)
B_SPLINE_SURFACE_WITH_KNOTS((4,3,3,4),(3,2,2,2,3),(0.,0.778928952407296,
1.31550053123585,1.31560566174123),(0.,1.5707963267949,3.14159265358979,
4.71238898038469,6.28318530717959),.UNSPECIFIED.)
GEOMETRIC_REPRESENTATION_ITEM()
RATIONAL_B_SPLINE_SURFACE(((1.,0.707106781186548,1.,0.707106781186548,1.,
0.707106781186548,1.,0.707106781186548,1.),(1.,0.707106781186548,1.,0.707106781186548,
1.,0.707106781186548,1.,0.707106781186548,1.),(1.,0.707106781186548,1.,
0.707106781186548,1.,0.707106781186548,1.,0.707106781186548,1.),(1.,0.707106781186548,
1.,0.707106781186548,1.,0.707106781186548,1.,0.707106781186548,1.),(1.,
0.707106781186548,1.,0.707106781186548,1.,0.707106781186548,1.,0.707106781186548,
1.),(1.,0.707106781186548,1.,0.707106781186548,1.,0.707106781186548,1.,
0.707106781186548,1.),(1.,0.707106781186548,1.,0.707106781186548,1.,0.707106781186548,
1.,0.707106781186548,1.),(1.,0.707106781186548,1.,0.707106781186548,1.,
0.707106781186548,1.,0.707106781186548,1.),(1.,0.707106781186548,1.,0.707106781186548,
1.,0.707106781186548,1.,0.707106781186548,1.),(1.,0.707106781186548,1.,
0.707106781186548,1.,0.707106781186548,1.,0.707106781186548,1.)))
REPRESENTATION_ITEM('')
SURFACE()
);
#347=(
BOUNDED_SURFACE()
B_SPLINE_SURFACE(3,2,((#2617,#2618,#2619,#2620,#2621,#2622,#2623,#2624,
#2625),(#2626,#2627,#2628,#2629,#2630,#2631,#2632,#2633,#2634),(#2635,#2636,
#2637,#2638,#2639,#2640,#2641,#2642,#2643),(#2644,#2645,#2646,#2647,#2648,
#2649,#2650,#2651,#2652),(#2653,#2654,#2655,#2656,#2657,#2658,#2659,#2660,
#2661),(#2662,#2663,#2664,#2665,#2666,#2667,#2668,#2669,#2670),(#2671,#2672,
#2673,#2674,#2675,#2676,#2677,#2678,#2679),(#2680,#2681,#2682,#2683,#2684,
#2685,#2686,#2687,#2688),(#2689,#2690,#2691,#2692,#2693,#2694,#2695,#2696,
#2697),(#2698,#2699,#2700,#2701,#2702,#2703,#2704,#2705,#2706)),
 .UNSPECIFIED.,.F.,.T.,.F.)
B_SPLINE_SURFACE_WITH_KNOTS((4,3,3,4),(3,2,2,2,3),(0.,0.778928952407296,
1.31550053123585,1.31560566174123),(0.,1.5707963267949,3.14159265358979,
4.71238898038469,6.28318530717959),.UNSPECIFIED.)
GEOMETRIC_REPRESENTATION_ITEM()
RATIONAL_B_SPLINE_SURFACE(((1.,0.707106781186548,1.,0.707106781186548,1.,
0.707106781186548,1.,0.707106781186548,1.),(1.,0.707106781186548,1.,0.707106781186548,
1.,0.707106781186548,1.,0.707106781186548,1.),(1.,0.707106781186548,1.,
0.707106781186548,1.,0.707106781186548,1.,0.707106781186548,1.),(1.,0.707106781186548,
1.,0.707106781186548,1.,0.707106781186548,1.,0.707106781186548,1.),(1.,
0.707106781186548,1.,0.707106781186548,1.,0.707106781186548,1.,0.707106781186548,
1.),(1.,0.707106781186548,1.,0.707106781186548,1.,0.707106781186548,1.,
0.707106781186548,1.),(1.,0.707106781186548,1.,0.707106781186548,1.,0.707106781186548,
1.,0.707106781186548,1.),(1.,0.707106781186548,1.,0.707106781186548,1.,
0.707106781186548,1.,0.707106781186548,1.),(1.,0.707106781186548,1.,0.707106781186548,
1.,0.707106781186548,1.,0.707106781186548,1.),(1.,0.707106781186548,1.,
0.707106781186548,1.,0.707106781186548,1.,0.707106781186548,1.)))
REPRESENTATION_ITEM('')
SURFACE()
);
#348=(
BOUNDED_SURFACE()
B_SPLINE_SURFACE(3,2,((#3118,#3119,#3120,#3121,#3122,#3123,#3124,#3125,
#3126),(#3127,#3128,#3129,#3130,#3131,#3132,#3133,#3134,#3135),(#3136,#3137,
#3138,#3139,#3140,#3141,#3142,#3143,#3144),(#3145,#3146,#3147,#3148,#3149,
#3150,#3151,#3152,#3153),(#3154,#3155,#3156,#3157,#3158,#3159,#3160,#3161,
#3162),(#3163,#3164,#3165,#3166,#3167,#3168,#3169,#3170,#3171)),
 .UNSPECIFIED.,.F.,.T.,.F.)
B_SPLINE_SURFACE_WITH_KNOTS((4,2,4),(3,2,2,2,3),(-1.31550053123585,-0.778928952407296,
0.),(0.,1.5707963267949,3.14159265358979,4.71238898038469,6.28318530717959),
 .UNSPECIFIED.)
GEOMETRIC_REPRESENTATION_ITEM()
RATIONAL_B_SPLINE_SURFACE(((1.,0.707106781186548,1.,0.707106781186548,1.,
0.707106781186548,1.,0.707106781186548,1.),(1.,0.707106781186548,1.,0.707106781186548,
1.,0.707106781186548,1.,0.707106781186548,1.),(1.,0.707106781186548,1.,
0.707106781186548,1.,0.707106781186548,1.,0.707106781186548,1.),(1.,0.707106781186548,
1.,0.707106781186548,1.,0.707106781186548,1.,0.707106781186548,1.),(1.,
0.707106781186548,1.,0.707106781186548,1.,0.707106781186548,1.,0.707106781186548,
1.),(1.,0.707106781186548,1.,0.707106781186548,1.,0.707106781186548,1.,
0.707106781186548,1.)))
REPRESENTATION_ITEM('')
SURFACE()
);
#349=(
BOUNDED_SURFACE()
B_SPLINE_SURFACE(5,2,((#3210,#3211,#3212,#3213,#3214,#3215,#3216,#3217,
#3218),(#3219,#3220,#3221,#3222,#3223,#3224,#3225,#3226,#3227),(#3228,#3229,
#3230,#3231,#3232,#3233,#3234,#3235,#3236),(#3237,#3238,#3239,#3240,#3241,
#3242,#3243,#3244,#3245),(#3246,#3247,#3248,#3249,#3250,#3251,#3252,#3253,
#3254),(#3255,#3256,#3257,#3258,#3259,#3260,#3261,#3262,#3263),(#3264,#3265,
#3266,#3267,#3268,#3269,#3270,#3271,#3272),(#3273,#3274,#3275,#3276,#3277,
#3278,#3279,#3280,#3281),(#3282,#3283,#3284,#3285,#3286,#3287,#3288,#3289,
#3290),(#3291,#3292,#3293,#3294,#3295,#3296,#3297,#3298,#3299)),
 .UNSPECIFIED.,.F.,.T.,.F.)
B_SPLINE_SURFACE_WITH_KNOTS((6,1,1,1,1,6),(3,2,2,2,3),(-1.,-0.8,-0.6,-0.4,
-0.2,0.),(0.,1.5707963267949,3.14159265358979,4.71238898038469,6.28318530717959),
 .UNSPECIFIED.)
GEOMETRIC_REPRESENTATION_ITEM()
RATIONAL_B_SPLINE_SURFACE(((1.,0.707106781186548,1.,0.707106781186548,1.,
0.707106781186548,1.,0.707106781186548,1.),(1.,0.707106781186548,1.,0.707106781186548,
1.,0.707106781186548,1.,0.707106781186548,1.),(1.,0.707106781186548,1.,
0.707106781186548,1.,0.707106781186548,1.,0.707106781186548,1.),(1.,0.707106781186548,
1.,0.707106781186548,1.,0.707106781186548,1.,0.707106781186548,1.),(1.,
0.707106781186548,1.,0.707106781186548,1.,0.707106781186548,1.,0.707106781186548,
1.),(1.,0.707106781186548,1.,0.707106781186548,1.,0.707106781186548,1.,
0.707106781186548,1.),(1.,0.707106781186548,1.,0.707106781186548,1.,0.707106781186548,
1.,0.707106781186548,1.),(1.,0.707106781186548,1.,0.707106781186548,1.,
0.707106781186548,1.,0.707106781186548,1.),(1.,0.707106781186548,1.,0.707106781186548,
1.,0.707106781186548,1.,0.707106781186548,1.),(1.,0.707106781186548,1.,
0.707106781186548,1.,0.707106781186548,1.,0.707106781186548,1.)))
REPRESENTATION_ITEM('')
SURFACE()
);
#350=(
BOUNDED_SURFACE()
B_SPLINE_SURFACE(3,2,((#3338,#3339,#3340,#3341,#3342,#3343,#3344,#3345,
#3346),(#3347,#3348,#3349,#3350,#3351,#3352,#3353,#3354,#3355),(#3356,#3357,
#3358,#3359,#3360,#3361,#3362,#3363,#3364),(#3365,#3366,#3367,#3368,#3369,
#3370,#3371,#3372,#3373),(#3374,#3375,#3376,#3377,#3378,#3379,#3380,#3381,
#3382),(#3383,#3384,#3385,#3386,#3387,#3388,#3389,#3390,#3391)),
 .UNSPECIFIED.,.F.,.T.,.F.)
B_SPLINE_SURFACE_WITH_KNOTS((4,2,4),(3,2,2,2,3),(-1.31550053123585,-0.778928952407296,
0.),(0.,1.5707963267949,3.14159265358979,4.71238898038469,6.28318530717959),
 .UNSPECIFIED.)
GEOMETRIC_REPRESENTATION_ITEM()
RATIONAL_B_SPLINE_SURFACE(((1.,0.707106781186548,1.,0.707106781186548,1.,
0.707106781186548,1.,0.707106781186548,1.),(1.,0.707106781186548,1.,0.707106781186548,
1.,0.707106781186548,1.,0.707106781186548,1.),(1.,0.707106781186548,1.,
0.707106781186548,1.,0.707106781186548,1.,0.707106781186548,1.),(1.,0.707106781186548,
1.,0.707106781186548,1.,0.707106781186548,1.,0.707106781186548,1.),(1.,
0.707106781186548,1.,0.707106781186548,1.,0.707106781186548,1.,0.707106781186548,
1.),(1.,0.707106781186548,1.,0.707106781186548,1.,0.707106781186548,1.,
0.707106781186548,1.)))
REPRESENTATION_ITEM('')
SURFACE()
);
#351=(
BOUNDED_SURFACE()
B_SPLINE_SURFACE(5,2,((#3417,#3418,#3419,#3420,#3421,#3422,#3423,#3424,
#3425),(#3426,#3427,#3428,#3429,#3430,#3431,#3432,#3433,#3434),(#3435,#3436,
#3437,#3438,#3439,#3440,#3441,#3442,#3443),(#3444,#3445,#3446,#3447,#3448,
#3449,#3450,#3451,#3452),(#3453,#3454,#3455,#3456,#3457,#3458,#3459,#3460,
#3461),(#3462,#3463,#3464,#3465,#3466,#3467,#3468,#3469,#3470),(#3471,#3472,
#3473,#3474,#3475,#3476,#3477,#3478,#3479),(#3480,#3481,#3482,#3483,#3484,
#3485,#3486,#3487,#3488),(#3489,#3490,#3491,#3492,#3493,#3494,#3495,#3496,
#3497),(#3498,#3499,#3500,#3501,#3502,#3503,#3504,#3505,#3506)),
 .UNSPECIFIED.,.F.,.T.,.F.)
B_SPLINE_SURFACE_WITH_KNOTS((6,1,1,1,1,6),(3,2,2,2,3),(-1.,-0.8,-0.6,-0.4,
-0.2,0.),(0.,1.5707963267949,3.14159265358979,4.71238898038469,6.28318530717959),
 .UNSPECIFIED.)
GEOMETRIC_REPRESENTATION_ITEM()
RATIONAL_B_SPLINE_SURFACE(((1.,0.707106781186548,1.,0.707106781186548,1.,
0.707106781186548,1.,0.707106781186548,1.),(1.,0.707106781186548,1.,0.707106781186548,
1.,0.707106781186548,1.,0.707106781186548,1.),(1.,0.707106781186548,1.,
0.707106781186548,1.,0.707106781186548,1.,0.707106781186548,1.),(1.,0.707106781186548,
1.,0.707106781186548,1.,0.707106781186548,1.,0.707106781186548,1.),(1.,
0.707106781186548,1.,0.707106781186548,1.,0.707106781186548,1.,0.707106781186548,
1.),(1.,0.707106781186548,1.,0.707106781186548,1.,0.707106781186548,1.,
0.707106781186548,1.),(1.,0.707106781186548,1.,0.707106781186548,1.,0.707106781186548,
1.,0.707106781186548,1.),(1.,0.707106781186548,1.,0.707106781186548,1.,
0.707106781186548,1.,0.707106781186548,1.),(1.,0.707106781186548,1.,0.707106781186548,
1.,0.707106781186548,1.,0.707106781186548,1.),(1.,0.707106781186548,1.,
0.707106781186548,1.,0.707106781186548,1.,0.707106781186548,1.)))
REPRESENTATION_ITEM('')
SURFACE()
);
#352=FACE_OUTER_BOUND('',#425,.T.);
#353=FACE_OUTER_BOUND('',#426,.T.);
#354=FACE_OUTER_BOUND('',#427,.T.);
#355=FACE_OUTER_BOUND('',#428,.T.);
#356=FACE_OUTER_BOUND('',#429,.T.);
#357=FACE_OUTER_BOUND('',#430,.T.);
#358=FACE_OUTER_BOUND('',#431,.T.);
#359=FACE_OUTER_BOUND('',#432,.T.);
#360=FACE_OUTER_BOUND('',#433,.T.);
#361=FACE_OUTER_BOUND('',#434,.T.);
#362=FACE_OUTER_BOUND('',#435,.T.);
#363=FACE_OUTER_BOUND('',#436,.T.);
#364=FACE_OUTER_BOUND('',#437,.T.);
#365=FACE_OUTER_BOUND('',#438,.T.);
#366=FACE_OUTER_BOUND('',#439,.T.);
#367=FACE_OUTER_BOUND('',#440,.T.);
#368=FACE_OUTER_BOUND('',#441,.T.);
#369=FACE_OUTER_BOUND('',#442,.T.);
#370=FACE_OUTER_BOUND('',#443,.T.);
#371=FACE_OUTER_BOUND('',#444,.T.);
#372=FACE_OUTER_BOUND('',#445,.T.);
#373=FACE_OUTER_BOUND('',#446,.T.);
#374=FACE_OUTER_BOUND('',#447,.T.);
#375=FACE_OUTER_BOUND('',#448,.T.);
#376=FACE_OUTER_BOUND('',#449,.T.);
#377=FACE_OUTER_BOUND('',#450,.T.);
#378=FACE_OUTER_BOUND('',#451,.T.);
#379=FACE_OUTER_BOUND('',#452,.T.);
#380=FACE_OUTER_BOUND('',#453,.T.);
#381=FACE_OUTER_BOUND('',#454,.T.);
#382=FACE_OUTER_BOUND('',#455,.T.);
#383=FACE_OUTER_BOUND('',#456,.T.);
#384=FACE_OUTER_BOUND('',#457,.T.);
#385=FACE_OUTER_BOUND('',#458,.T.);
#386=FACE_OUTER_BOUND('',#459,.T.);
#387=FACE_OUTER_BOUND('',#460,.T.);
#388=FACE_OUTER_BOUND('',#461,.T.);
#389=FACE_OUTER_BOUND('',#462,.T.);
#390=FACE_OUTER_BOUND('',#463,.T.);
#391=FACE_OUTER_BOUND('',#464,.T.);
#392=FACE_OUTER_BOUND('',#465,.T.);
#393=FACE_OUTER_BOUND('',#466,.T.);
#394=FACE_OUTER_BOUND('',#467,.T.);
#395=FACE_OUTER_BOUND('',#468,.T.);
#396=FACE_OUTER_BOUND('',#469,.T.);
#397=FACE_OUTER_BOUND('',#470,.T.);
#398=FACE_OUTER_BOUND('',#471,.T.);
#399=FACE_OUTER_BOUND('',#472,.T.);
#400=FACE_OUTER_BOUND('',#473,.T.);
#401=FACE_OUTER_BOUND('',#474,.T.);
#402=FACE_OUTER_BOUND('',#475,.T.);
#403=FACE_OUTER_BOUND('',#476,.T.);
#404=FACE_OUTER_BOUND('',#477,.T.);
#405=FACE_OUTER_BOUND('',#478,.T.);
#406=FACE_OUTER_BOUND('',#479,.T.);
#407=FACE_OUTER_BOUND('',#480,.T.);
#408=FACE_OUTER_BOUND('',#481,.T.);
#409=FACE_OUTER_BOUND('',#482,.T.);
#410=FACE_OUTER_BOUND('',#483,.T.);
#411=FACE_OUTER_BOUND('',#484,.T.);
#412=FACE_OUTER_BOUND('',#485,.T.);
#413=FACE_OUTER_BOUND('',#486,.T.);
#414=FACE_OUTER_BOUND('',#487,.T.);
#415=FACE_OUTER_BOUND('',#489,.T.);
#416=FACE_OUTER_BOUND('',#490,.T.);
#417=FACE_OUTER_BOUND('',#492,.T.);
#418=FACE_OUTER_BOUND('',#493,.T.);
#419=FACE_OUTER_BOUND('',#494,.T.);
#420=FACE_OUTER_BOUND('',#495,.T.);
#421=FACE_OUTER_BOUND('',#496,.T.);
#422=FACE_OUTER_BOUND('',#497,.T.);
#423=FACE_OUTER_BOUND('',#498,.T.);
#424=FACE_OUTER_BOUND('',#499,.T.);
#425=EDGE_LOOP('',(#920,#921,#922,#923));
#426=EDGE_LOOP('',(#924,#925,#926,#927));
#427=EDGE_LOOP('',(#928,#929,#930,#931,#932,#933,#934));
#428=EDGE_LOOP('',(#935,#936,#937,#938,#939,#940,#941));
#429=EDGE_LOOP('',(#942,#943,#944,#945,#946,#947,#948,#949));
#430=EDGE_LOOP('',(#950,#951,#952,#953));
#431=EDGE_LOOP('',(#954,#955,#956,#957));
#432=EDGE_LOOP('',(#958,#959,#960,#961,#962,#963,#964,#965));
#433=EDGE_LOOP('',(#966,#967,#968,#969,#970,#971,#972));
#434=EDGE_LOOP('',(#973,#974,#975,#976,#977,#978,#979,#980));
#435=EDGE_LOOP('',(#981,#982,#983,#984,#985,#986,#987));
#436=EDGE_LOOP('',(#988,#989,#990,#991,#992,#993));
#437=EDGE_LOOP('',(#994,#995,#996,#997,#998,#999,#1000));
#438=EDGE_LOOP('',(#1001,#1002,#1003,#1004,#1005,#1006,#1007,#1008));
#439=EDGE_LOOP('',(#1009,#1010,#1011,#1012,#1013,#1014,#1015));
#440=EDGE_LOOP('',(#1016,#1017,#1018,#1019,#1020,#1021));
#441=EDGE_LOOP('',(#1022,#1023,#1024,#1025,#1026,#1027,#1028));
#442=EDGE_LOOP('',(#1029,#1030,#1031,#1032,#1033,#1034,#1035,#1036));
#443=EDGE_LOOP('',(#1037,#1038,#1039,#1040,#1041,#1042,#1043));
#444=EDGE_LOOP('',(#1044,#1045,#1046,#1047,#1048,#1049));
#445=EDGE_LOOP('',(#1050,#1051,#1052,#1053,#1054,#1055,#1056));
#446=EDGE_LOOP('',(#1057,#1058,#1059,#1060,#1061,#1062,#1063,#1064));
#447=EDGE_LOOP('',(#1065,#1066,#1067,#1068,#1069,#1070,#1071));
#448=EDGE_LOOP('',(#1072,#1073,#1074,#1075,#1076,#1077));
#449=EDGE_LOOP('',(#1078,#1079,#1080,#1081,#1082,#1083,#1084));
#450=EDGE_LOOP('',(#1085,#1086,#1087,#1088,#1089,#1090,#1091,#1092));
#451=EDGE_LOOP('',(#1093,#1094,#1095,#1096,#1097,#1098,#1099));
#452=EDGE_LOOP('',(#1100,#1101,#1102,#1103,#1104,#1105));
#453=EDGE_LOOP('',(#1106,#1107,#1108,#1109,#1110,#1111,#1112));
#454=EDGE_LOOP('',(#1113,#1114,#1115,#1116,#1117,#1118,#1119,#1120));
#455=EDGE_LOOP('',(#1121,#1122,#1123,#1124,#1125,#1126,#1127));
#456=EDGE_LOOP('',(#1128,#1129,#1130,#1131,#1132,#1133));
#457=EDGE_LOOP('',(#1134,#1135,#1136,#1137,#1138,#1139,#1140));
#458=EDGE_LOOP('',(#1141,#1142,#1143,#1144,#1145,#1146,#1147,#1148));
#459=EDGE_LOOP('',(#1149,#1150,#1151,#1152,#1153,#1154,#1155));
#460=EDGE_LOOP('',(#1156,#1157,#1158,#1159,#1160,#1161));
#461=EDGE_LOOP('',(#1162,#1163,#1164,#1165,#1166,#1167,#1168));
#462=EDGE_LOOP('',(#1169,#1170,#1171,#1172,#1173,#1174,#1175,#1176));
#463=EDGE_LOOP('',(#1177,#1178,#1179,#1180,#1181,#1182,#1183));
#464=EDGE_LOOP('',(#1184,#1185,#1186,#1187,#1188,#1189));
#465=EDGE_LOOP('',(#1190,#1191,#1192,#1193,#1194,#1195,#1196));
#466=EDGE_LOOP('',(#1197,#1198,#1199,#1200,#1201,#1202,#1203,#1204));
#467=EDGE_LOOP('',(#1205,#1206,#1207,#1208,#1209,#1210,#1211));
#468=EDGE_LOOP('',(#1212,#1213,#1214,#1215,#1216,#1217));
#469=EDGE_LOOP('',(#1218,#1219,#1220,#1221,#1222,#1223,#1224));
#470=EDGE_LOOP('',(#1225,#1226,#1227,#1228,#1229,#1230,#1231,#1232));
#471=EDGE_LOOP('',(#1233,#1234,#1235,#1236,#1237,#1238,#1239));
#472=EDGE_LOOP('',(#1240,#1241,#1242,#1243,#1244,#1245));
#473=EDGE_LOOP('',(#1246,#1247,#1248,#1249,#1250,#1251,#1252));
#474=EDGE_LOOP('',(#1253,#1254,#1255,#1256,#1257,#1258,#1259,#1260));
#475=EDGE_LOOP('',(#1261,#1262,#1263,#1264,#1265,#1266,#1267));
#476=EDGE_LOOP('',(#1268,#1269,#1270,#1271,#1272,#1273));
#477=EDGE_LOOP('',(#1274,#1275,#1276,#1277,#1278,#1279,#1280));
#478=EDGE_LOOP('',(#1281,#1282,#1283,#1284,#1285,#1286,#1287,#1288));
#479=EDGE_LOOP('',(#1289,#1290,#1291,#1292,#1293,#1294,#1295));
#480=EDGE_LOOP('',(#1296,#1297,#1298,#1299,#1300,#1301));
#481=EDGE_LOOP('',(#1302,#1303,#1304,#1305,#1306,#1307,#1308));
#482=EDGE_LOOP('',(#1309,#1310,#1311,#1312,#1313,#1314,#1315,#1316));
#483=EDGE_LOOP('',(#1317,#1318,#1319,#1320,#1321,#1322,#1323));
#484=EDGE_LOOP('',(#1324,#1325,#1326,#1327,#1328,#1329));
#485=EDGE_LOOP('',(#1330,#1331,#1332,#1333,#1334,#1335,#1336));
#486=EDGE_LOOP('',(#1337,#1338,#1339,#1340,#1341,#1342,#1343));
#487=EDGE_LOOP('',(#1344,#1345));
#488=EDGE_LOOP('',(#1346,#1347));
#489=EDGE_LOOP('',(#1348,#1349,#1350,#1351,#1352,#1353));
#490=EDGE_LOOP('',(#1354,#1355));
#491=EDGE_LOOP('',(#1356,#1357));
#492=EDGE_LOOP('',(#1358,#1359,#1360,#1361,#1362,#1363));
#493=EDGE_LOOP('',(#1364,#1365));
#494=EDGE_LOOP('',(#1366,#1367,#1368,#1369,#1370,#1371));
#495=EDGE_LOOP('',(#1372,#1373));
#496=EDGE_LOOP('',(#1374,#1375,#1376,#1377,#1378));
#497=EDGE_LOOP('',(#1379,#1380,#1381,#1382,#1383));
#498=EDGE_LOOP('',(#1384,#1385,#1386,#1387,#1388));
#499=EDGE_LOOP('',(#1389,#1390,#1391,#1392,#1393));
#500=B_SPLINE_CURVE_WITH_KNOTS('',3,(#2330,#2331,#2332,#2333),
 .UNSPECIFIED.,.F.,.F.,(4,4),(1.38777878078145E-17,0.187089500311025),
 .UNSPECIFIED.);
#501=B_SPLINE_CURVE_WITH_KNOTS('',3,(#2335,#2336,#2337,#2338,#2339,#2340,
#2341,#2342,#2343,#2344,#2345,#2346,#2347,#2348,#2349,#2350,#2351),
 .UNSPECIFIED.,.F.,.F.,(4,1,1,1,1,1,1,1,1,1,1,1,1,1,4),(-40.1200553672939,
-37.2543371267729,-34.3886188862519,-31.5229006457309,-28.6571824052099,
-25.7914641646889,-22.9257459241679,-21.0152670971539,-17.1943094431259,
-13.373351789098,-11.462872962084,-8.59715472156297,-5.73143648104198,-2.86571824052099,
6.60106770377716E-16),.UNSPECIFIED.);
#502=B_SPLINE_CURVE_WITH_KNOTS('',3,(#2353,#2354,#2355,#2356),
 .UNSPECIFIED.,.F.,.F.,(4,4),(0.,0.187089500311027),.UNSPECIFIED.);
#503=B_SPLINE_CURVE_WITH_KNOTS('',3,(#2357,#2358,#2359,#2360,#2361,#2362,
#2363,#2364,#2365,#2366,#2367,#2368,#2369,#2370,#2371,#2372,#2373),
 .UNSPECIFIED.,.F.,.F.,(4,1,1,1,1,1,1,1,1,1,1,1,1,1,4),(-6.60106770377716E-16,
2.86571824052099,5.73143648104198,8.59715472156297,11.462872962084,13.373351789098,
17.1943094431259,21.0152670971539,22.9257459241679,25.7914641646889,28.6571824052099,
31.5229006457309,34.3886188862519,37.2543371267729,40.1200553672939),
 .UNSPECIFIED.);
#504=B_SPLINE_CURVE_WITH_KNOTS('',3,(#2465,#2466,#2467,#2468,#2469,#2470,
#2471,#2472,#2473,#2474),.UNSPECIFIED.,.F.,.F.,(4,3,3,4),(0.0948755363237626,
0.778928952407296,1.31550053123585,1.31560566174123),.UNSPECIFIED.);
#505=B_SPLINE_CURVE_WITH_KNOTS('',3,(#2477,#2478,#2479,#2480,#2481,#2482,
#2483,#2484,#2485,#2486),.UNSPECIFIED.,.F.,.F.,(4,3,3,4),(-1.67818891141307,
-1.67805244434345,-0.981543369852114,-0.0935921056812286),.UNSPECIFIED.);
#506=B_SPLINE_CURVE_WITH_KNOTS('',3,(#2583,#2584,#2585,#2586,#2587,#2588,
#2589,#2590,#2591,#2592,#2593,#2594,#2595,#2596,#2597,#2598,#2599),
 .UNSPECIFIED.,.F.,.F.,(4,1,1,1,1,1,1,1,1,1,1,1,1,1,4),(-6.60106770377716E-16,
2.86571824052099,5.73143648104198,8.59715472156297,11.462872962084,13.373351789098,
17.1943094431259,21.0152670971539,22.9257459241679,25.7914641646889,28.6571824052099,
31.5229006457309,34.3886188862519,37.2543371267729,40.1200553672939),
 .UNSPECIFIED.);
#507=B_SPLINE_CURVE_WITH_KNOTS('',3,(#2600,#2601,#2602,#2603,#2604,#2605,
#2606,#2607,#2608,#2609,#2610,#2611,#2612,#2613,#2614,#2615,#2616),
 .UNSPECIFIED.,.F.,.F.,(4,1,1,1,1,1,1,1,1,1,1,1,1,1,4),(-40.1200553672939,
-37.2543371267729,-34.3886188862519,-31.5229006457309,-28.6571824052099,
-25.7914641646889,-22.9257459241679,-21.0152670971539,-17.1943094431259,
-13.373351789098,-11.462872962084,-8.59715472156297,-5.73143648104198,-2.86571824052099,
6.60106770377716E-16),.UNSPECIFIED.);
#508=B_SPLINE_CURVE_WITH_KNOTS('',3,(#3174,#3175,#3176,#3177),
 .UNSPECIFIED.,.F.,.F.,(4,4),(-2.23114999598695,-1.21984815512055),
 .UNSPECIFIED.);
#509=B_SPLINE_CURVE_WITH_KNOTS('',3,(#3179,#3180,#3181,#3182,#3183,#3184,
#3185,#3186,#3187,#3188,#3189,#3190,#3191,#3192,#3193,#3194,#3195,#3196,
#3197,#3198),.UNSPECIFIED.,.F.,.F.,(4,2,2,2,2,2,2,2,2,4),(0.,5.05402622568802,
10.1080524648303,15.1620786710474,20.2161048717547,25.2701311002816,30.3241573417474,
35.3781835476618,38.0694627693012,40.7607419877781),.UNSPECIFIED.);
#510=B_SPLINE_CURVE_WITH_KNOTS('',3,(#3200,#3201,#3202,#3203),
 .UNSPECIFIED.,.F.,.F.,(4,4),(0.0738027799493087,0.76816849776209),
 .UNSPECIFIED.);
#511=B_SPLINE_CURVE_WITH_KNOTS('',3,(#3205,#3206,#3207,#3208),
 .UNSPECIFIED.,.F.,.F.,(4,4),(0.768168497764808,0.778928952407296),
 .UNSPECIFIED.);
#512=B_SPLINE_CURVE_WITH_KNOTS('',3,(#3300,#3301,#3302,#3303,#3304,#3305,
#3306,#3307,#3308,#3309,#3310,#3311,#3312,#3313,#3314,#3315,#3316,#3317,
#3318,#3319,#3320,#3321,#3322,#3323,#3324,#3325,#3326,#3327,#3328,#3329,
#3330,#3331,#3332,#3333),.UNSPECIFIED.,.F.,.F.,(4,3,3,3,3,3,3,3,3,3,3,4),
(1.00621935548147,1.09689732003062,1.18768561960551,1.27842470305149,1.36789750184854,
1.45551359781014,1.54083085660611,1.62547570764382,1.7013721623251,1.77478019592063,
1.84514224690604,1.87941026075696),.UNSPECIFIED.);
#513=B_SPLINE_CURVE_WITH_KNOTS('',3,(#3334,#3335,#3336,#3337),
 .UNSPECIFIED.,.F.,.F.,(4,4),(0.0738027799495062,0.768168497764808),
 .UNSPECIFIED.);
#514=B_SPLINE_CURVE_WITH_KNOTS('',3,(#3393,#3394,#3395,#3396),
 .UNSPECIFIED.,.F.,.F.,(4,4),(0.768168497764808,0.778928952407296),
 .UNSPECIFIED.);
#515=B_SPLINE_CURVE_WITH_KNOTS('',3,(#3397,#3398,#3399,#3400,#3401,#3402,
#3403,#3404,#3405,#3406,#3407,#3408,#3409,#3410,#3411,#3412,#3413,#3414,
#3415,#3416),.UNSPECIFIED.,.F.,.F.,(4,2,2,2,2,2,2,2,2,4),(0.,5.05402622568802,
10.1080524648303,15.1620786710474,20.2161048717547,25.2701311002816,30.3241573417474,
35.3781835476618,38.0694627693012,40.7607419877781),.UNSPECIFIED.);
#516=VERTEX_POINT('',#2328);
#517=VERTEX_POINT('',#2329);
#518=VERTEX_POINT('',#2334);
#519=VERTEX_POINT('',#2352);
#520=VERTEX_POINT('',#2464);
#521=VERTEX_POINT('',#2475);
#522=VERTEX_POINT('',#2488);
#523=VERTEX_POINT('',#2489);
#524=VERTEX_POINT('',#2491);
#525=VERTEX_POINT('',#2493);
#526=VERTEX_POINT('',#2495);
#527=VERTEX_POINT('',#2500);
#528=VERTEX_POINT('',#2501);
#529=VERTEX_POINT('',#2503);
#530=VERTEX_POINT('',#2508);
#531=VERTEX_POINT('',#2510);
#532=VERTEX_POINT('',#2512);
#533=VERTEX_POINT('',#2709);
#534=VERTEX_POINT('',#2710);
#535=VERTEX_POINT('',#2712);
#536=VERTEX_POINT('',#2714);
#537=VERTEX_POINT('',#2716);
#538=VERTEX_POINT('',#2718);
#539=VERTEX_POINT('',#2727);
#540=VERTEX_POINT('',#2729);
#541=VERTEX_POINT('',#2733);
#542=VERTEX_POINT('',#2734);
#543=VERTEX_POINT('',#2739);
#544=VERTEX_POINT('',#2740);
#545=VERTEX_POINT('',#2742);
#546=VERTEX_POINT('',#2747);
#547=VERTEX_POINT('',#2748);
#548=VERTEX_POINT('',#2750);
#549=VERTEX_POINT('',#2755);
#550=VERTEX_POINT('',#2757);
#551=VERTEX_POINT('',#2761);
#552=VERTEX_POINT('',#2762);
#553=VERTEX_POINT('',#2767);
#554=VERTEX_POINT('',#2768);
#555=VERTEX_POINT('',#2770);
#556=VERTEX_POINT('',#2775);
#557=VERTEX_POINT('',#2776);
#558=VERTEX_POINT('',#2778);
#559=VERTEX_POINT('',#2783);
#560=VERTEX_POINT('',#2785);
#561=VERTEX_POINT('',#2789);
#562=VERTEX_POINT('',#2790);
#563=VERTEX_POINT('',#2795);
#564=VERTEX_POINT('',#2796);
#565=VERTEX_POINT('',#2798);
#566=VERTEX_POINT('',#2803);
#567=VERTEX_POINT('',#2804);
#568=VERTEX_POINT('',#2806);
#569=VERTEX_POINT('',#2811);
#570=VERTEX_POINT('',#2813);
#571=VERTEX_POINT('',#2817);
#572=VERTEX_POINT('',#2818);
#573=VERTEX_POINT('',#2823);
#574=VERTEX_POINT('',#2824);
#575=VERTEX_POINT('',#2826);
#576=VERTEX_POINT('',#2831);
#577=VERTEX_POINT('',#2832);
#578=VERTEX_POINT('',#2834);
#579=VERTEX_POINT('',#2839);
#580=VERTEX_POINT('',#2841);
#581=VERTEX_POINT('',#2845);
#582=VERTEX_POINT('',#2846);
#583=VERTEX_POINT('',#2851);
#584=VERTEX_POINT('',#2852);
#585=VERTEX_POINT('',#2854);
#586=VERTEX_POINT('',#2859);
#587=VERTEX_POINT('',#2860);
#588=VERTEX_POINT('',#2862);
#589=VERTEX_POINT('',#2867);
#590=VERTEX_POINT('',#2869);
#591=VERTEX_POINT('',#2873);
#592=VERTEX_POINT('',#2874);
#593=VERTEX_POINT('',#2879);
#594=VERTEX_POINT('',#2880);
#595=VERTEX_POINT('',#2882);
#596=VERTEX_POINT('',#2887);
#597=VERTEX_POINT('',#2888);
#598=VERTEX_POINT('',#2890);
#599=VERTEX_POINT('',#2895);
#600=VERTEX_POINT('',#2897);
#601=VERTEX_POINT('',#2901);
#602=VERTEX_POINT('',#2902);
#603=VERTEX_POINT('',#2907);
#604=VERTEX_POINT('',#2908);
#605=VERTEX_POINT('',#2910);
#606=VERTEX_POINT('',#2915);
#607=VERTEX_POINT('',#2916);
#608=VERTEX_POINT('',#2918);
#609=VERTEX_POINT('',#2923);
#610=VERTEX_POINT('',#2925);
#611=VERTEX_POINT('',#2929);
#612=VERTEX_POINT('',#2930);
#613=VERTEX_POINT('',#2935);
#614=VERTEX_POINT('',#2936);
#615=VERTEX_POINT('',#2938);
#616=VERTEX_POINT('',#2943);
#617=VERTEX_POINT('',#2944);
#618=VERTEX_POINT('',#2946);
#619=VERTEX_POINT('',#2951);
#620=VERTEX_POINT('',#2953);
#621=VERTEX_POINT('',#2957);
#622=VERTEX_POINT('',#2958);
#623=VERTEX_POINT('',#2963);
#624=VERTEX_POINT('',#2964);
#625=VERTEX_POINT('',#2966);
#626=VERTEX_POINT('',#2971);
#627=VERTEX_POINT('',#2972);
#628=VERTEX_POINT('',#2974);
#629=VERTEX_POINT('',#2979);
#630=VERTEX_POINT('',#2981);
#631=VERTEX_POINT('',#2985);
#632=VERTEX_POINT('',#2986);
#633=VERTEX_POINT('',#2991);
#634=VERTEX_POINT('',#2992);
#635=VERTEX_POINT('',#2994);
#636=VERTEX_POINT('',#2999);
#637=VERTEX_POINT('',#3000);
#638=VERTEX_POINT('',#3002);
#639=VERTEX_POINT('',#3007);
#640=VERTEX_POINT('',#3009);
#641=VERTEX_POINT('',#3013);
#642=VERTEX_POINT('',#3014);
#643=VERTEX_POINT('',#3019);
#644=VERTEX_POINT('',#3020);
#645=VERTEX_POINT('',#3022);
#646=VERTEX_POINT('',#3027);
#647=VERTEX_POINT('',#3028);
#648=VERTEX_POINT('',#3030);
#649=VERTEX_POINT('',#3035);
#650=VERTEX_POINT('',#3037);
#651=VERTEX_POINT('',#3041);
#652=VERTEX_POINT('',#3042);
#653=VERTEX_POINT('',#3047);
#654=VERTEX_POINT('',#3048);
#655=VERTEX_POINT('',#3050);
#656=VERTEX_POINT('',#3055);
#657=VERTEX_POINT('',#3056);
#658=VERTEX_POINT('',#3058);
#659=VERTEX_POINT('',#3063);
#660=VERTEX_POINT('',#3065);
#661=VERTEX_POINT('',#3069);
#662=VERTEX_POINT('',#3070);
#663=VERTEX_POINT('',#3075);
#664=VERTEX_POINT('',#3076);
#665=VERTEX_POINT('',#3078);
#666=VERTEX_POINT('',#3083);
#667=VERTEX_POINT('',#3084);
#668=VERTEX_POINT('',#3089);
#669=VERTEX_POINT('',#3090);
#670=VERTEX_POINT('',#3094);
#671=VERTEX_POINT('',#3095);
#672=VERTEX_POINT('',#3100);
#673=VERTEX_POINT('',#3101);
#674=VERTEX_POINT('',#3105);
#675=VERTEX_POINT('',#3107);
#676=VERTEX_POINT('',#3112);
#677=VERTEX_POINT('',#3113);
#678=VERTEX_POINT('',#3172);
#679=VERTEX_POINT('',#3173);
#680=VERTEX_POINT('',#3178);
#681=VERTEX_POINT('',#3199);
#682=VERTEX_POINT('',#3204);
#683=EDGE_CURVE('',#516,#517,#500,.T.);
#684=EDGE_CURVE('',#518,#516,#501,.T.);
#685=EDGE_CURVE('',#519,#518,#502,.T.);
#686=EDGE_CURVE('',#517,#519,#503,.T.);
#687=EDGE_CURVE('',#519,#520,#504,.T.);
#688=EDGE_CURVE('',#521,#520,#168,.T.);
#689=EDGE_CURVE('',#521,#517,#505,.T.);
#690=EDGE_CURVE('',#522,#523,#169,.T.);
#691=EDGE_CURVE('',#523,#524,#170,.T.);
#692=EDGE_CURVE('',#524,#525,#171,.T.);
#693=EDGE_CURVE('',#525,#526,#172,.T.);
#694=EDGE_CURVE('',#526,#524,#173,.T.);
#695=EDGE_CURVE('',#523,#522,#174,.T.);
#696=EDGE_CURVE('',#527,#528,#175,.T.);
#697=EDGE_CURVE('',#529,#527,#176,.T.);
#698=EDGE_CURVE('',#529,#523,#177,.T.);
#699=EDGE_CURVE('',#528,#529,#178,.T.);
#700=EDGE_CURVE('',#526,#530,#23,.T.);
#701=EDGE_CURVE('',#531,#530,#179,.T.);
#702=EDGE_CURVE('',#532,#531,#180,.T.);
#703=EDGE_CURVE('',#530,#532,#181,.T.);
#704=EDGE_CURVE('',#517,#519,#506,.T.);
#705=EDGE_CURVE('',#518,#516,#507,.T.);
#706=EDGE_CURVE('',#521,#520,#182,.T.);
#707=EDGE_CURVE('',#533,#534,#183,.T.);
#708=EDGE_CURVE('',#534,#535,#184,.T.);
#709=EDGE_CURVE('',#535,#536,#185,.T.);
#710=EDGE_CURVE('',#537,#536,#186,.T.);
#711=EDGE_CURVE('',#538,#537,#187,.T.);
#712=EDGE_CURVE('',#536,#538,#188,.T.);
#713=EDGE_CURVE('',#535,#533,#189,.T.);
#714=EDGE_CURVE('',#516,#534,#24,.T.);
#715=EDGE_CURVE('',#531,#537,#190,.T.);
#716=EDGE_CURVE('',#528,#539,#25,.T.);
#717=EDGE_CURVE('',#540,#539,#191,.T.);
#718=EDGE_CURVE('',#539,#540,#192,.T.);
#719=EDGE_CURVE('',#541,#542,#193,.T.);
#720=EDGE_CURVE('',#542,#541,#194,.T.);
#721=EDGE_CURVE('',#542,#539,#26,.T.);
#722=EDGE_CURVE('',#543,#544,#195,.T.);
#723=EDGE_CURVE('',#545,#543,#196,.T.);
#724=EDGE_CURVE('',#544,#545,#197,.T.);
#725=EDGE_CURVE('',#544,#542,#27,.T.);
#726=EDGE_CURVE('',#546,#547,#198,.T.);
#727=EDGE_CURVE('',#548,#546,#199,.T.);
#728=EDGE_CURVE('',#548,#545,#200,.T.);
#729=EDGE_CURVE('',#547,#548,#201,.T.);
#730=EDGE_CURVE('',#547,#549,#28,.T.);
#731=EDGE_CURVE('',#550,#549,#202,.T.);
#732=EDGE_CURVE('',#549,#550,#203,.T.);
#733=EDGE_CURVE('',#551,#552,#204,.T.);
#734=EDGE_CURVE('',#552,#551,#205,.T.);
#735=EDGE_CURVE('',#552,#549,#29,.T.);
#736=EDGE_CURVE('',#553,#554,#206,.T.);
#737=EDGE_CURVE('',#555,#553,#207,.T.);
#738=EDGE_CURVE('',#554,#555,#208,.T.);
#739=EDGE_CURVE('',#554,#552,#30,.T.);
#740=EDGE_CURVE('',#556,#557,#209,.T.);
#741=EDGE_CURVE('',#558,#556,#210,.T.);
#742=EDGE_CURVE('',#558,#555,#211,.T.);
#743=EDGE_CURVE('',#557,#558,#212,.T.);
#744=EDGE_CURVE('',#557,#559,#31,.T.);
#745=EDGE_CURVE('',#560,#559,#213,.T.);
#746=EDGE_CURVE('',#559,#560,#214,.T.);
#747=EDGE_CURVE('',#561,#562,#215,.T.);
#748=EDGE_CURVE('',#562,#561,#216,.T.);
#749=EDGE_CURVE('',#562,#559,#32,.T.);
#750=EDGE_CURVE('',#563,#564,#217,.T.);
#751=EDGE_CURVE('',#565,#563,#218,.T.);
#752=EDGE_CURVE('',#564,#565,#219,.T.);
#753=EDGE_CURVE('',#564,#562,#33,.T.);
#754=EDGE_CURVE('',#566,#567,#220,.T.);
#755=EDGE_CURVE('',#568,#566,#221,.T.);
#756=EDGE_CURVE('',#568,#565,#222,.T.);
#757=EDGE_CURVE('',#567,#568,#223,.T.);
#758=EDGE_CURVE('',#567,#569,#34,.T.);
#759=EDGE_CURVE('',#570,#569,#224,.T.);
#760=EDGE_CURVE('',#569,#570,#225,.T.);
#761=EDGE_CURVE('',#571,#572,#226,.T.);
#762=EDGE_CURVE('',#572,#571,#227,.T.);
#763=EDGE_CURVE('',#572,#569,#35,.T.);
#764=EDGE_CURVE('',#573,#574,#228,.T.);
#765=EDGE_CURVE('',#575,#573,#229,.T.);
#766=EDGE_CURVE('',#574,#575,#230,.T.);
#767=EDGE_CURVE('',#574,#572,#36,.T.);
#768=EDGE_CURVE('',#576,#577,#231,.T.);
#769=EDGE_CURVE('',#578,#576,#232,.T.);
#770=EDGE_CURVE('',#578,#575,#233,.T.);
#771=EDGE_CURVE('',#577,#578,#234,.T.);
#772=EDGE_CURVE('',#577,#579,#37,.T.);
#773=EDGE_CURVE('',#580,#579,#235,.T.);
#774=EDGE_CURVE('',#579,#580,#236,.T.);
#775=EDGE_CURVE('',#581,#582,#237,.T.);
#776=EDGE_CURVE('',#582,#581,#238,.T.);
#777=EDGE_CURVE('',#582,#579,#38,.T.);
#778=EDGE_CURVE('',#583,#584,#239,.T.);
#779=EDGE_CURVE('',#585,#583,#240,.T.);
#780=EDGE_CURVE('',#584,#585,#241,.T.);
#781=EDGE_CURVE('',#584,#582,#39,.T.);
#782=EDGE_CURVE('',#586,#587,#242,.T.);
#783=EDGE_CURVE('',#588,#586,#243,.T.);
#784=EDGE_CURVE('',#588,#585,#244,.T.);
#785=EDGE_CURVE('',#587,#588,#245,.T.);
#786=EDGE_CURVE('',#587,#589,#40,.T.);
#787=EDGE_CURVE('',#590,#589,#246,.T.);
#788=EDGE_CURVE('',#589,#590,#247,.T.);
#789=EDGE_CURVE('',#591,#592,#248,.T.);
#790=EDGE_CURVE('',#592,#591,#249,.T.);
#791=EDGE_CURVE('',#592,#589,#41,.T.);
#792=EDGE_CURVE('',#593,#594,#250,.T.);
#793=EDGE_CURVE('',#595,#593,#251,.T.);
#794=EDGE_CURVE('',#594,#595,#252,.T.);
#795=EDGE_CURVE('',#594,#592,#42,.T.);
#796=EDGE_CURVE('',#596,#597,#253,.T.);
#797=EDGE_CURVE('',#598,#596,#254,.T.);
#798=EDGE_CURVE('',#598,#595,#255,.T.);
#799=EDGE_CURVE('',#597,#598,#256,.T.);
#800=EDGE_CURVE('',#597,#599,#43,.T.);
#801=EDGE_CURVE('',#600,#599,#257,.T.);
#802=EDGE_CURVE('',#599,#600,#258,.T.);
#803=EDGE_CURVE('',#601,#602,#259,.T.);
#804=EDGE_CURVE('',#602,#601,#260,.T.);
#805=EDGE_CURVE('',#602,#599,#44,.T.);
#806=EDGE_CURVE('',#603,#604,#261,.T.);
#807=EDGE_CURVE('',#605,#603,#262,.T.);
#808=EDGE_CURVE('',#604,#605,#263,.T.);
#809=EDGE_CURVE('',#604,#602,#45,.T.);
#810=EDGE_CURVE('',#606,#607,#264,.T.);
#811=EDGE_CURVE('',#608,#606,#265,.T.);
#812=EDGE_CURVE('',#608,#605,#266,.T.);
#813=EDGE_CURVE('',#607,#608,#267,.T.);
#814=EDGE_CURVE('',#607,#609,#46,.T.);
#815=EDGE_CURVE('',#610,#609,#268,.T.);
#816=EDGE_CURVE('',#609,#610,#269,.T.);
#817=EDGE_CURVE('',#611,#612,#270,.T.);
#818=EDGE_CURVE('',#612,#611,#271,.T.);
#819=EDGE_CURVE('',#612,#609,#47,.T.);
#820=EDGE_CURVE('',#613,#614,#272,.T.);
#821=EDGE_CURVE('',#615,#613,#273,.T.);
#822=EDGE_CURVE('',#614,#615,#274,.T.);
#823=EDGE_CURVE('',#614,#612,#48,.T.);
#824=EDGE_CURVE('',#616,#617,#275,.T.);
#825=EDGE_CURVE('',#618,#616,#276,.T.);
#826=EDGE_CURVE('',#618,#615,#277,.T.);
#827=EDGE_CURVE('',#617,#618,#278,.T.);
#828=EDGE_CURVE('',#617,#619,#49,.T.);
#829=EDGE_CURVE('',#620,#619,#279,.T.);
#830=EDGE_CURVE('',#619,#620,#280,.T.);
#831=EDGE_CURVE('',#621,#622,#281,.T.);
#832=EDGE_CURVE('',#622,#621,#282,.T.);
#833=EDGE_CURVE('',#622,#619,#50,.T.);
#834=EDGE_CURVE('',#623,#624,#283,.T.);
#835=EDGE_CURVE('',#625,#623,#284,.T.);
#836=EDGE_CURVE('',#624,#625,#285,.T.);
#837=EDGE_CURVE('',#624,#622,#51,.T.);
#838=EDGE_CURVE('',#626,#627,#286,.T.);
#839=EDGE_CURVE('',#628,#626,#287,.T.);
#840=EDGE_CURVE('',#628,#625,#288,.T.);
#841=EDGE_CURVE('',#627,#628,#289,.T.);
#842=EDGE_CURVE('',#627,#629,#52,.T.);
#843=EDGE_CURVE('',#630,#629,#290,.T.);
#844=EDGE_CURVE('',#629,#630,#291,.T.);
#845=EDGE_CURVE('',#631,#632,#292,.T.);
#846=EDGE_CURVE('',#632,#631,#293,.T.);
#847=EDGE_CURVE('',#632,#629,#53,.T.);
#848=EDGE_CURVE('',#633,#634,#294,.T.);
#849=EDGE_CURVE('',#635,#633,#295,.T.);
#850=EDGE_CURVE('',#634,#635,#296,.T.);
#851=EDGE_CURVE('',#634,#632,#54,.T.);
#852=EDGE_CURVE('',#636,#637,#297,.T.);
#853=EDGE_CURVE('',#638,#636,#298,.T.);
#854=EDGE_CURVE('',#638,#635,#299,.T.);
#855=EDGE_CURVE('',#637,#638,#300,.T.);
#856=EDGE_CURVE('',#637,#639,#55,.T.);
#857=EDGE_CURVE('',#640,#639,#301,.T.);
#858=EDGE_CURVE('',#639,#640,#302,.T.);
#859=EDGE_CURVE('',#641,#642,#303,.T.);
#860=EDGE_CURVE('',#642,#641,#304,.T.);
#861=EDGE_CURVE('',#642,#639,#56,.T.);
#862=EDGE_CURVE('',#643,#644,#305,.T.);
#863=EDGE_CURVE('',#645,#643,#306,.T.);
#864=EDGE_CURVE('',#644,#645,#307,.T.);
#865=EDGE_CURVE('',#644,#642,#57,.T.);
#866=EDGE_CURVE('',#646,#647,#308,.T.);
#867=EDGE_CURVE('',#648,#646,#309,.T.);
#868=EDGE_CURVE('',#648,#645,#310,.T.);
#869=EDGE_CURVE('',#647,#648,#311,.T.);
#870=EDGE_CURVE('',#647,#649,#58,.T.);
#871=EDGE_CURVE('',#650,#649,#312,.T.);
#872=EDGE_CURVE('',#649,#650,#313,.T.);
#873=EDGE_CURVE('',#651,#652,#314,.T.);
#874=EDGE_CURVE('',#652,#651,#315,.T.);
#875=EDGE_CURVE('',#652,#649,#59,.T.);
#876=EDGE_CURVE('',#653,#654,#316,.T.);
#877=EDGE_CURVE('',#655,#653,#317,.T.);
#878=EDGE_CURVE('',#654,#655,#318,.T.);
#879=EDGE_CURVE('',#654,#652,#60,.T.);
#880=EDGE_CURVE('',#656,#657,#319,.T.);
#881=EDGE_CURVE('',#658,#656,#320,.T.);
#882=EDGE_CURVE('',#658,#655,#321,.T.);
#883=EDGE_CURVE('',#657,#658,#322,.T.);
#884=EDGE_CURVE('',#657,#659,#61,.T.);
#885=EDGE_CURVE('',#660,#659,#323,.T.);
#886=EDGE_CURVE('',#659,#660,#324,.T.);
#887=EDGE_CURVE('',#661,#662,#325,.T.);
#888=EDGE_CURVE('',#662,#661,#326,.T.);
#889=EDGE_CURVE('',#662,#659,#62,.T.);
#890=EDGE_CURVE('',#663,#664,#327,.T.);
#891=EDGE_CURVE('',#665,#663,#328,.T.);
#892=EDGE_CURVE('',#664,#665,#329,.T.);
#893=EDGE_CURVE('',#664,#662,#63,.T.);
#894=EDGE_CURVE('',#666,#667,#330,.T.);
#895=EDGE_CURVE('',#667,#666,#331,.T.);
#896=EDGE_CURVE('',#667,#665,#332,.T.);
#897=EDGE_CURVE('',#668,#669,#333,.T.);
#898=EDGE_CURVE('',#669,#668,#334,.T.);
#899=EDGE_CURVE('',#670,#671,#335,.T.);
#900=EDGE_CURVE('',#671,#670,#336,.T.);
#901=EDGE_CURVE('',#671,#669,#64,.T.);
#902=EDGE_CURVE('',#672,#673,#337,.T.);
#903=EDGE_CURVE('',#673,#672,#338,.T.);
#904=EDGE_CURVE('',#673,#674,#65,.T.);
#905=EDGE_CURVE('',#675,#674,#339,.T.);
#906=EDGE_CURVE('',#674,#675,#340,.T.);
#907=EDGE_CURVE('',#676,#677,#341,.T.);
#908=EDGE_CURVE('',#677,#521,#342,.T.);
#909=EDGE_CURVE('',#677,#676,#343,.T.);
#910=EDGE_CURVE('',#678,#679,#508,.T.);
#911=EDGE_CURVE('',#680,#678,#509,.T.);
#912=EDGE_CURVE('',#680,#681,#510,.T.);
#913=EDGE_CURVE('',#681,#682,#511,.T.);
#914=EDGE_CURVE('',#679,#682,#344,.T.);
#915=EDGE_CURVE('',#679,#678,#512,.T.);
#916=EDGE_CURVE('',#680,#681,#513,.T.);
#917=EDGE_CURVE('',#679,#682,#345,.T.);
#918=EDGE_CURVE('',#681,#682,#514,.T.);
#919=EDGE_CURVE('',#680,#678,#515,.T.);
#920=ORIENTED_EDGE('',*,*,#683,.F.);
#921=ORIENTED_EDGE('',*,*,#684,.F.);
#922=ORIENTED_EDGE('',*,*,#685,.F.);
#923=ORIENTED_EDGE('',*,*,#686,.F.);
#924=ORIENTED_EDGE('',*,*,#686,.T.);
#925=ORIENTED_EDGE('',*,*,#687,.T.);
#926=ORIENTED_EDGE('',*,*,#688,.F.);
#927=ORIENTED_EDGE('',*,*,#689,.T.);
#928=ORIENTED_EDGE('',*,*,#690,.T.);
#929=ORIENTED_EDGE('',*,*,#691,.T.);
#930=ORIENTED_EDGE('',*,*,#692,.T.);
#931=ORIENTED_EDGE('',*,*,#693,.T.);
#932=ORIENTED_EDGE('',*,*,#694,.T.);
#933=ORIENTED_EDGE('',*,*,#691,.F.);
#934=ORIENTED_EDGE('',*,*,#695,.T.);
#935=ORIENTED_EDGE('',*,*,#696,.F.);
#936=ORIENTED_EDGE('',*,*,#697,.F.);
#937=ORIENTED_EDGE('',*,*,#698,.T.);
#938=ORIENTED_EDGE('',*,*,#690,.F.);
#939=ORIENTED_EDGE('',*,*,#695,.F.);
#940=ORIENTED_EDGE('',*,*,#698,.F.);
#941=ORIENTED_EDGE('',*,*,#699,.F.);
#942=ORIENTED_EDGE('',*,*,#693,.F.);
#943=ORIENTED_EDGE('',*,*,#692,.F.);
#944=ORIENTED_EDGE('',*,*,#694,.F.);
#945=ORIENTED_EDGE('',*,*,#700,.T.);
#946=ORIENTED_EDGE('',*,*,#701,.F.);
#947=ORIENTED_EDGE('',*,*,#702,.F.);
#948=ORIENTED_EDGE('',*,*,#703,.F.);
#949=ORIENTED_EDGE('',*,*,#700,.F.);
#950=ORIENTED_EDGE('',*,*,#683,.T.);
#951=ORIENTED_EDGE('',*,*,#704,.T.);
#952=ORIENTED_EDGE('',*,*,#685,.T.);
#953=ORIENTED_EDGE('',*,*,#705,.T.);
#954=ORIENTED_EDGE('',*,*,#704,.F.);
#955=ORIENTED_EDGE('',*,*,#689,.F.);
#956=ORIENTED_EDGE('',*,*,#706,.T.);
#957=ORIENTED_EDGE('',*,*,#687,.F.);
#958=ORIENTED_EDGE('',*,*,#707,.T.);
#959=ORIENTED_EDGE('',*,*,#708,.T.);
#960=ORIENTED_EDGE('',*,*,#709,.T.);
#961=ORIENTED_EDGE('',*,*,#710,.F.);
#962=ORIENTED_EDGE('',*,*,#711,.F.);
#963=ORIENTED_EDGE('',*,*,#712,.F.);
#964=ORIENTED_EDGE('',*,*,#709,.F.);
#965=ORIENTED_EDGE('',*,*,#713,.T.);
#966=ORIENTED_EDGE('',*,*,#684,.T.);
#967=ORIENTED_EDGE('',*,*,#714,.T.);
#968=ORIENTED_EDGE('',*,*,#707,.F.);
#969=ORIENTED_EDGE('',*,*,#713,.F.);
#970=ORIENTED_EDGE('',*,*,#708,.F.);
#971=ORIENTED_EDGE('',*,*,#714,.F.);
#972=ORIENTED_EDGE('',*,*,#705,.F.);
#973=ORIENTED_EDGE('',*,*,#702,.T.);
#974=ORIENTED_EDGE('',*,*,#715,.T.);
#975=ORIENTED_EDGE('',*,*,#710,.T.);
#976=ORIENTED_EDGE('',*,*,#712,.T.);
#977=ORIENTED_EDGE('',*,*,#711,.T.);
#978=ORIENTED_EDGE('',*,*,#715,.F.);
#979=ORIENTED_EDGE('',*,*,#701,.T.);
#980=ORIENTED_EDGE('',*,*,#703,.T.);
#981=ORIENTED_EDGE('',*,*,#696,.T.);
#982=ORIENTED_EDGE('',*,*,#716,.T.);
#983=ORIENTED_EDGE('',*,*,#717,.F.);
#984=ORIENTED_EDGE('',*,*,#718,.F.);
#985=ORIENTED_EDGE('',*,*,#716,.F.);
#986=ORIENTED_EDGE('',*,*,#699,.T.);
#987=ORIENTED_EDGE('',*,*,#697,.T.);
#988=ORIENTED_EDGE('',*,*,#719,.F.);
#989=ORIENTED_EDGE('',*,*,#720,.F.);
#990=ORIENTED_EDGE('',*,*,#721,.T.);
#991=ORIENTED_EDGE('',*,*,#718,.T.);
#992=ORIENTED_EDGE('',*,*,#717,.T.);
#993=ORIENTED_EDGE('',*,*,#721,.F.);
#994=ORIENTED_EDGE('',*,*,#722,.F.);
#995=ORIENTED_EDGE('',*,*,#723,.F.);
#996=ORIENTED_EDGE('',*,*,#724,.F.);
#997=ORIENTED_EDGE('',*,*,#725,.T.);
#998=ORIENTED_EDGE('',*,*,#720,.T.);
#999=ORIENTED_EDGE('',*,*,#719,.T.);
#1000=ORIENTED_EDGE('',*,*,#725,.F.);
#1001=ORIENTED_EDGE('',*,*,#726,.F.);
#1002=ORIENTED_EDGE('',*,*,#727,.F.);
#1003=ORIENTED_EDGE('',*,*,#728,.T.);
#1004=ORIENTED_EDGE('',*,*,#723,.T.);
#1005=ORIENTED_EDGE('',*,*,#722,.T.);
#1006=ORIENTED_EDGE('',*,*,#724,.T.);
#1007=ORIENTED_EDGE('',*,*,#728,.F.);
#1008=ORIENTED_EDGE('',*,*,#729,.F.);
#1009=ORIENTED_EDGE('',*,*,#726,.T.);
#1010=ORIENTED_EDGE('',*,*,#730,.T.);
#1011=ORIENTED_EDGE('',*,*,#731,.F.);
#1012=ORIENTED_EDGE('',*,*,#732,.F.);
#1013=ORIENTED_EDGE('',*,*,#730,.F.);
#1014=ORIENTED_EDGE('',*,*,#729,.T.);
#1015=ORIENTED_EDGE('',*,*,#727,.T.);
#1016=ORIENTED_EDGE('',*,*,#733,.F.);
#1017=ORIENTED_EDGE('',*,*,#734,.F.);
#1018=ORIENTED_EDGE('',*,*,#735,.T.);
#1019=ORIENTED_EDGE('',*,*,#732,.T.);
#1020=ORIENTED_EDGE('',*,*,#731,.T.);
#1021=ORIENTED_EDGE('',*,*,#735,.F.);
#1022=ORIENTED_EDGE('',*,*,#736,.F.);
#1023=ORIENTED_EDGE('',*,*,#737,.F.);
#1024=ORIENTED_EDGE('',*,*,#738,.F.);
#1025=ORIENTED_EDGE('',*,*,#739,.T.);
#1026=ORIENTED_EDGE('',*,*,#734,.T.);
#1027=ORIENTED_EDGE('',*,*,#733,.T.);
#1028=ORIENTED_EDGE('',*,*,#739,.F.);
#1029=ORIENTED_EDGE('',*,*,#740,.F.);
#1030=ORIENTED_EDGE('',*,*,#741,.F.);
#1031=ORIENTED_EDGE('',*,*,#742,.T.);
#1032=ORIENTED_EDGE('',*,*,#737,.T.);
#1033=ORIENTED_EDGE('',*,*,#736,.T.);
#1034=ORIENTED_EDGE('',*,*,#738,.T.);
#1035=ORIENTED_EDGE('',*,*,#742,.F.);
#1036=ORIENTED_EDGE('',*,*,#743,.F.);
#1037=ORIENTED_EDGE('',*,*,#740,.T.);
#1038=ORIENTED_EDGE('',*,*,#744,.T.);
#1039=ORIENTED_EDGE('',*,*,#745,.F.);
#1040=ORIENTED_EDGE('',*,*,#746,.F.);
#1041=ORIENTED_EDGE('',*,*,#744,.F.);
#1042=ORIENTED_EDGE('',*,*,#743,.T.);
#1043=ORIENTED_EDGE('',*,*,#741,.T.);
#1044=ORIENTED_EDGE('',*,*,#747,.F.);
#1045=ORIENTED_EDGE('',*,*,#748,.F.);
#1046=ORIENTED_EDGE('',*,*,#749,.T.);
#1047=ORIENTED_EDGE('',*,*,#746,.T.);
#1048=ORIENTED_EDGE('',*,*,#745,.T.);
#1049=ORIENTED_EDGE('',*,*,#749,.F.);
#1050=ORIENTED_EDGE('',*,*,#750,.F.);
#1051=ORIENTED_EDGE('',*,*,#751,.F.);
#1052=ORIENTED_EDGE('',*,*,#752,.F.);
#1053=ORIENTED_EDGE('',*,*,#753,.T.);
#1054=ORIENTED_EDGE('',*,*,#748,.T.);
#1055=ORIENTED_EDGE('',*,*,#747,.T.);
#1056=ORIENTED_EDGE('',*,*,#753,.F.);
#1057=ORIENTED_EDGE('',*,*,#754,.F.);
#1058=ORIENTED_EDGE('',*,*,#755,.F.);
#1059=ORIENTED_EDGE('',*,*,#756,.T.);
#1060=ORIENTED_EDGE('',*,*,#751,.T.);
#1061=ORIENTED_EDGE('',*,*,#750,.T.);
#1062=ORIENTED_EDGE('',*,*,#752,.T.);
#1063=ORIENTED_EDGE('',*,*,#756,.F.);
#1064=ORIENTED_EDGE('',*,*,#757,.F.);
#1065=ORIENTED_EDGE('',*,*,#754,.T.);
#1066=ORIENTED_EDGE('',*,*,#758,.T.);
#1067=ORIENTED_EDGE('',*,*,#759,.F.);
#1068=ORIENTED_EDGE('',*,*,#760,.F.);
#1069=ORIENTED_EDGE('',*,*,#758,.F.);
#1070=ORIENTED_EDGE('',*,*,#757,.T.);
#1071=ORIENTED_EDGE('',*,*,#755,.T.);
#1072=ORIENTED_EDGE('',*,*,#761,.F.);
#1073=ORIENTED_EDGE('',*,*,#762,.F.);
#1074=ORIENTED_EDGE('',*,*,#763,.T.);
#1075=ORIENTED_EDGE('',*,*,#760,.T.);
#1076=ORIENTED_EDGE('',*,*,#759,.T.);
#1077=ORIENTED_EDGE('',*,*,#763,.F.);
#1078=ORIENTED_EDGE('',*,*,#764,.F.);
#1079=ORIENTED_EDGE('',*,*,#765,.F.);
#1080=ORIENTED_EDGE('',*,*,#766,.F.);
#1081=ORIENTED_EDGE('',*,*,#767,.T.);
#1082=ORIENTED_EDGE('',*,*,#762,.T.);
#1083=ORIENTED_EDGE('',*,*,#761,.T.);
#1084=ORIENTED_EDGE('',*,*,#767,.F.);
#1085=ORIENTED_EDGE('',*,*,#768,.F.);
#1086=ORIENTED_EDGE('',*,*,#769,.F.);
#1087=ORIENTED_EDGE('',*,*,#770,.T.);
#1088=ORIENTED_EDGE('',*,*,#765,.T.);
#1089=ORIENTED_EDGE('',*,*,#764,.T.);
#1090=ORIENTED_EDGE('',*,*,#766,.T.);
#1091=ORIENTED_EDGE('',*,*,#770,.F.);
#1092=ORIENTED_EDGE('',*,*,#771,.F.);
#1093=ORIENTED_EDGE('',*,*,#768,.T.);
#1094=ORIENTED_EDGE('',*,*,#772,.T.);
#1095=ORIENTED_EDGE('',*,*,#773,.F.);
#1096=ORIENTED_EDGE('',*,*,#774,.F.);
#1097=ORIENTED_EDGE('',*,*,#772,.F.);
#1098=ORIENTED_EDGE('',*,*,#771,.T.);
#1099=ORIENTED_EDGE('',*,*,#769,.T.);
#1100=ORIENTED_EDGE('',*,*,#775,.F.);
#1101=ORIENTED_EDGE('',*,*,#776,.F.);
#1102=ORIENTED_EDGE('',*,*,#777,.T.);
#1103=ORIENTED_EDGE('',*,*,#774,.T.);
#1104=ORIENTED_EDGE('',*,*,#773,.T.);
#1105=ORIENTED_EDGE('',*,*,#777,.F.);
#1106=ORIENTED_EDGE('',*,*,#778,.F.);
#1107=ORIENTED_EDGE('',*,*,#779,.F.);
#1108=ORIENTED_EDGE('',*,*,#780,.F.);
#1109=ORIENTED_EDGE('',*,*,#781,.T.);
#1110=ORIENTED_EDGE('',*,*,#776,.T.);
#1111=ORIENTED_EDGE('',*,*,#775,.T.);
#1112=ORIENTED_EDGE('',*,*,#781,.F.);
#1113=ORIENTED_EDGE('',*,*,#782,.F.);
#1114=ORIENTED_EDGE('',*,*,#783,.F.);
#1115=ORIENTED_EDGE('',*,*,#784,.T.);
#1116=ORIENTED_EDGE('',*,*,#779,.T.);
#1117=ORIENTED_EDGE('',*,*,#778,.T.);
#1118=ORIENTED_EDGE('',*,*,#780,.T.);
#1119=ORIENTED_EDGE('',*,*,#784,.F.);
#1120=ORIENTED_EDGE('',*,*,#785,.F.);
#1121=ORIENTED_EDGE('',*,*,#782,.T.);
#1122=ORIENTED_EDGE('',*,*,#786,.T.);
#1123=ORIENTED_EDGE('',*,*,#787,.F.);
#1124=ORIENTED_EDGE('',*,*,#788,.F.);
#1125=ORIENTED_EDGE('',*,*,#786,.F.);
#1126=ORIENTED_EDGE('',*,*,#785,.T.);
#1127=ORIENTED_EDGE('',*,*,#783,.T.);
#1128=ORIENTED_EDGE('',*,*,#789,.F.);
#1129=ORIENTED_EDGE('',*,*,#790,.F.);
#1130=ORIENTED_EDGE('',*,*,#791,.T.);
#1131=ORIENTED_EDGE('',*,*,#788,.T.);
#1132=ORIENTED_EDGE('',*,*,#787,.T.);
#1133=ORIENTED_EDGE('',*,*,#791,.F.);
#1134=ORIENTED_EDGE('',*,*,#792,.F.);
#1135=ORIENTED_EDGE('',*,*,#793,.F.);
#1136=ORIENTED_EDGE('',*,*,#794,.F.);
#1137=ORIENTED_EDGE('',*,*,#795,.T.);
#1138=ORIENTED_EDGE('',*,*,#790,.T.);
#1139=ORIENTED_EDGE('',*,*,#789,.T.);
#1140=ORIENTED_EDGE('',*,*,#795,.F.);
#1141=ORIENTED_EDGE('',*,*,#796,.F.);
#1142=ORIENTED_EDGE('',*,*,#797,.F.);
#1143=ORIENTED_EDGE('',*,*,#798,.T.);
#1144=ORIENTED_EDGE('',*,*,#793,.T.);
#1145=ORIENTED_EDGE('',*,*,#792,.T.);
#1146=ORIENTED_EDGE('',*,*,#794,.T.);
#1147=ORIENTED_EDGE('',*,*,#798,.F.);
#1148=ORIENTED_EDGE('',*,*,#799,.F.);
#1149=ORIENTED_EDGE('',*,*,#796,.T.);
#1150=ORIENTED_EDGE('',*,*,#800,.T.);
#1151=ORIENTED_EDGE('',*,*,#801,.F.);
#1152=ORIENTED_EDGE('',*,*,#802,.F.);
#1153=ORIENTED_EDGE('',*,*,#800,.F.);
#1154=ORIENTED_EDGE('',*,*,#799,.T.);
#1155=ORIENTED_EDGE('',*,*,#797,.T.);
#1156=ORIENTED_EDGE('',*,*,#803,.F.);
#1157=ORIENTED_EDGE('',*,*,#804,.F.);
#1158=ORIENTED_EDGE('',*,*,#805,.T.);
#1159=ORIENTED_EDGE('',*,*,#802,.T.);
#1160=ORIENTED_EDGE('',*,*,#801,.T.);
#1161=ORIENTED_EDGE('',*,*,#805,.F.);
#1162=ORIENTED_EDGE('',*,*,#806,.F.);
#1163=ORIENTED_EDGE('',*,*,#807,.F.);
#1164=ORIENTED_EDGE('',*,*,#808,.F.);
#1165=ORIENTED_EDGE('',*,*,#809,.T.);
#1166=ORIENTED_EDGE('',*,*,#804,.T.);
#1167=ORIENTED_EDGE('',*,*,#803,.T.);
#1168=ORIENTED_EDGE('',*,*,#809,.F.);
#1169=ORIENTED_EDGE('',*,*,#810,.F.);
#1170=ORIENTED_EDGE('',*,*,#811,.F.);
#1171=ORIENTED_EDGE('',*,*,#812,.T.);
#1172=ORIENTED_EDGE('',*,*,#807,.T.);
#1173=ORIENTED_EDGE('',*,*,#806,.T.);
#1174=ORIENTED_EDGE('',*,*,#808,.T.);
#1175=ORIENTED_EDGE('',*,*,#812,.F.);
#1176=ORIENTED_EDGE('',*,*,#813,.F.);
#1177=ORIENTED_EDGE('',*,*,#810,.T.);
#1178=ORIENTED_EDGE('',*,*,#814,.T.);
#1179=ORIENTED_EDGE('',*,*,#815,.F.);
#1180=ORIENTED_EDGE('',*,*,#816,.F.);
#1181=ORIENTED_EDGE('',*,*,#814,.F.);
#1182=ORIENTED_EDGE('',*,*,#813,.T.);
#1183=ORIENTED_EDGE('',*,*,#811,.T.);
#1184=ORIENTED_EDGE('',*,*,#817,.F.);
#1185=ORIENTED_EDGE('',*,*,#818,.F.);
#1186=ORIENTED_EDGE('',*,*,#819,.T.);
#1187=ORIENTED_EDGE('',*,*,#816,.T.);
#1188=ORIENTED_EDGE('',*,*,#815,.T.);
#1189=ORIENTED_EDGE('',*,*,#819,.F.);
#1190=ORIENTED_EDGE('',*,*,#820,.F.);
#1191=ORIENTED_EDGE('',*,*,#821,.F.);
#1192=ORIENTED_EDGE('',*,*,#822,.F.);
#1193=ORIENTED_EDGE('',*,*,#823,.T.);
#1194=ORIENTED_EDGE('',*,*,#818,.T.);
#1195=ORIENTED_EDGE('',*,*,#817,.T.);
#1196=ORIENTED_EDGE('',*,*,#823,.F.);
#1197=ORIENTED_EDGE('',*,*,#824,.F.);
#1198=ORIENTED_EDGE('',*,*,#825,.F.);
#1199=ORIENTED_EDGE('',*,*,#826,.T.);
#1200=ORIENTED_EDGE('',*,*,#821,.T.);
#1201=ORIENTED_EDGE('',*,*,#820,.T.);
#1202=ORIENTED_EDGE('',*,*,#822,.T.);
#1203=ORIENTED_EDGE('',*,*,#826,.F.);
#1204=ORIENTED_EDGE('',*,*,#827,.F.);
#1205=ORIENTED_EDGE('',*,*,#824,.T.);
#1206=ORIENTED_EDGE('',*,*,#828,.T.);
#1207=ORIENTED_EDGE('',*,*,#829,.F.);
#1208=ORIENTED_EDGE('',*,*,#830,.F.);
#1209=ORIENTED_EDGE('',*,*,#828,.F.);
#1210=ORIENTED_EDGE('',*,*,#827,.T.);
#1211=ORIENTED_EDGE('',*,*,#825,.T.);
#1212=ORIENTED_EDGE('',*,*,#831,.F.);
#1213=ORIENTED_EDGE('',*,*,#832,.F.);
#1214=ORIENTED_EDGE('',*,*,#833,.T.);
#1215=ORIENTED_EDGE('',*,*,#830,.T.);
#1216=ORIENTED_EDGE('',*,*,#829,.T.);
#1217=ORIENTED_EDGE('',*,*,#833,.F.);
#1218=ORIENTED_EDGE('',*,*,#834,.F.);
#1219=ORIENTED_EDGE('',*,*,#835,.F.);
#1220=ORIENTED_EDGE('',*,*,#836,.F.);
#1221=ORIENTED_EDGE('',*,*,#837,.T.);
#1222=ORIENTED_EDGE('',*,*,#832,.T.);
#1223=ORIENTED_EDGE('',*,*,#831,.T.);
#1224=ORIENTED_EDGE('',*,*,#837,.F.);
#1225=ORIENTED_EDGE('',*,*,#838,.F.);
#1226=ORIENTED_EDGE('',*,*,#839,.F.);
#1227=ORIENTED_EDGE('',*,*,#840,.T.);
#1228=ORIENTED_EDGE('',*,*,#835,.T.);
#1229=ORIENTED_EDGE('',*,*,#834,.T.);
#1230=ORIENTED_EDGE('',*,*,#836,.T.);
#1231=ORIENTED_EDGE('',*,*,#840,.F.);
#1232=ORIENTED_EDGE('',*,*,#841,.F.);
#1233=ORIENTED_EDGE('',*,*,#838,.T.);
#1234=ORIENTED_EDGE('',*,*,#842,.T.);
#1235=ORIENTED_EDGE('',*,*,#843,.F.);
#1236=ORIENTED_EDGE('',*,*,#844,.F.);
#1237=ORIENTED_EDGE('',*,*,#842,.F.);
#1238=ORIENTED_EDGE('',*,*,#841,.T.);
#1239=ORIENTED_EDGE('',*,*,#839,.T.);
#1240=ORIENTED_EDGE('',*,*,#845,.F.);
#1241=ORIENTED_EDGE('',*,*,#846,.F.);
#1242=ORIENTED_EDGE('',*,*,#847,.T.);
#1243=ORIENTED_EDGE('',*,*,#844,.T.);
#1244=ORIENTED_EDGE('',*,*,#843,.T.);
#1245=ORIENTED_EDGE('',*,*,#847,.F.);
#1246=ORIENTED_EDGE('',*,*,#848,.F.);
#1247=ORIENTED_EDGE('',*,*,#849,.F.);
#1248=ORIENTED_EDGE('',*,*,#850,.F.);
#1249=ORIENTED_EDGE('',*,*,#851,.T.);
#1250=ORIENTED_EDGE('',*,*,#846,.T.);
#1251=ORIENTED_EDGE('',*,*,#845,.T.);
#1252=ORIENTED_EDGE('',*,*,#851,.F.);
#1253=ORIENTED_EDGE('',*,*,#852,.F.);
#1254=ORIENTED_EDGE('',*,*,#853,.F.);
#1255=ORIENTED_EDGE('',*,*,#854,.T.);
#1256=ORIENTED_EDGE('',*,*,#849,.T.);
#1257=ORIENTED_EDGE('',*,*,#848,.T.);
#1258=ORIENTED_EDGE('',*,*,#850,.T.);
#1259=ORIENTED_EDGE('',*,*,#854,.F.);
#1260=ORIENTED_EDGE('',*,*,#855,.F.);
#1261=ORIENTED_EDGE('',*,*,#852,.T.);
#1262=ORIENTED_EDGE('',*,*,#856,.T.);
#1263=ORIENTED_EDGE('',*,*,#857,.F.);
#1264=ORIENTED_EDGE('',*,*,#858,.F.);
#1265=ORIENTED_EDGE('',*,*,#856,.F.);
#1266=ORIENTED_EDGE('',*,*,#855,.T.);
#1267=ORIENTED_EDGE('',*,*,#853,.T.);
#1268=ORIENTED_EDGE('',*,*,#859,.F.);
#1269=ORIENTED_EDGE('',*,*,#860,.F.);
#1270=ORIENTED_EDGE('',*,*,#861,.T.);
#1271=ORIENTED_EDGE('',*,*,#858,.T.);
#1272=ORIENTED_EDGE('',*,*,#857,.T.);
#1273=ORIENTED_EDGE('',*,*,#861,.F.);
#1274=ORIENTED_EDGE('',*,*,#862,.F.);
#1275=ORIENTED_EDGE('',*,*,#863,.F.);
#1276=ORIENTED_EDGE('',*,*,#864,.F.);
#1277=ORIENTED_EDGE('',*,*,#865,.T.);
#1278=ORIENTED_EDGE('',*,*,#860,.T.);
#1279=ORIENTED_EDGE('',*,*,#859,.T.);
#1280=ORIENTED_EDGE('',*,*,#865,.F.);
#1281=ORIENTED_EDGE('',*,*,#866,.F.);
#1282=ORIENTED_EDGE('',*,*,#867,.F.);
#1283=ORIENTED_EDGE('',*,*,#868,.T.);
#1284=ORIENTED_EDGE('',*,*,#863,.T.);
#1285=ORIENTED_EDGE('',*,*,#862,.T.);
#1286=ORIENTED_EDGE('',*,*,#864,.T.);
#1287=ORIENTED_EDGE('',*,*,#868,.F.);
#1288=ORIENTED_EDGE('',*,*,#869,.F.);
#1289=ORIENTED_EDGE('',*,*,#866,.T.);
#1290=ORIENTED_EDGE('',*,*,#870,.T.);
#1291=ORIENTED_EDGE('',*,*,#871,.F.);
#1292=ORIENTED_EDGE('',*,*,#872,.F.);
#1293=ORIENTED_EDGE('',*,*,#870,.F.);
#1294=ORIENTED_EDGE('',*,*,#869,.T.);
#1295=ORIENTED_EDGE('',*,*,#867,.T.);
#1296=ORIENTED_EDGE('',*,*,#873,.F.);
#1297=ORIENTED_EDGE('',*,*,#874,.F.);
#1298=ORIENTED_EDGE('',*,*,#875,.T.);
#1299=ORIENTED_EDGE('',*,*,#872,.T.);
#1300=ORIENTED_EDGE('',*,*,#871,.T.);
#1301=ORIENTED_EDGE('',*,*,#875,.F.);
#1302=ORIENTED_EDGE('',*,*,#876,.F.);
#1303=ORIENTED_EDGE('',*,*,#877,.F.);
#1304=ORIENTED_EDGE('',*,*,#878,.F.);
#1305=ORIENTED_EDGE('',*,*,#879,.T.);
#1306=ORIENTED_EDGE('',*,*,#874,.T.);
#1307=ORIENTED_EDGE('',*,*,#873,.T.);
#1308=ORIENTED_EDGE('',*,*,#879,.F.);
#1309=ORIENTED_EDGE('',*,*,#880,.F.);
#1310=ORIENTED_EDGE('',*,*,#881,.F.);
#1311=ORIENTED_EDGE('',*,*,#882,.T.);
#1312=ORIENTED_EDGE('',*,*,#877,.T.);
#1313=ORIENTED_EDGE('',*,*,#876,.T.);
#1314=ORIENTED_EDGE('',*,*,#878,.T.);
#1315=ORIENTED_EDGE('',*,*,#882,.F.);
#1316=ORIENTED_EDGE('',*,*,#883,.F.);
#1317=ORIENTED_EDGE('',*,*,#880,.T.);
#1318=ORIENTED_EDGE('',*,*,#884,.T.);
#1319=ORIENTED_EDGE('',*,*,#885,.F.);
#1320=ORIENTED_EDGE('',*,*,#886,.F.);
#1321=ORIENTED_EDGE('',*,*,#884,.F.);
#1322=ORIENTED_EDGE('',*,*,#883,.T.);
#1323=ORIENTED_EDGE('',*,*,#881,.T.);
#1324=ORIENTED_EDGE('',*,*,#887,.F.);
#1325=ORIENTED_EDGE('',*,*,#888,.F.);
#1326=ORIENTED_EDGE('',*,*,#889,.T.);
#1327=ORIENTED_EDGE('',*,*,#886,.T.);
#1328=ORIENTED_EDGE('',*,*,#885,.T.);
#1329=ORIENTED_EDGE('',*,*,#889,.F.);
#1330=ORIENTED_EDGE('',*,*,#890,.F.);
#1331=ORIENTED_EDGE('',*,*,#891,.F.);
#1332=ORIENTED_EDGE('',*,*,#892,.F.);
#1333=ORIENTED_EDGE('',*,*,#893,.T.);
#1334=ORIENTED_EDGE('',*,*,#888,.T.);
#1335=ORIENTED_EDGE('',*,*,#887,.T.);
#1336=ORIENTED_EDGE('',*,*,#893,.F.);
#1337=ORIENTED_EDGE('',*,*,#894,.F.);
#1338=ORIENTED_EDGE('',*,*,#895,.F.);
#1339=ORIENTED_EDGE('',*,*,#896,.T.);
#1340=ORIENTED_EDGE('',*,*,#891,.T.);
#1341=ORIENTED_EDGE('',*,*,#890,.T.);
#1342=ORIENTED_EDGE('',*,*,#892,.T.);
#1343=ORIENTED_EDGE('',*,*,#896,.F.);
#1344=ORIENTED_EDGE('',*,*,#894,.T.);
#1345=ORIENTED_EDGE('',*,*,#895,.T.);
#1346=ORIENTED_EDGE('',*,*,#897,.F.);
#1347=ORIENTED_EDGE('',*,*,#898,.F.);
#1348=ORIENTED_EDGE('',*,*,#899,.F.);
#1349=ORIENTED_EDGE('',*,*,#900,.F.);
#1350=ORIENTED_EDGE('',*,*,#901,.T.);
#1351=ORIENTED_EDGE('',*,*,#898,.T.);
#1352=ORIENTED_EDGE('',*,*,#897,.T.);
#1353=ORIENTED_EDGE('',*,*,#901,.F.);
#1354=ORIENTED_EDGE('',*,*,#899,.T.);
#1355=ORIENTED_EDGE('',*,*,#900,.T.);
#1356=ORIENTED_EDGE('',*,*,#902,.F.);
#1357=ORIENTED_EDGE('',*,*,#903,.F.);
#1358=ORIENTED_EDGE('',*,*,#902,.T.);
#1359=ORIENTED_EDGE('',*,*,#904,.T.);
#1360=ORIENTED_EDGE('',*,*,#905,.F.);
#1361=ORIENTED_EDGE('',*,*,#906,.F.);
#1362=ORIENTED_EDGE('',*,*,#904,.F.);
#1363=ORIENTED_EDGE('',*,*,#903,.T.);
#1364=ORIENTED_EDGE('',*,*,#905,.T.);
#1365=ORIENTED_EDGE('',*,*,#906,.T.);
#1366=ORIENTED_EDGE('',*,*,#907,.T.);
#1367=ORIENTED_EDGE('',*,*,#908,.T.);
#1368=ORIENTED_EDGE('',*,*,#688,.T.);
#1369=ORIENTED_EDGE('',*,*,#706,.F.);
#1370=ORIENTED_EDGE('',*,*,#908,.F.);
#1371=ORIENTED_EDGE('',*,*,#909,.T.);
#1372=ORIENTED_EDGE('',*,*,#907,.F.);
#1373=ORIENTED_EDGE('',*,*,#909,.F.);
#1374=ORIENTED_EDGE('',*,*,#910,.F.);
#1375=ORIENTED_EDGE('',*,*,#911,.F.);
#1376=ORIENTED_EDGE('',*,*,#912,.T.);
#1377=ORIENTED_EDGE('',*,*,#913,.T.);
#1378=ORIENTED_EDGE('',*,*,#914,.F.);
#1379=ORIENTED_EDGE('',*,*,#911,.T.);
#1380=ORIENTED_EDGE('',*,*,#915,.F.);
#1381=ORIENTED_EDGE('',*,*,#914,.T.);
#1382=ORIENTED_EDGE('',*,*,#913,.F.);
#1383=ORIENTED_EDGE('',*,*,#916,.F.);
#1384=ORIENTED_EDGE('',*,*,#910,.T.);
#1385=ORIENTED_EDGE('',*,*,#917,.T.);
#1386=ORIENTED_EDGE('',*,*,#918,.F.);
#1387=ORIENTED_EDGE('',*,*,#912,.F.);
#1388=ORIENTED_EDGE('',*,*,#919,.T.);
#1389=ORIENTED_EDGE('',*,*,#919,.F.);
#1390=ORIENTED_EDGE('',*,*,#916,.T.);
#1391=ORIENTED_EDGE('',*,*,#918,.T.);
#1392=ORIENTED_EDGE('',*,*,#917,.F.);
#1393=ORIENTED_EDGE('',*,*,#915,.T.);
#1394=B_SPLINE_SURFACE_WITH_KNOTS('',3,3,((#2260,#2261,#2262,#2263,#2264,
#2265,#2266,#2267,#2268,#2269,#2270,#2271,#2272,#2273,#2274,#2275,#2276),
(#2277,#2278,#2279,#2280,#2281,#2282,#2283,#2284,#2285,#2286,#2287,#2288,
#2289,#2290,#2291,#2292,#2293),(#2294,#2295,#2296,#2297,#2298,#2299,#2300,
#2301,#2302,#2303,#2304,#2305,#2306,#2307,#2308,#2309,#2310),(#2311,#2312,
#2313,#2314,#2315,#2316,#2317,#2318,#2319,#2320,#2321,#2322,#2323,#2324,
#2325,#2326,#2327)),.UNSPECIFIED.,.F.,.F.,.F.,(4,4),(4,1,1,1,1,1,1,1,1,
1,1,1,1,1,4),(0.,1.),(-6.60106770377716E-16,2.86571824052099,5.73143648104198,
8.59715472156297,11.462872962084,13.373351789098,17.1943094431259,21.0152670971539,
22.9257459241679,25.7914641646889,28.6571824052099,31.5229006457309,34.3886188862519,
37.2543371267729,40.1200553672939),.UNSPECIFIED.);
#1395=B_SPLINE_SURFACE_WITH_KNOTS('',3,3,((#2515,#2516,#2517,#2518,#2519,
#2520,#2521,#2522,#2523,#2524,#2525,#2526,#2527,#2528,#2529,#2530,#2531),
(#2532,#2533,#2534,#2535,#2536,#2537,#2538,#2539,#2540,#2541,#2542,#2543,
#2544,#2545,#2546,#2547,#2548),(#2549,#2550,#2551,#2552,#2553,#2554,#2555,
#2556,#2557,#2558,#2559,#2560,#2561,#2562,#2563,#2564,#2565),(#2566,#2567,
#2568,#2569,#2570,#2571,#2572,#2573,#2574,#2575,#2576,#2577,#2578,#2579,
#2580,#2581,#2582)),.UNSPECIFIED.,.F.,.F.,.F.,(4,4),(4,1,1,1,1,1,1,1,1,
1,1,1,1,1,4),(0.,1.),(-6.60106770377716E-16,2.86571824052099,5.73143648104198,
8.59715472156297,11.462872962084,13.373351789098,17.1943094431259,21.0152670971539,
22.9257459241679,25.7914641646889,28.6571824052099,31.5229006457309,34.3886188862519,
37.2543371267729,40.1200553672939),.UNSPECIFIED.);
#1396=ADVANCED_FACE('',(#352),#1394,.F.);
#1397=ADVANCED_FACE('',(#353),#346,.F.);
#1398=ADVANCED_FACE('',(#354),#150,.T.);
#1399=ADVANCED_FACE('',(#355),#151,.T.);
#1400=ADVANCED_FACE('',(#356),#109,.T.);
#1401=ADVANCED_FACE('',(#357),#1395,.T.);
#1402=ADVANCED_FACE('',(#358),#347,.T.);
#1403=ADVANCED_FACE('',(#359),#152,.T.);
#1404=ADVANCED_FACE('',(#360),#110,.F.);
#1405=ADVANCED_FACE('',(#361),#153,.T.);
#1406=ADVANCED_FACE('',(#362),#111,.F.);
#1407=ADVANCED_FACE('',(#363),#112,.T.);
#1408=ADVANCED_FACE('',(#364),#113,.T.);
#1409=ADVANCED_FACE('',(#365),#154,.T.);
#1410=ADVANCED_FACE('',(#366),#114,.F.);
#1411=ADVANCED_FACE('',(#367),#115,.T.);
#1412=ADVANCED_FACE('',(#368),#116,.T.);
#1413=ADVANCED_FACE('',(#369),#155,.T.);
#1414=ADVANCED_FACE('',(#370),#117,.F.);
#1415=ADVANCED_FACE('',(#371),#118,.T.);
#1416=ADVANCED_FACE('',(#372),#119,.T.);
#1417=ADVANCED_FACE('',(#373),#156,.T.);
#1418=ADVANCED_FACE('',(#374),#120,.F.);
#1419=ADVANCED_FACE('',(#375),#121,.T.);
#1420=ADVANCED_FACE('',(#376),#122,.T.);
#1421=ADVANCED_FACE('',(#377),#157,.T.);
#1422=ADVANCED_FACE('',(#378),#123,.F.);
#1423=ADVANCED_FACE('',(#379),#124,.T.);
#1424=ADVANCED_FACE('',(#380),#125,.T.);
#1425=ADVANCED_FACE('',(#381),#158,.T.);
#1426=ADVANCED_FACE('',(#382),#126,.F.);
#1427=ADVANCED_FACE('',(#383),#127,.T.);
#1428=ADVANCED_FACE('',(#384),#128,.T.);
#1429=ADVANCED_FACE('',(#385),#159,.T.);
#1430=ADVANCED_FACE('',(#386),#129,.F.);
#1431=ADVANCED_FACE('',(#387),#130,.T.);
#1432=ADVANCED_FACE('',(#388),#131,.T.);
#1433=ADVANCED_FACE('',(#389),#160,.T.);
#1434=ADVANCED_FACE('',(#390),#132,.F.);
#1435=ADVANCED_FACE('',(#391),#133,.T.);
#1436=ADVANCED_FACE('',(#392),#134,.T.);
#1437=ADVANCED_FACE('',(#393),#161,.T.);
#1438=ADVANCED_FACE('',(#394),#135,.F.);
#1439=ADVANCED_FACE('',(#395),#136,.T.);
#1440=ADVANCED_FACE('',(#396),#137,.T.);
#1441=ADVANCED_FACE('',(#397),#162,.T.);
#1442=ADVANCED_FACE('',(#398),#138,.F.);
#1443=ADVANCED_FACE('',(#399),#139,.T.);
#1444=ADVANCED_FACE('',(#400),#140,.T.);
#1445=ADVANCED_FACE('',(#401),#163,.T.);
#1446=ADVANCED_FACE('',(#402),#141,.F.);
#1447=ADVANCED_FACE('',(#403),#142,.T.);
#1448=ADVANCED_FACE('',(#404),#143,.T.);
#1449=ADVANCED_FACE('',(#405),#164,.T.);
#1450=ADVANCED_FACE('',(#406),#144,.F.);
#1451=ADVANCED_FACE('',(#407),#145,.T.);
#1452=ADVANCED_FACE('',(#408),#146,.T.);
#1453=ADVANCED_FACE('',(#409),#165,.T.);
#1454=ADVANCED_FACE('',(#410),#147,.F.);
#1455=ADVANCED_FACE('',(#411),#148,.T.);
#1456=ADVANCED_FACE('',(#412),#149,.T.);
#1457=ADVANCED_FACE('',(#413),#166,.T.);
#1458=ADVANCED_FACE('',(#414,#17),#19,.T.);
#1459=ADVANCED_FACE('',(#415),#15,.T.);
#1460=ADVANCED_FACE('',(#416,#18),#20,.T.);
#1461=ADVANCED_FACE('',(#417),#16,.F.);
#1462=ADVANCED_FACE('',(#418),#21,.T.);
#1463=ADVANCED_FACE('',(#419),#167,.F.);
#1464=ADVANCED_FACE('',(#420),#22,.T.);
#1465=ADVANCED_FACE('',(#421),#348,.T.);
#1466=ADVANCED_FACE('',(#422),#349,.F.);
#1467=ADVANCED_FACE('',(#423),#350,.F.);
#1468=ADVANCED_FACE('',(#424),#351,.T.);
#1469=CLOSED_SHELL('',(#1396,#1397,#1398,#1399,#1400,#1401,#1402,#1403,
#1404,#1405,#1406,#1407,#1408,#1409,#1410,#1411,#1412,#1413,#1414,#1415,
#1416,#1417,#1418,#1419,#1420,#1421,#1422,#1423,#1424,#1425,#1426,#1427,
#1428,#1429,#1430,#1431,#1432,#1433,#1434,#1435,#1436,#1437,#1438,#1439,
#1440,#1441,#1442,#1443,#1444,#1445,#1446,#1447,#1448,#1449,#1450,#1451,
#1452,#1453,#1454,#1455,#1456,#1457,#1458,#1459,#1460,#1461,#1462,#1463,
#1464));
#1470=CLOSED_SHELL('',(#1465,#1466,#1467,#1468));
#1471=BREP_WITH_VOIDS('Body1',#1469,(#14));
#1472=DERIVED_UNIT_ELEMENT(#1474,1.);
#1473=DERIVED_UNIT_ELEMENT(#3512,3.);
#1474=(
MASS_UNIT()
NAMED_UNIT(*)
SI_UNIT(.KILO.,.GRAM.)
);
#1475=DERIVED_UNIT((#1472,#1473));
#1476=MEASURE_REPRESENTATION_ITEM('density measure',
POSITIVE_RATIO_MEASURE(1000.),#1475);
#1477=PROPERTY_DEFINITION_REPRESENTATION(#1482,#1479);
#1478=PROPERTY_DEFINITION_REPRESENTATION(#1483,#1480);
#1479=REPRESENTATION('material name',(#1481),#3509);
#1480=REPRESENTATION('density',(#1476),#3509);
#1481=DESCRIPTIVE_REPRESENTATION_ITEM('Generic','Generic');
#1482=PROPERTY_DEFINITION('material property','material name',#3519);
#1483=PROPERTY_DEFINITION('material property','density of part',#3519);
#1484=AXIS2_PLACEMENT_3D('placement',#2259,#1728,#1729);
#1485=AXIS2_PLACEMENT_3D('',#2476,#1730,#1731);
#1486=AXIS2_PLACEMENT_3D('',#2487,#1732,#1733);
#1487=AXIS2_PLACEMENT_3D('',#2490,#1734,#1735);
#1488=AXIS2_PLACEMENT_3D('',#2492,#1736,#1737);
#1489=AXIS2_PLACEMENT_3D('',#2494,#1738,#1739);
#1490=AXIS2_PLACEMENT_3D('',#2496,#1740,#1741);
#1491=AXIS2_PLACEMENT_3D('',#2497,#1742,#1743);
#1492=AXIS2_PLACEMENT_3D('',#2498,#1744,#1745);
#1493=AXIS2_PLACEMENT_3D('',#2499,#1746,#1747);
#1494=AXIS2_PLACEMENT_3D('',#2502,#1748,#1749);
#1495=AXIS2_PLACEMENT_3D('',#2504,#1750,#1751);
#1496=AXIS2_PLACEMENT_3D('',#2505,#1752,#1753);
#1497=AXIS2_PLACEMENT_3D('',#2506,#1754,#1755);
#1498=AXIS2_PLACEMENT_3D('',#2507,#1756,#1757);
#1499=AXIS2_PLACEMENT_3D('',#2511,#1759,#1760);
#1500=AXIS2_PLACEMENT_3D('',#2513,#1761,#1762);
#1501=AXIS2_PLACEMENT_3D('',#2514,#1763,#1764);
#1502=AXIS2_PLACEMENT_3D('',#2707,#1765,#1766);
#1503=AXIS2_PLACEMENT_3D('',#2708,#1767,#1768);
#1504=AXIS2_PLACEMENT_3D('',#2711,#1769,#1770);
#1505=AXIS2_PLACEMENT_3D('',#2713,#1771,#1772);
#1506=AXIS2_PLACEMENT_3D('',#2715,#1773,#1774);
#1507=AXIS2_PLACEMENT_3D('',#2717,#1775,#1776);
#1508=AXIS2_PLACEMENT_3D('',#2719,#1777,#1778);
#1509=AXIS2_PLACEMENT_3D('',#2720,#1779,#1780);
#1510=AXIS2_PLACEMENT_3D('',#2721,#1781,#1782);
#1511=AXIS2_PLACEMENT_3D('',#2722,#1783,#1784);
#1512=AXIS2_PLACEMENT_3D('',#2724,#1786,#1787);
#1513=AXIS2_PLACEMENT_3D('',#2725,#1788,#1789);
#1514=AXIS2_PLACEMENT_3D('',#2726,#1790,#1791);
#1515=AXIS2_PLACEMENT_3D('',#2730,#1793,#1794);
#1516=AXIS2_PLACEMENT_3D('',#2731,#1795,#1796);
#1517=AXIS2_PLACEMENT_3D('',#2732,#1797,#1798);
#1518=AXIS2_PLACEMENT_3D('',#2735,#1799,#1800);
#1519=AXIS2_PLACEMENT_3D('',#2736,#1801,#1802);
#1520=AXIS2_PLACEMENT_3D('',#2738,#1804,#1805);
#1521=AXIS2_PLACEMENT_3D('',#2741,#1806,#1807);
#1522=AXIS2_PLACEMENT_3D('',#2743,#1808,#1809);
#1523=AXIS2_PLACEMENT_3D('',#2744,#1810,#1811);
#1524=AXIS2_PLACEMENT_3D('',#2746,#1813,#1814);
#1525=AXIS2_PLACEMENT_3D('',#2749,#1815,#1816);
#1526=AXIS2_PLACEMENT_3D('',#2751,#1817,#1818);
#1527=AXIS2_PLACEMENT_3D('',#2752,#1819,#1820);
#1528=AXIS2_PLACEMENT_3D('',#2753,#1821,#1822);
#1529=AXIS2_PLACEMENT_3D('',#2754,#1823,#1824);
#1530=AXIS2_PLACEMENT_3D('',#2758,#1826,#1827);
#1531=AXIS2_PLACEMENT_3D('',#2759,#1828,#1829);
#1532=AXIS2_PLACEMENT_3D('',#2760,#1830,#1831);
#1533=AXIS2_PLACEMENT_3D('',#2763,#1832,#1833);
#1534=AXIS2_PLACEMENT_3D('',#2764,#1834,#1835);
#1535=AXIS2_PLACEMENT_3D('',#2766,#1837,#1838);
#1536=AXIS2_PLACEMENT_3D('',#2769,#1839,#1840);
#1537=AXIS2_PLACEMENT_3D('',#2771,#1841,#1842);
#1538=AXIS2_PLACEMENT_3D('',#2772,#1843,#1844);
#1539=AXIS2_PLACEMENT_3D('',#2774,#1846,#1847);
#1540=AXIS2_PLACEMENT_3D('',#2777,#1848,#1849);
#1541=AXIS2_PLACEMENT_3D('',#2779,#1850,#1851);
#1542=AXIS2_PLACEMENT_3D('',#2780,#1852,#1853);
#1543=AXIS2_PLACEMENT_3D('',#2781,#1854,#1855);
#1544=AXIS2_PLACEMENT_3D('',#2782,#1856,#1857);
#1545=AXIS2_PLACEMENT_3D('',#2786,#1859,#1860);
#1546=AXIS2_PLACEMENT_3D('',#2787,#1861,#1862);
#1547=AXIS2_PLACEMENT_3D('',#2788,#1863,#1864);
#1548=AXIS2_PLACEMENT_3D('',#2791,#1865,#1866);
#1549=AXIS2_PLACEMENT_3D('',#2792,#1867,#1868);
#1550=AXIS2_PLACEMENT_3D('',#2794,#1870,#1871);
#1551=AXIS2_PLACEMENT_3D('',#2797,#1872,#1873);
#1552=AXIS2_PLACEMENT_3D('',#2799,#1874,#1875);
#1553=AXIS2_PLACEMENT_3D('',#2800,#1876,#1877);
#1554=AXIS2_PLACEMENT_3D('',#2802,#1879,#1880);
#1555=AXIS2_PLACEMENT_3D('',#2805,#1881,#1882);
#1556=AXIS2_PLACEMENT_3D('',#2807,#1883,#1884);
#1557=AXIS2_PLACEMENT_3D('',#2808,#1885,#1886);
#1558=AXIS2_PLACEMENT_3D('',#2809,#1887,#1888);
#1559=AXIS2_PLACEMENT_3D('',#2810,#1889,#1890);
#1560=AXIS2_PLACEMENT_3D('',#2814,#1892,#1893);
#1561=AXIS2_PLACEMENT_3D('',#2815,#1894,#1895);
#1562=AXIS2_PLACEMENT_3D('',#2816,#1896,#1897);
#1563=AXIS2_PLACEMENT_3D('',#2819,#1898,#1899);
#1564=AXIS2_PLACEMENT_3D('',#2820,#1900,#1901);
#1565=AXIS2_PLACEMENT_3D('',#2822,#1903,#1904);
#1566=AXIS2_PLACEMENT_3D('',#2825,#1905,#1906);
#1567=AXIS2_PLACEMENT_3D('',#2827,#1907,#1908);
#1568=AXIS2_PLACEMENT_3D('',#2828,#1909,#1910);
#1569=AXIS2_PLACEMENT_3D('',#2830,#1912,#1913);
#1570=AXIS2_PLACEMENT_3D('',#2833,#1914,#1915);
#1571=AXIS2_PLACEMENT_3D('',#2835,#1916,#1917);
#1572=AXIS2_PLACEMENT_3D('',#2836,#1918,#1919);
#1573=AXIS2_PLACEMENT_3D('',#2837,#1920,#1921);
#1574=AXIS2_PLACEMENT_3D('',#2838,#1922,#1923);
#1575=AXIS2_PLACEMENT_3D('',#2842,#1925,#1926);
#1576=AXIS2_PLACEMENT_3D('',#2843,#1927,#1928);
#1577=AXIS2_PLACEMENT_3D('',#2844,#1929,#1930);
#1578=AXIS2_PLACEMENT_3D('',#2847,#1931,#1932);
#1579=AXIS2_PLACEMENT_3D('',#2848,#1933,#1934);
#1580=AXIS2_PLACEMENT_3D('',#2850,#1936,#1937);
#1581=AXIS2_PLACEMENT_3D('',#2853,#1938,#1939);
#1582=AXIS2_PLACEMENT_3D('',#2855,#1940,#1941);
#1583=AXIS2_PLACEMENT_3D('',#2856,#1942,#1943);
#1584=AXIS2_PLACEMENT_3D('',#2858,#1945,#1946);
#1585=AXIS2_PLACEMENT_3D('',#2861,#1947,#1948);
#1586=AXIS2_PLACEMENT_3D('',#2863,#1949,#1950);
#1587=AXIS2_PLACEMENT_3D('',#2864,#1951,#1952);
#1588=AXIS2_PLACEMENT_3D('',#2865,#1953,#1954);
#1589=AXIS2_PLACEMENT_3D('',#2866,#1955,#1956);
#1590=AXIS2_PLACEMENT_3D('',#2870,#1958,#1959);
#1591=AXIS2_PLACEMENT_3D('',#2871,#1960,#1961);
#1592=AXIS2_PLACEMENT_3D('',#2872,#1962,#1963);
#1593=AXIS2_PLACEMENT_3D('',#2875,#1964,#1965);
#1594=AXIS2_PLACEMENT_3D('',#2876,#1966,#1967);
#1595=AXIS2_PLACEMENT_3D('',#2878,#1969,#1970);
#1596=AXIS2_PLACEMENT_3D('',#2881,#1971,#1972);
#1597=AXIS2_PLACEMENT_3D('',#2883,#1973,#1974);
#1598=AXIS2_PLACEMENT_3D('',#2884,#1975,#1976);
#1599=AXIS2_PLACEMENT_3D('',#2886,#1978,#1979);
#1600=AXIS2_PLACEMENT_3D('',#2889,#1980,#1981);
#1601=AXIS2_PLACEMENT_3D('',#2891,#1982,#1983);
#1602=AXIS2_PLACEMENT_3D('',#2892,#1984,#1985);
#1603=AXIS2_PLACEMENT_3D('',#2893,#1986,#1987);
#1604=AXIS2_PLACEMENT_3D('',#2894,#1988,#1989);
#1605=AXIS2_PLACEMENT_3D('',#2898,#1991,#1992);
#1606=AXIS2_PLACEMENT_3D('',#2899,#1993,#1994);
#1607=AXIS2_PLACEMENT_3D('',#2900,#1995,#1996);
#1608=AXIS2_PLACEMENT_3D('',#2903,#1997,#1998);
#1609=AXIS2_PLACEMENT_3D('',#2904,#1999,#2000);
#1610=AXIS2_PLACEMENT_3D('',#2906,#2002,#2003);
#1611=AXIS2_PLACEMENT_3D('',#2909,#2004,#2005);
#1612=AXIS2_PLACEMENT_3D('',#2911,#2006,#2007);
#1613=AXIS2_PLACEMENT_3D('',#2912,#2008,#2009);
#1614=AXIS2_PLACEMENT_3D('',#2914,#2011,#2012);
#1615=AXIS2_PLACEMENT_3D('',#2917,#2013,#2014);
#1616=AXIS2_PLACEMENT_3D('',#2919,#2015,#2016);
#1617=AXIS2_PLACEMENT_3D('',#2920,#2017,#2018);
#1618=AXIS2_PLACEMENT_3D('',#2921,#2019,#2020);
#1619=AXIS2_PLACEMENT_3D('',#2922,#2021,#2022);
#1620=AXIS2_PLACEMENT_3D('',#2926,#2024,#2025);
#1621=AXIS2_PLACEMENT_3D('',#2927,#2026,#2027);
#1622=AXIS2_PLACEMENT_3D('',#2928,#2028,#2029);
#1623=AXIS2_PLACEMENT_3D('',#2931,#2030,#2031);
#1624=AXIS2_PLACEMENT_3D('',#2932,#2032,#2033);
#1625=AXIS2_PLACEMENT_3D('',#2934,#2035,#2036);
#1626=AXIS2_PLACEMENT_3D('',#2937,#2037,#2038);
#1627=AXIS2_PLACEMENT_3D('',#2939,#2039,#2040);
#1628=AXIS2_PLACEMENT_3D('',#2940,#2041,#2042);
#1629=AXIS2_PLACEMENT_3D('',#2942,#2044,#2045);
#1630=AXIS2_PLACEMENT_3D('',#2945,#2046,#2047);
#1631=AXIS2_PLACEMENT_3D('',#2947,#2048,#2049);
#1632=AXIS2_PLACEMENT_3D('',#2948,#2050,#2051);
#1633=AXIS2_PLACEMENT_3D('',#2949,#2052,#2053);
#1634=AXIS2_PLACEMENT_3D('',#2950,#2054,#2055);
#1635=AXIS2_PLACEMENT_3D('',#2954,#2057,#2058);
#1636=AXIS2_PLACEMENT_3D('',#2955,#2059,#2060);
#1637=AXIS2_PLACEMENT_3D('',#2956,#2061,#2062);
#1638=AXIS2_PLACEMENT_3D('',#2959,#2063,#2064);
#1639=AXIS2_PLACEMENT_3D('',#2960,#2065,#2066);
#1640=AXIS2_PLACEMENT_3D('',#2962,#2068,#2069);
#1641=AXIS2_PLACEMENT_3D('',#2965,#2070,#2071);
#1642=AXIS2_PLACEMENT_3D('',#2967,#2072,#2073);
#1643=AXIS2_PLACEMENT_3D('',#2968,#2074,#2075);
#1644=AXIS2_PLACEMENT_3D('',#2970,#2077,#2078);
#1645=AXIS2_PLACEMENT_3D('',#2973,#2079,#2080);
#1646=AXIS2_PLACEMENT_3D('',#2975,#2081,#2082);
#1647=AXIS2_PLACEMENT_3D('',#2976,#2083,#2084);
#1648=AXIS2_PLACEMENT_3D('',#2977,#2085,#2086);
#1649=AXIS2_PLACEMENT_3D('',#2978,#2087,#2088);
#1650=AXIS2_PLACEMENT_3D('',#2982,#2090,#2091);
#1651=AXIS2_PLACEMENT_3D('',#2983,#2092,#2093);
#1652=AXIS2_PLACEMENT_3D('',#2984,#2094,#2095);
#1653=AXIS2_PLACEMENT_3D('',#2987,#2096,#2097);
#1654=AXIS2_PLACEMENT_3D('',#2988,#2098,#2099);
#1655=AXIS2_PLACEMENT_3D('',#2990,#2101,#2102);
#1656=AXIS2_PLACEMENT_3D('',#2993,#2103,#2104);
#1657=AXIS2_PLACEMENT_3D('',#2995,#2105,#2106);
#1658=AXIS2_PLACEMENT_3D('',#2996,#2107,#2108);
#1659=AXIS2_PLACEMENT_3D('',#2998,#2110,#2111);
#1660=AXIS2_PLACEMENT_3D('',#3001,#2112,#2113);
#1661=AXIS2_PLACEMENT_3D('',#3003,#2114,#2115);
#1662=AXIS2_PLACEMENT_3D('',#3004,#2116,#2117);
#1663=AXIS2_PLACEMENT_3D('',#3005,#2118,#2119);
#1664=AXIS2_PLACEMENT_3D('',#3006,#2120,#2121);
#1665=AXIS2_PLACEMENT_3D('',#3010,#2123,#2124);
#1666=AXIS2_PLACEMENT_3D('',#3011,#2125,#2126);
#1667=AXIS2_PLACEMENT_3D('',#3012,#2127,#2128);
#1668=AXIS2_PLACEMENT_3D('',#3015,#2129,#2130);
#1669=AXIS2_PLACEMENT_3D('',#3016,#2131,#2132);
#1670=AXIS2_PLACEMENT_3D('',#3018,#2134,#2135);
#1671=AXIS2_PLACEMENT_3D('',#3021,#2136,#2137);
#1672=AXIS2_PLACEMENT_3D('',#3023,#2138,#2139);
#1673=AXIS2_PLACEMENT_3D('',#3024,#2140,#2141);
#1674=AXIS2_PLACEMENT_3D('',#3026,#2143,#2144);
#1675=AXIS2_PLACEMENT_3D('',#3029,#2145,#2146);
#1676=AXIS2_PLACEMENT_3D('',#3031,#2147,#2148);
#1677=AXIS2_PLACEMENT_3D('',#3032,#2149,#2150);
#1678=AXIS2_PLACEMENT_3D('',#3033,#2151,#2152);
#1679=AXIS2_PLACEMENT_3D('',#3034,#2153,#2154);
#1680=AXIS2_PLACEMENT_3D('',#3038,#2156,#2157);
#1681=AXIS2_PLACEMENT_3D('',#3039,#2158,#2159);
#1682=AXIS2_PLACEMENT_3D('',#3040,#2160,#2161);
#1683=AXIS2_PLACEMENT_3D('',#3043,#2162,#2163);
#1684=AXIS2_PLACEMENT_3D('',#3044,#2164,#2165);
#1685=AXIS2_PLACEMENT_3D('',#3046,#2167,#2168);
#1686=AXIS2_PLACEMENT_3D('',#3049,#2169,#2170);
#1687=AXIS2_PLACEMENT_3D('',#3051,#2171,#2172);
#1688=AXIS2_PLACEMENT_3D('',#3052,#2173,#2174);
#1689=AXIS2_PLACEMENT_3D('',#3054,#2176,#2177);
#1690=AXIS2_PLACEMENT_3D('',#3057,#2178,#2179);
#1691=AXIS2_PLACEMENT_3D('',#3059,#2180,#2181);
#1692=AXIS2_PLACEMENT_3D('',#3060,#2182,#2183);
#1693=AXIS2_PLACEMENT_3D('',#3061,#2184,#2185);
#1694=AXIS2_PLACEMENT_3D('',#3062,#2186,#2187);
#1695=AXIS2_PLACEMENT_3D('',#3066,#2189,#2190);
#1696=AXIS2_PLACEMENT_3D('',#3067,#2191,#2192);
#1697=AXIS2_PLACEMENT_3D('',#3068,#2193,#2194);
#1698=AXIS2_PLACEMENT_3D('',#3071,#2195,#2196);
#1699=AXIS2_PLACEMENT_3D('',#3072,#2197,#2198);
#1700=AXIS2_PLACEMENT_3D('',#3074,#2200,#2201);
#1701=AXIS2_PLACEMENT_3D('',#3077,#2202,#2203);
#1702=AXIS2_PLACEMENT_3D('',#3079,#2204,#2205);
#1703=AXIS2_PLACEMENT_3D('',#3080,#2206,#2207);
#1704=AXIS2_PLACEMENT_3D('',#3082,#2209,#2210);
#1705=AXIS2_PLACEMENT_3D('',#3085,#2211,#2212);
#1706=AXIS2_PLACEMENT_3D('',#3086,#2213,#2214);
#1707=AXIS2_PLACEMENT_3D('',#3087,#2215,#2216);
#1708=AXIS2_PLACEMENT_3D('',#3088,#2217,#2218);
#1709=AXIS2_PLACEMENT_3D('',#3091,#2219,#2220);
#1710=AXIS2_PLACEMENT_3D('',#3092,#2221,#2222);
#1711=AXIS2_PLACEMENT_3D('',#3093,#2223,#2224);
#1712=AXIS2_PLACEMENT_3D('',#3096,#2225,#2226);
#1713=AXIS2_PLACEMENT_3D('',#3097,#2227,#2228);
#1714=AXIS2_PLACEMENT_3D('',#3099,#2230,#2231);
#1715=AXIS2_PLACEMENT_3D('',#3102,#2232,#2233);
#1716=AXIS2_PLACEMENT_3D('',#3103,#2234,#2235);
#1717=AXIS2_PLACEMENT_3D('',#3104,#2236,#2237);
#1718=AXIS2_PLACEMENT_3D('',#3108,#2239,#2240);
#1719=AXIS2_PLACEMENT_3D('',#3109,#2241,#2242);
#1720=AXIS2_PLACEMENT_3D('',#3110,#2243,#2244);
#1721=AXIS2_PLACEMENT_3D('',#3111,#2245,#2246);
#1722=AXIS2_PLACEMENT_3D('',#3114,#2247,#2248);
#1723=AXIS2_PLACEMENT_3D('',#3115,#2249,#2250);
#1724=AXIS2_PLACEMENT_3D('',#3116,#2251,#2252);
#1725=AXIS2_PLACEMENT_3D('',#3117,#2253,#2254);
#1726=AXIS2_PLACEMENT_3D('',#3209,#2255,#2256);
#1727=AXIS2_PLACEMENT_3D('',#3392,#2257,#2258);
#1728=DIRECTION('axis',(0.,0.,1.));
#1729=DIRECTION('refdir',(1.,0.,0.));
#1730=DIRECTION('center_axis',(0.,-1.,0.));
#1731=DIRECTION('ref_axis',(-1.,0.,0.));
#1732=DIRECTION('center_axis',(0.,1.,0.));
#1733=DIRECTION('ref_axis',(0.,0.,1.));
#1734=DIRECTION('center_axis',(0.,-1.,0.));
#1735=DIRECTION('ref_axis',(-1.,0.,0.));
#1736=DIRECTION('center_axis',(-1.,0.,1.22464679914735E-16));
#1737=DIRECTION('ref_axis',(-1.22464679914735E-16,0.,-1.));
#1738=DIRECTION('center_axis',(0.,1.,0.));
#1739=DIRECTION('ref_axis',(-1.,0.,6.12323399573677E-17));
#1740=DIRECTION('center_axis',(0.,1.,0.));
#1741=DIRECTION('ref_axis',(-1.,0.,6.12323399573677E-17));
#1742=DIRECTION('center_axis',(0.,1.,0.));
#1743=DIRECTION('ref_axis',(-1.,0.,6.12323399573677E-17));
#1744=DIRECTION('center_axis',(0.,-1.,0.));
#1745=DIRECTION('ref_axis',(-1.,0.,0.));
#1746=DIRECTION('center_axis',(0.,1.,0.));
#1747=DIRECTION('ref_axis',(0.,0.,1.));
#1748=DIRECTION('center_axis',(0.,1.,0.));
#1749=DIRECTION('ref_axis',(1.,0.,0.));
#1750=DIRECTION('center_axis',(0.,1.,0.));
#1751=DIRECTION('ref_axis',(1.,0.,0.));
#1752=DIRECTION('center_axis',(-1.,0.,1.22464679914735E-16));
#1753=DIRECTION('ref_axis',(-1.22464679914735E-16,0.,-1.));
#1754=DIRECTION('center_axis',(0.,1.,0.));
#1755=DIRECTION('ref_axis',(1.,0.,0.));
#1756=DIRECTION('center_axis',(0.,1.,0.));
#1757=DIRECTION('ref_axis',(-1.,0.,0.));
#1758=DIRECTION('',(-0.113972263907873,-0.993483931958496,1.39575768186354E-17));
#1759=DIRECTION('center_axis',(0.,-1.,0.));
#1760=DIRECTION('ref_axis',(-1.,0.,1.22464679914735E-16));
#1761=DIRECTION('center_axis',(0.,-1.,0.));
#1762=DIRECTION('ref_axis',(-1.,0.,1.22464679914735E-16));
#1763=DIRECTION('center_axis',(0.,-1.,0.));
#1764=DIRECTION('ref_axis',(-1.,0.,1.22464679914735E-16));
#1765=DIRECTION('center_axis',(0.,1.,0.));
#1766=DIRECTION('ref_axis',(1.,0.,0.));
#1767=DIRECTION('center_axis',(3.45788671226254E-49,-1.,-2.15026304925054E-33));
#1768=DIRECTION('ref_axis',(1.,0.,1.60812264967664E-16));
#1769=DIRECTION('center_axis',(-3.45788671226254E-49,1.,2.15026304925054E-33));
#1770=DIRECTION('ref_axis',(1.,0.,1.60812264967664E-16));
#1771=DIRECTION('center_axis',(-3.45788671226254E-49,1.,2.15026304925054E-33));
#1772=DIRECTION('ref_axis',(1.,0.,1.60812264967664E-16));
#1773=DIRECTION('center_axis',(3.83475850529283E-17,2.15026304925054E-33,
-1.));
#1774=DIRECTION('ref_axis',(-1.,0.,-3.83475850529283E-17));
#1775=DIRECTION('center_axis',(0.,1.,0.));
#1776=DIRECTION('ref_axis',(-1.,0.,1.22464679914735E-16));
#1777=DIRECTION('center_axis',(0.,1.,0.));
#1778=DIRECTION('ref_axis',(-1.,0.,1.22464679914735E-16));
#1779=DIRECTION('center_axis',(0.,1.,0.));
#1780=DIRECTION('ref_axis',(-1.,0.,1.22464679914735E-16));
#1781=DIRECTION('center_axis',(-3.45788671226254E-49,1.,2.15026304925054E-33));
#1782=DIRECTION('ref_axis',(1.,0.,1.60812264967664E-16));
#1783=DIRECTION('center_axis',(0.,1.,0.));
#1784=DIRECTION('ref_axis',(0.,0.,1.));
#1785=DIRECTION('',(1.39575768186355E-17,-0.993483931958496,0.113972263907874));
#1786=DIRECTION('center_axis',(0.,1.,0.));
#1787=DIRECTION('ref_axis',(0.,0.,1.));
#1788=DIRECTION('center_axis',(-1.,0.,1.22464679914735E-16));
#1789=DIRECTION('ref_axis',(-1.22464679914735E-16,0.,-1.));
#1790=DIRECTION('center_axis',(0.,1.,0.));
#1791=DIRECTION('ref_axis',(-1.,0.,0.));
#1792=DIRECTION('',(-0.523158402677551,-0.852235463770356,6.40684263286105E-17));
#1793=DIRECTION('center_axis',(0.,1.,0.));
#1794=DIRECTION('ref_axis',(1.,0.,0.));
#1795=DIRECTION('center_axis',(0.,1.,0.));
#1796=DIRECTION('ref_axis',(1.,0.,0.));
#1797=DIRECTION('center_axis',(0.,-1.,0.));
#1798=DIRECTION('ref_axis',(-1.,0.,0.));
#1799=DIRECTION('center_axis',(0.,1.,0.));
#1800=DIRECTION('ref_axis',(1.,0.,0.));
#1801=DIRECTION('center_axis',(0.,1.,0.));
#1802=DIRECTION('ref_axis',(1.,0.,0.));
#1803=DIRECTION('',(0.852235463770365,-0.523158402677537,-1.04368743282624E-16));
#1804=DIRECTION('center_axis',(0.,1.,0.));
#1805=DIRECTION('ref_axis',(-1.,0.,0.));
#1806=DIRECTION('center_axis',(0.,1.,0.));
#1807=DIRECTION('ref_axis',(1.,0.,0.));
#1808=DIRECTION('center_axis',(0.,1.,0.));
#1809=DIRECTION('ref_axis',(1.,0.,0.));
#1810=DIRECTION('center_axis',(0.,1.,0.));
#1811=DIRECTION('ref_axis',(1.,0.,0.));
#1812=DIRECTION('',(-0.527940098239858,-0.849281609756439,6.46540151450982E-17));
#1813=DIRECTION('center_axis',(0.,1.,0.));
#1814=DIRECTION('ref_axis',(0.,0.,1.));
#1815=DIRECTION('center_axis',(0.,1.,0.));
#1816=DIRECTION('ref_axis',(1.,0.,0.));
#1817=DIRECTION('center_axis',(0.,1.,0.));
#1818=DIRECTION('ref_axis',(1.,0.,0.));
#1819=DIRECTION('center_axis',(-1.,0.,1.22464679914735E-16));
#1820=DIRECTION('ref_axis',(-1.22464679914735E-16,0.,-1.));
#1821=DIRECTION('center_axis',(0.,1.,0.));
#1822=DIRECTION('ref_axis',(1.,0.,0.));
#1823=DIRECTION('center_axis',(0.,1.,0.));
#1824=DIRECTION('ref_axis',(-1.,0.,0.));
#1825=DIRECTION('',(-0.491831272569173,-0.870690530167285,6.02319593672407E-17));
#1826=DIRECTION('center_axis',(0.,1.,0.));
#1827=DIRECTION('ref_axis',(1.,0.,0.));
#1828=DIRECTION('center_axis',(0.,1.,0.));
#1829=DIRECTION('ref_axis',(1.,0.,0.));
#1830=DIRECTION('center_axis',(0.,-1.,0.));
#1831=DIRECTION('ref_axis',(-1.,0.,0.));
#1832=DIRECTION('center_axis',(0.,1.,0.));
#1833=DIRECTION('ref_axis',(1.,0.,0.));
#1834=DIRECTION('center_axis',(0.,1.,0.));
#1835=DIRECTION('ref_axis',(1.,0.,0.));
#1836=DIRECTION('',(0.870690530167287,-0.491831272569169,-1.06628837081728E-16));
#1837=DIRECTION('center_axis',(0.,1.,0.));
#1838=DIRECTION('ref_axis',(-1.,0.,0.));
#1839=DIRECTION('center_axis',(0.,1.,0.));
#1840=DIRECTION('ref_axis',(1.,0.,0.));
#1841=DIRECTION('center_axis',(0.,1.,0.));
#1842=DIRECTION('ref_axis',(1.,0.,0.));
#1843=DIRECTION('center_axis',(0.,1.,0.));
#1844=DIRECTION('ref_axis',(1.,0.,0.));
#1845=DIRECTION('',(-0.496717188979305,-0.867912457666381,6.08303115564977E-17));
#1846=DIRECTION('center_axis',(0.,1.,0.));
#1847=DIRECTION('ref_axis',(0.,0.,1.));
#1848=DIRECTION('center_axis',(0.,1.,0.));
#1849=DIRECTION('ref_axis',(1.,0.,0.));
#1850=DIRECTION('center_axis',(0.,1.,0.));
#1851=DIRECTION('ref_axis',(1.,0.,0.));
#1852=DIRECTION('center_axis',(-1.,0.,1.22464679914735E-16));
#1853=DIRECTION('ref_axis',(-1.22464679914735E-16,0.,-1.));
#1854=DIRECTION('center_axis',(0.,1.,0.));
#1855=DIRECTION('ref_axis',(1.,0.,0.));
#1856=DIRECTION('center_axis',(0.,1.,0.));
#1857=DIRECTION('ref_axis',(-1.,0.,0.));
#1858=DIRECTION('',(-0.459853952065118,-0.887994562353899,5.63158670471807E-17));
#1859=DIRECTION('center_axis',(0.,1.,0.));
#1860=DIRECTION('ref_axis',(1.,0.,0.));
#1861=DIRECTION('center_axis',(0.,1.,0.));
#1862=DIRECTION('ref_axis',(1.,0.,0.));
#1863=DIRECTION('center_axis',(0.,-1.,0.));
#1864=DIRECTION('ref_axis',(-1.,0.,0.));
#1865=DIRECTION('center_axis',(0.,1.,0.));
#1866=DIRECTION('ref_axis',(1.,0.,0.));
#1867=DIRECTION('center_axis',(0.,1.,0.));
#1868=DIRECTION('ref_axis',(1.,0.,0.));
#1869=DIRECTION('',(0.887994562353926,-0.459853952065065,-1.08747969844699E-16));
#1870=DIRECTION('center_axis',(0.,1.,0.));
#1871=DIRECTION('ref_axis',(-1.,0.,0.));
#1872=DIRECTION('center_axis',(0.,1.,0.));
#1873=DIRECTION('ref_axis',(1.,0.,0.));
#1874=DIRECTION('center_axis',(0.,1.,0.));
#1875=DIRECTION('ref_axis',(1.,0.,0.));
#1876=DIRECTION('center_axis',(0.,1.,0.));
#1877=DIRECTION('ref_axis',(1.,0.,0.));
#1878=DIRECTION('',(-0.464837630246122,-0.885395943918409,5.69261916004154E-17));
#1879=DIRECTION('center_axis',(0.,1.,0.));
#1880=DIRECTION('ref_axis',(0.,0.,1.));
#1881=DIRECTION('center_axis',(0.,1.,0.));
#1882=DIRECTION('ref_axis',(1.,0.,0.));
#1883=DIRECTION('center_axis',(0.,1.,0.));
#1884=DIRECTION('ref_axis',(1.,0.,0.));
#1885=DIRECTION('center_axis',(-1.,0.,1.22464679914735E-16));
#1886=DIRECTION('ref_axis',(-1.22464679914735E-16,0.,-1.));
#1887=DIRECTION('center_axis',(0.,1.,0.));
#1888=DIRECTION('ref_axis',(1.,0.,0.));
#1889=DIRECTION('center_axis',(0.,1.,0.));
#1890=DIRECTION('ref_axis',(-1.,0.,0.));
#1891=DIRECTION('',(-0.427268714497197,-0.904124684770808,5.23253263584796E-17));
#1892=DIRECTION('center_axis',(0.,1.,0.));
#1893=DIRECTION('ref_axis',(1.,0.,0.));
#1894=DIRECTION('center_axis',(0.,1.,0.));
#1895=DIRECTION('ref_axis',(1.,0.,0.));
#1896=DIRECTION('center_axis',(0.,-1.,0.));
#1897=DIRECTION('ref_axis',(-1.,0.,0.));
#1898=DIRECTION('center_axis',(0.,1.,0.));
#1899=DIRECTION('ref_axis',(1.,0.,0.));
#1900=DIRECTION('center_axis',(0.,1.,0.));
#1901=DIRECTION('ref_axis',(1.,0.,0.));
#1902=DIRECTION('',(0.904124684770822,-0.427268714497168,-1.1072334012347E-16));
#1903=DIRECTION('center_axis',(0.,1.,0.));
#1904=DIRECTION('ref_axis',(-1.,0.,0.));
#1905=DIRECTION('center_axis',(0.,1.,0.));
#1906=DIRECTION('ref_axis',(1.,0.,0.));
#1907=DIRECTION('center_axis',(0.,1.,0.));
#1908=DIRECTION('ref_axis',(1.,0.,0.));
#1909=DIRECTION('center_axis',(0.,1.,0.));
#1910=DIRECTION('ref_axis',(1.,0.,0.));
#1911=DIRECTION('',(-0.432343566133535,-0.901708955718494,5.29468164397386E-17));
#1912=DIRECTION('center_axis',(0.,1.,0.));
#1913=DIRECTION('ref_axis',(0.,0.,1.));
#1914=DIRECTION('center_axis',(0.,1.,0.));
#1915=DIRECTION('ref_axis',(1.,0.,0.));
#1916=DIRECTION('center_axis',(0.,1.,0.));
#1917=DIRECTION('ref_axis',(1.,0.,0.));
#1918=DIRECTION('center_axis',(-1.,0.,1.22464679914735E-16));
#1919=DIRECTION('ref_axis',(-1.22464679914735E-16,0.,-1.));
#1920=DIRECTION('center_axis',(0.,1.,0.));
#1921=DIRECTION('ref_axis',(1.,0.,0.));
#1922=DIRECTION('center_axis',(0.,1.,0.));
#1923=DIRECTION('ref_axis',(-1.,0.,0.));
#1924=DIRECTION('',(-0.394118636850827,-0.91905957374201,4.82656127103683E-17));
#1925=DIRECTION('center_axis',(0.,1.,0.));
#1926=DIRECTION('ref_axis',(1.,0.,0.));
#1927=DIRECTION('center_axis',(0.,1.,0.));
#1928=DIRECTION('ref_axis',(1.,0.,0.));
#1929=DIRECTION('center_axis',(0.,-1.,0.));
#1930=DIRECTION('ref_axis',(-1.,0.,0.));
#1931=DIRECTION('center_axis',(0.,1.,0.));
#1932=DIRECTION('ref_axis',(1.,0.,0.));
#1933=DIRECTION('center_axis',(0.,1.,0.));
#1934=DIRECTION('ref_axis',(1.,0.,0.));
#1935=DIRECTION('',(0.919059573742003,-0.394118636850844,-1.12552336520887E-16));
#1936=DIRECTION('center_axis',(0.,1.,0.));
#1937=DIRECTION('ref_axis',(-1.,0.,0.));
#1938=DIRECTION('center_axis',(0.,1.,0.));
#1939=DIRECTION('ref_axis',(1.,0.,0.));
#1940=DIRECTION('center_axis',(0.,1.,0.));
#1941=DIRECTION('ref_axis',(1.,0.,0.));
#1942=DIRECTION('center_axis',(0.,1.,0.));
#1943=DIRECTION('ref_axis',(1.,0.,0.));
#1944=DIRECTION('',(-0.399277953097387,-0.91682992761491,4.88974467230823E-17));
#1945=DIRECTION('center_axis',(0.,1.,0.));
#1946=DIRECTION('ref_axis',(0.,0.,1.));
#1947=DIRECTION('center_axis',(0.,1.,0.));
#1948=DIRECTION('ref_axis',(1.,0.,0.));
#1949=DIRECTION('center_axis',(0.,1.,0.));
#1950=DIRECTION('ref_axis',(1.,0.,0.));
#1951=DIRECTION('center_axis',(-1.,0.,1.22464679914735E-16));
#1952=DIRECTION('ref_axis',(-1.22464679914735E-16,0.,-1.));
#1953=DIRECTION('center_axis',(0.,1.,0.));
#1954=DIRECTION('ref_axis',(1.,0.,0.));
#1955=DIRECTION('center_axis',(0.,1.,0.));
#1956=DIRECTION('ref_axis',(-1.,0.,0.));
#1957=DIRECTION('',(-0.360447542817744,-0.932779485664565,4.41420929572279E-17));
#1958=DIRECTION('center_axis',(0.,1.,0.));
#1959=DIRECTION('ref_axis',(1.,0.,0.));
#1960=DIRECTION('center_axis',(0.,1.,0.));
#1961=DIRECTION('ref_axis',(1.,0.,0.));
#1962=DIRECTION('center_axis',(0.,-1.,0.));
#1963=DIRECTION('ref_axis',(-1.,0.,0.));
#1964=DIRECTION('center_axis',(0.,1.,0.));
#1965=DIRECTION('ref_axis',(1.,0.,0.));
#1966=DIRECTION('center_axis',(0.,1.,0.));
#1967=DIRECTION('ref_axis',(1.,0.,0.));
#1968=DIRECTION('',(0.932779485664524,-0.360447542817851,-1.14232541142937E-16));
#1969=DIRECTION('center_axis',(0.,1.,0.));
#1970=DIRECTION('ref_axis',(-1.,0.,0.));
#1971=DIRECTION('center_axis',(0.,1.,0.));
#1972=DIRECTION('ref_axis',(1.,0.,0.));
#1973=DIRECTION('center_axis',(0.,1.,0.));
#1974=DIRECTION('ref_axis',(1.,0.,0.));
#1975=DIRECTION('center_axis',(0.,1.,0.));
#1976=DIRECTION('ref_axis',(1.,0.,0.));
#1977=DIRECTION('',(-0.365684503169222,-0.930738870006985,4.47834356303978E-17));
#1978=DIRECTION('center_axis',(0.,1.,0.));
#1979=DIRECTION('ref_axis',(0.,0.,1.));
#1980=DIRECTION('center_axis',(0.,1.,0.));
#1981=DIRECTION('ref_axis',(1.,0.,0.));
#1982=DIRECTION('center_axis',(0.,1.,0.));
#1983=DIRECTION('ref_axis',(1.,0.,0.));
#1984=DIRECTION('center_axis',(-1.,0.,1.22464679914735E-16));
#1985=DIRECTION('ref_axis',(-1.22464679914735E-16,0.,-1.));
#1986=DIRECTION('center_axis',(0.,1.,0.));
#1987=DIRECTION('ref_axis',(1.,0.,0.));
#1988=DIRECTION('center_axis',(0.,1.,0.));
#1989=DIRECTION('ref_axis',(-1.,0.,0.));
#1990=DIRECTION('',(-0.326299944862573,-0.945266283108988,3.99602183037907E-17));
#1991=DIRECTION('center_axis',(0.,1.,0.));
#1992=DIRECTION('ref_axis',(1.,0.,0.));
#1993=DIRECTION('center_axis',(0.,1.,0.));
#1994=DIRECTION('ref_axis',(1.,0.,0.));
#1995=DIRECTION('center_axis',(0.,-1.,0.));
#1996=DIRECTION('ref_axis',(-1.,0.,0.));
#1997=DIRECTION('center_axis',(0.,1.,0.));
#1998=DIRECTION('ref_axis',(1.,0.,0.));
#1999=DIRECTION('center_axis',(0.,1.,0.));
#2000=DIRECTION('ref_axis',(1.,0.,0.));
#2001=DIRECTION('',(0.945266283109009,-0.326299944862514,-1.15761732795136E-16));
#2002=DIRECTION('center_axis',(0.,1.,0.));
#2003=DIRECTION('ref_axis',(-1.,0.,0.));
#2004=DIRECTION('center_axis',(0.,1.,0.));
#2005=DIRECTION('ref_axis',(1.,0.,0.));
#2006=DIRECTION('center_axis',(0.,1.,0.));
#2007=DIRECTION('ref_axis',(1.,0.,0.));
#2008=DIRECTION('center_axis',(0.,1.,0.));
#2009=DIRECTION('ref_axis',(1.,0.,0.));
#2010=DIRECTION('',(-0.331607626169481,-0.943417395571145,4.06102217961307E-17));
#2011=DIRECTION('center_axis',(0.,1.,0.));
#2012=DIRECTION('ref_axis',(0.,0.,1.));
#2013=DIRECTION('center_axis',(0.,1.,0.));
#2014=DIRECTION('ref_axis',(1.,0.,0.));
#2015=DIRECTION('center_axis',(0.,1.,0.));
#2016=DIRECTION('ref_axis',(1.,0.,0.));
#2017=DIRECTION('center_axis',(-1.,0.,1.22464679914735E-16));
#2018=DIRECTION('ref_axis',(-1.22464679914735E-16,0.,-1.));
#2019=DIRECTION('center_axis',(0.,1.,0.));
#2020=DIRECTION('ref_axis',(1.,0.,0.));
#2021=DIRECTION('center_axis',(0.,1.,0.));
#2022=DIRECTION('ref_axis',(-1.,0.,0.));
#2023=DIRECTION('',(-0.291720985377161,-0.956503458796976,3.57255170986252E-17));
#2024=DIRECTION('center_axis',(0.,1.,0.));
#2025=DIRECTION('ref_axis',(1.,0.,0.));
#2026=DIRECTION('center_axis',(0.,1.,0.));
#2027=DIRECTION('ref_axis',(1.,0.,0.));
#2028=DIRECTION('center_axis',(0.,-1.,0.));
#2029=DIRECTION('ref_axis',(-1.,0.,0.));
#2030=DIRECTION('center_axis',(0.,1.,0.));
#2031=DIRECTION('ref_axis',(1.,0.,0.));
#2032=DIRECTION('center_axis',(0.,1.,0.));
#2033=DIRECTION('ref_axis',(1.,0.,0.));
#2034=DIRECTION('',(0.956503458797008,-0.291720985377057,-1.17137889918913E-16));
#2035=DIRECTION('center_axis',(0.,1.,0.));
#2036=DIRECTION('ref_axis',(-1.,0.,0.));
#2037=DIRECTION('center_axis',(0.,1.,0.));
#2038=DIRECTION('ref_axis',(1.,0.,0.));
#2039=DIRECTION('center_axis',(0.,1.,0.));
#2040=DIRECTION('ref_axis',(1.,0.,0.));
#2041=DIRECTION('center_axis',(0.,1.,0.));
#2042=DIRECTION('ref_axis',(1.,0.,0.));
#2043=DIRECTION('',(-0.29709237099869,-0.954848743568518,3.63833221194643E-17));
#2044=DIRECTION('center_axis',(0.,1.,0.));
#2045=DIRECTION('ref_axis',(0.,0.,1.));
#2046=DIRECTION('center_axis',(0.,1.,0.));
#2047=DIRECTION('ref_axis',(1.,0.,0.));
#2048=DIRECTION('center_axis',(0.,1.,0.));
#2049=DIRECTION('ref_axis',(1.,0.,0.));
#2050=DIRECTION('center_axis',(-1.,0.,1.22464679914735E-16));
#2051=DIRECTION('ref_axis',(-1.22464679914735E-16,0.,-1.));
#2052=DIRECTION('center_axis',(0.,1.,0.));
#2053=DIRECTION('ref_axis',(1.,0.,0.));
#2054=DIRECTION('center_axis',(0.,1.,0.));
#2055=DIRECTION('ref_axis',(-1.,0.,0.));
#2056=DIRECTION('',(-0.256756377004317,-0.966476157423253,3.14435875259008E-17));
#2057=DIRECTION('center_axis',(0.,1.,0.));
#2058=DIRECTION('ref_axis',(1.,0.,0.));
#2059=DIRECTION('center_axis',(0.,1.,0.));
#2060=DIRECTION('ref_axis',(1.,0.,0.));
#2061=DIRECTION('center_axis',(0.,-1.,0.));
#2062=DIRECTION('ref_axis',(-1.,0.,0.));
#2063=DIRECTION('center_axis',(0.,1.,0.));
#2064=DIRECTION('ref_axis',(1.,0.,0.));
#2065=DIRECTION('center_axis',(0.,1.,0.));
#2066=DIRECTION('ref_axis',(1.,0.,0.));
#2067=DIRECTION('',(0.966476157423225,-0.256756377004424,-1.18359193264059E-16));
#2068=DIRECTION('center_axis',(0.,1.,0.));
#2069=DIRECTION('ref_axis',(-1.,0.,0.));
#2070=DIRECTION('center_axis',(0.,1.,0.));
#2071=DIRECTION('ref_axis',(1.,0.,0.));
#2072=DIRECTION('center_axis',(0.,1.,0.));
#2073=DIRECTION('ref_axis',(1.,0.,0.));
#2074=DIRECTION('center_axis',(0.,1.,0.));
#2075=DIRECTION('ref_axis',(1.,0.,0.));
#2076=DIRECTION('',(-0.26218436608419,-0.965017802002135,3.21083244711482E-17));
#2077=DIRECTION('center_axis',(0.,1.,0.));
#2078=DIRECTION('ref_axis',(0.,0.,1.));
#2079=DIRECTION('center_axis',(0.,1.,0.));
#2080=DIRECTION('ref_axis',(1.,0.,0.));
#2081=DIRECTION('center_axis',(0.,1.,0.));
#2082=DIRECTION('ref_axis',(1.,0.,0.));
#2083=DIRECTION('center_axis',(-1.,0.,1.22464679914735E-16));
#2084=DIRECTION('ref_axis',(-1.22464679914735E-16,0.,-1.));
#2085=DIRECTION('center_axis',(0.,1.,0.));
#2086=DIRECTION('ref_axis',(1.,0.,0.));
#2087=DIRECTION('center_axis',(0.,1.,0.));
#2088=DIRECTION('ref_axis',(-1.,0.,0.));
#2089=DIRECTION('',(-0.221452342207036,-0.975171195293943,2.71200902047531E-17));
#2090=DIRECTION('center_axis',(0.,1.,0.));
#2091=DIRECTION('ref_axis',(1.,0.,0.));
#2092=DIRECTION('center_axis',(0.,1.,0.));
#2093=DIRECTION('ref_axis',(1.,0.,0.));
#2094=DIRECTION('center_axis',(0.,-1.,0.));
#2095=DIRECTION('ref_axis',(-1.,0.,0.));
#2096=DIRECTION('center_axis',(0.,1.,0.));
#2097=DIRECTION('ref_axis',(1.,0.,0.));
#2098=DIRECTION('center_axis',(0.,1.,0.));
#2099=DIRECTION('ref_axis',(1.,0.,0.));
#2100=DIRECTION('',(0.975171195293919,-0.22145234220714,-1.1942402829374E-16));
#2101=DIRECTION('center_axis',(0.,1.,0.));
#2102=DIRECTION('ref_axis',(-1.,0.,0.));
#2103=DIRECTION('center_axis',(0.,1.,0.));
#2104=DIRECTION('ref_axis',(1.,0.,0.));
#2105=DIRECTION('center_axis',(0.,1.,0.));
#2106=DIRECTION('ref_axis',(1.,0.,0.));
#2107=DIRECTION('center_axis',(0.,1.,0.));
#2108=DIRECTION('ref_axis',(1.,0.,0.));
#2109=DIRECTION('',(-0.226929759059852,-0.973911127594832,2.77908803063928E-17));
#2110=DIRECTION('center_axis',(0.,1.,0.));
#2111=DIRECTION('ref_axis',(0.,0.,1.));
#2112=DIRECTION('center_axis',(0.,1.,0.));
#2113=DIRECTION('ref_axis',(1.,0.,0.));
#2114=DIRECTION('center_axis',(0.,1.,0.));
#2115=DIRECTION('ref_axis',(1.,0.,0.));
#2116=DIRECTION('center_axis',(-1.,0.,1.22464679914735E-16));
#2117=DIRECTION('ref_axis',(-1.22464679914735E-16,0.,-1.));
#2118=DIRECTION('center_axis',(0.,1.,0.));
#2119=DIRECTION('ref_axis',(1.,0.,0.));
#2120=DIRECTION('center_axis',(0.,1.,0.));
#2121=DIRECTION('ref_axis',(-1.,0.,0.));
#2122=DIRECTION('',(-0.18585555216216,-0.98257707775548,2.27607407059154E-17));
#2123=DIRECTION('center_axis',(0.,1.,0.));
#2124=DIRECTION('ref_axis',(1.,0.,0.));
#2125=DIRECTION('center_axis',(0.,1.,0.));
#2126=DIRECTION('ref_axis',(1.,0.,0.));
#2127=DIRECTION('center_axis',(0.,-1.,0.));
#2128=DIRECTION('ref_axis',(-1.,0.,0.));
#2129=DIRECTION('center_axis',(0.,1.,0.));
#2130=DIRECTION('ref_axis',(1.,0.,0.));
#2131=DIRECTION('center_axis',(0.,1.,0.));
#2132=DIRECTION('ref_axis',(1.,0.,0.));
#2133=DIRECTION('',(0.982577077755475,-0.185855552162186,-1.2033098731888E-16));
#2134=DIRECTION('center_axis',(0.,1.,0.));
#2135=DIRECTION('ref_axis',(-1.,0.,0.));
#2136=DIRECTION('center_axis',(0.,1.,0.));
#2137=DIRECTION('ref_axis',(1.,0.,0.));
#2138=DIRECTION('center_axis',(0.,1.,0.));
#2139=DIRECTION('ref_axis',(1.,0.,0.));
#2140=DIRECTION('center_axis',(0.,1.,0.));
#2141=DIRECTION('ref_axis',(1.,0.,0.));
#2142=DIRECTION('',(-0.191375155760158,-0.981516963560883,2.34366971938004E-17));
#2143=DIRECTION('center_axis',(0.,1.,0.));
#2144=DIRECTION('ref_axis',(0.,0.,1.));
#2145=DIRECTION('center_axis',(0.,1.,0.));
#2146=DIRECTION('ref_axis',(1.,0.,0.));
#2147=DIRECTION('center_axis',(0.,1.,0.));
#2148=DIRECTION('ref_axis',(1.,0.,0.));
#2149=DIRECTION('center_axis',(-1.,0.,1.22464679914735E-16));
#2150=DIRECTION('ref_axis',(-1.22464679914735E-16,0.,-1.));
#2151=DIRECTION('center_axis',(0.,1.,0.));
#2152=DIRECTION('ref_axis',(1.,0.,0.));
#2153=DIRECTION('center_axis',(0.,1.,0.));
#2154=DIRECTION('ref_axis',(-1.,0.,0.));
#2155=DIRECTION('',(-0.150013065062591,-0.988684014390102,1.83713019959186E-17));
#2156=DIRECTION('center_axis',(0.,1.,0.));
#2157=DIRECTION('ref_axis',(1.,0.,0.));
#2158=DIRECTION('center_axis',(0.,1.,0.));
#2159=DIRECTION('ref_axis',(1.,0.,0.));
#2160=DIRECTION('center_axis',(0.,-1.,0.));
#2161=DIRECTION('ref_axis',(-1.,0.,0.));
#2162=DIRECTION('center_axis',(0.,1.,0.));
#2163=DIRECTION('ref_axis',(1.,0.,0.));
#2164=DIRECTION('center_axis',(0.,1.,0.));
#2165=DIRECTION('ref_axis',(1.,0.,0.));
#2166=DIRECTION('',(0.988684014390094,-0.150013065062641,-1.21078871359098E-16));
#2167=DIRECTION('center_axis',(0.,1.,0.));
#2168=DIRECTION('ref_axis',(-1.,0.,0.));
#2169=DIRECTION('center_axis',(0.,1.,0.));
#2170=DIRECTION('ref_axis',(1.,0.,0.));
#2171=DIRECTION('center_axis',(0.,1.,0.));
#2172=DIRECTION('ref_axis',(1.,0.,0.));
#2173=DIRECTION('center_axis',(0.,1.,0.));
#2174=DIRECTION('ref_axis',(1.,0.,0.));
#2175=DIRECTION('',(-0.155567558608357,-0.987825255148215,1.90515312700892E-17));
#2176=DIRECTION('center_axis',(0.,1.,0.));
#2177=DIRECTION('ref_axis',(0.,0.,1.));
#2178=DIRECTION('center_axis',(0.,1.,0.));
#2179=DIRECTION('ref_axis',(1.,0.,0.));
#2180=DIRECTION('center_axis',(0.,1.,0.));
#2181=DIRECTION('ref_axis',(1.,0.,0.));
#2182=DIRECTION('center_axis',(-1.,0.,1.22464679914735E-16));
#2183=DIRECTION('ref_axis',(-1.22464679914735E-16,0.,-1.));
#2184=DIRECTION('center_axis',(0.,1.,0.));
#2185=DIRECTION('ref_axis',(1.,0.,0.));
#2186=DIRECTION('center_axis',(0.,1.,0.));
#2187=DIRECTION('ref_axis',(-1.,0.,0.));
#2188=DIRECTION('',(-0.113972263907864,-0.993483931958497,1.39575768186343E-17));
#2189=DIRECTION('center_axis',(0.,1.,0.));
#2190=DIRECTION('ref_axis',(1.,0.,0.));
#2191=DIRECTION('center_axis',(0.,1.,0.));
#2192=DIRECTION('ref_axis',(1.,0.,0.));
#2193=DIRECTION('center_axis',(0.,-1.,0.));
#2194=DIRECTION('ref_axis',(-1.,0.,0.));
#2195=DIRECTION('center_axis',(0.,1.,0.));
#2196=DIRECTION('ref_axis',(1.,0.,0.));
#2197=DIRECTION('center_axis',(0.,1.,0.));
#2198=DIRECTION('ref_axis',(1.,0.,0.));
#2199=DIRECTION('',(0.993483931958494,-0.113972263907892,-1.2166669172773E-16));
#2200=DIRECTION('center_axis',(0.,1.,0.));
#2201=DIRECTION('ref_axis',(-1.,0.,0.));
#2202=DIRECTION('center_axis',(0.,1.,0.));
#2203=DIRECTION('ref_axis',(1.,0.,0.));
#2204=DIRECTION('center_axis',(0.,1.,0.));
#2205=DIRECTION('ref_axis',(1.,0.,0.));
#2206=DIRECTION('center_axis',(0.,1.,0.));
#2207=DIRECTION('ref_axis',(1.,0.,0.));
#2208=DIRECTION('',(-0.119554304480033,-0.99282766293063,1.4641179630576E-17));
#2209=DIRECTION('center_axis',(0.,1.,0.));
#2210=DIRECTION('ref_axis',(0.,0.,1.));
#2211=DIRECTION('center_axis',(0.,1.,0.));
#2212=DIRECTION('ref_axis',(1.,0.,0.));
#2213=DIRECTION('center_axis',(0.,1.,0.));
#2214=DIRECTION('ref_axis',(1.,0.,0.));
#2215=DIRECTION('center_axis',(-1.,0.,1.22464679914735E-16));
#2216=DIRECTION('ref_axis',(-1.22464679914735E-16,0.,-1.));
#2217=DIRECTION('center_axis',(0.,1.,0.));
#2218=DIRECTION('ref_axis',(0.,0.,1.));
#2219=DIRECTION('center_axis',(0.,1.,0.));
#2220=DIRECTION('ref_axis',(1.,0.,0.));
#2221=DIRECTION('center_axis',(0.,1.,0.));
#2222=DIRECTION('ref_axis',(1.,0.,0.));
#2223=DIRECTION('center_axis',(0.,1.,0.));
#2224=DIRECTION('ref_axis',(-1.,0.,0.));
#2225=DIRECTION('center_axis',(0.,1.,0.));
#2226=DIRECTION('ref_axis',(1.,0.,0.));
#2227=DIRECTION('center_axis',(0.,1.,0.));
#2228=DIRECTION('ref_axis',(1.,0.,0.));
#2229=DIRECTION('',(0.,-1.,0.));
#2230=DIRECTION('center_axis',(0.,1.,0.));
#2231=DIRECTION('ref_axis',(0.,0.,1.));
#2232=DIRECTION('center_axis',(0.,1.,0.));
#2233=DIRECTION('ref_axis',(1.,0.,0.));
#2234=DIRECTION('center_axis',(0.,1.,0.));
#2235=DIRECTION('ref_axis',(1.,0.,0.));
#2236=DIRECTION('center_axis',(0.,1.,0.));
#2237=DIRECTION('ref_axis',(-1.,0.,0.));
#2238=DIRECTION('',(0.,-1.,0.));
#2239=DIRECTION('center_axis',(0.,1.,0.));
#2240=DIRECTION('ref_axis',(1.,0.,0.));
#2241=DIRECTION('center_axis',(0.,1.,0.));
#2242=DIRECTION('ref_axis',(1.,0.,0.));
#2243=DIRECTION('center_axis',(0.,1.,0.));
#2244=DIRECTION('ref_axis',(0.,0.,1.));
#2245=DIRECTION('center_axis',(0.,1.,0.));
#2246=DIRECTION('ref_axis',(0.,0.,1.));
#2247=DIRECTION('center_axis',(0.,1.,0.));
#2248=DIRECTION('ref_axis',(1.,0.,0.));
#2249=DIRECTION('center_axis',(-1.,0.,1.22464679914735E-16));
#2250=DIRECTION('ref_axis',(-1.22464679914735E-16,0.,-1.));
#2251=DIRECTION('center_axis',(0.,1.,0.));
#2252=DIRECTION('ref_axis',(1.,0.,0.));
#2253=DIRECTION('center_axis',(0.,-1.,0.));
#2254=DIRECTION('ref_axis',(0.,0.,-1.));
#2255=DIRECTION('center_axis',(0.,1.,0.));
#2256=DIRECTION('ref_axis',(0.,0.,1.));
#2257=DIRECTION('center_axis',(0.,-1.,0.));
#2258=DIRECTION('ref_axis',(0.,0.,1.));
#2259=CARTESIAN_POINT('',(0.,0.,0.));
#2260=CARTESIAN_POINT('Ctrl Pts',(-3.59434704222394E-14,16.4766266921015,
-129.699110662489));
#2261=CARTESIAN_POINT('Ctrl Pts',(9.70101195444039,16.4766266921015,-129.699110662489));
#2262=CARTESIAN_POINT('Ctrl Pts',(29.104916612679,16.4766266921015,-127.513569295743));
#2263=CARTESIAN_POINT('Ctrl Pts',(56.7476716600567,16.4766266921015,-117.840016544717));
#2264=CARTESIAN_POINT('Ctrl Pts',(81.5493100351497,16.4766266921015,-102.258237905234));
#2265=CARTESIAN_POINT('Ctrl Pts',(99.9540048870299,16.4766266921015,-83.847655439251));
#2266=CARTESIAN_POINT('Ctrl Pts',(116.398919420738,16.4766266921015,-59.7345699845934));
#2267=CARTESIAN_POINT('Ctrl Pts',(128.353596796426,16.4766266921015,-29.2958010821529));
#2268=CARTESIAN_POINT('Ctrl Pts',(130.789604836125,16.4766266921015,3.31538303755192));
#2269=CARTESIAN_POINT('Ctrl Pts',(126.435729899658,16.4766266921015,32.1755466247781));
#2270=CARTESIAN_POINT('Ctrl Pts',(117.841827909085,16.4766266921015,56.7486985595681));
#2271=CARTESIAN_POINT('Ctrl Pts',(102.256658397312,16.4766266921015,81.5480978391377));
#2272=CARTESIAN_POINT('Ctrl Pts',(81.5485128104346,16.4766266921015,102.257538702731));
#2273=CARTESIAN_POINT('Ctrl Pts',(56.7481437718828,16.4766266921015,117.840433144016));
#2274=CARTESIAN_POINT('Ctrl Pts',(29.104656505309,16.4766266921015,127.513339551892));
#2275=CARTESIAN_POINT('Ctrl Pts',(9.70101195444037,16.4766266921015,129.699110662489));
#2276=CARTESIAN_POINT('Ctrl Pts',(-3.52495810318487E-14,16.4766266921015,
129.699110662489));
#2277=CARTESIAN_POINT('Ctrl Pts',(-3.60626132068324E-14,17.0948283021533,
-129.770030618798));
#2278=CARTESIAN_POINT('Ctrl Pts',(9.70665223017763,17.0948283021533,-129.770030618798));
#2279=CARTESIAN_POINT('Ctrl Pts',(29.1206679061471,17.0948283021533,-127.583274214396));
#2280=CARTESIAN_POINT('Ctrl Pts',(56.7787273694265,17.0948283021533,-117.904524665648));
#2281=CARTESIAN_POINT('Ctrl Pts',(81.5939236854878,17.0948283021533,-102.314087035064));
#2282=CARTESIAN_POINT('Ctrl Pts',(100.008623732916,17.0948283021533,-83.8936095698158));
#2283=CARTESIAN_POINT('Ctrl Pts',(116.462606867881,17.0948283021532,-59.767152516739));
#2284=CARTESIAN_POINT('Ctrl Pts',(128.423796434942,17.0948283021533,-29.3118424606341));
#2285=CARTESIAN_POINT('Ctrl Pts',(130.861121318971,17.0948283021533,3.31713843221745));
#2286=CARTESIAN_POINT('Ctrl Pts',(126.504885566264,17.0948283021533,32.1932003170116));
#2287=CARTESIAN_POINT('Ctrl Pts',(117.906249602445,17.0948283021533,56.7797155112097));
#2288=CARTESIAN_POINT('Ctrl Pts',(102.312600847039,17.0948283021533,81.5927233293767));
#2289=CARTESIAN_POINT('Ctrl Pts',(81.5930993673217,17.0948283021532,102.313420985274));
#2290=CARTESIAN_POINT('Ctrl Pts',(56.779215431824,17.0948283021533,117.904921877551));
#2291=CARTESIAN_POINT('Ctrl Pts',(29.1203990198072,17.0948283021532,127.58305512962));
#2292=CARTESIAN_POINT('Ctrl Pts',(9.70665223017747,17.0948283021533,129.770030618798));
#2293=CARTESIAN_POINT('Ctrl Pts',(-3.52733453789216E-14,17.0948283021533,
129.770030618798));
#2294=CARTESIAN_POINT('Ctrl Pts',(-3.25056132960643E-14,17.7408249789639,
-129.532412288986));
#2295=CARTESIAN_POINT('Ctrl Pts',(9.68886100120001,17.7408249789639,-129.532412288986));
#2296=CARTESIAN_POINT('Ctrl Pts',(29.0673544402081,17.7408249789639,-127.34966104391));
#2297=CARTESIAN_POINT('Ctrl Pts',(56.6747600453926,17.7408249789639,-117.688629112818));
#2298=CARTESIAN_POINT('Ctrl Pts',(81.4445181325664,17.7408249789639,-102.126745999317));
#2299=CARTESIAN_POINT('Ctrl Pts',(99.8255026076362,17.7408249789639,-83.7399887243134));
#2300=CARTESIAN_POINT('Ctrl Pts',(116.249353288464,17.7408249789639,-59.6577187632351));
#2301=CARTESIAN_POINT('Ctrl Pts',(128.188642347324,17.7408249789639,-29.2581691796169));
#2302=CARTESIAN_POINT('Ctrl Pts',(130.621505110393,17.7408249789639,3.31106753187738));
#2303=CARTESIAN_POINT('Ctrl Pts',(126.273244895168,17.7408249789639,32.134249081696));
#2304=CARTESIAN_POINT('Ctrl Pts',(117.690355485713,17.7408249789639,56.6757484443866));
#2305=CARTESIAN_POINT('Ctrl Pts',(102.12525758244,17.7408249789639,81.4433193172663));
#2306=CARTESIAN_POINT('Ctrl Pts',(81.4436967248728,17.7408249789639,102.126079406553));
#2307=CARTESIAN_POINT('Ctrl Pts',(56.6752463893385,17.7408249789639,117.689026628348));
#2308=CARTESIAN_POINT('Ctrl Pts',(29.067086500155,17.7408249789639,127.349441793465));
#2309=CARTESIAN_POINT('Ctrl Pts',(9.68886100119977,17.7408249789639,129.532412288986));
#2310=CARTESIAN_POINT('Ctrl Pts',(-3.52108635310645E-14,17.7408249789639,
129.532412288986));
#2311=CARTESIAN_POINT('Ctrl Pts',(-2.66429418796359E-14,18.1657216265478,
-129.077807284894));
#2312=CARTESIAN_POINT('Ctrl Pts',(9.65454076845809,18.1657216265478,-129.077807284894));
#2313=CARTESIAN_POINT('Ctrl Pts',(28.9654940452944,18.1657216265478,-126.902735413476));
#2314=CARTESIAN_POINT('Ctrl Pts',(56.4758307824061,18.1657216265478,-117.275522309398));
#2315=CARTESIAN_POINT('Ctrl Pts',(81.1586607738979,18.1657216265478,-101.768385752256));
#2316=CARTESIAN_POINT('Ctrl Pts',(99.4751908032388,18.1657216265478,-83.4459963125102));
#2317=CARTESIAN_POINT('Ctrl Pts',(115.841328536613,18.1657216265478,-59.4484208359909));
#2318=CARTESIAN_POINT('Ctrl Pts',(127.738738893325,18.1657216265478,-29.1554641124644));
#2319=CARTESIAN_POINT('Ctrl Pts',(130.163077616132,18.1657216265478,3.2995012117728));
#2320=CARTESIAN_POINT('Ctrl Pts',(125.83005923905,18.1657216265478,32.021414682841));
#2321=CARTESIAN_POINT('Ctrl Pts',(117.277324996707,18.1657216265478,56.4768527627154));
#2322=CARTESIAN_POINT('Ctrl Pts',(101.76681381072,18.1657216265478,81.157454384722));
#2323=CARTESIAN_POINT('Ctrl Pts',(81.1578673681637,18.1657216265478,101.767689899174));
#2324=CARTESIAN_POINT('Ctrl Pts',(56.4763006326539,18.1657216265478,117.275936913043));
#2325=CARTESIAN_POINT('Ctrl Pts',(28.9652351839284,18.1657216265478,126.902506770177));
#2326=CARTESIAN_POINT('Ctrl Pts',(9.65454076845774,18.1657216265478,129.077807284894));
#2327=CARTESIAN_POINT('Ctrl Pts',(-3.50862090262352E-14,18.1657216265478,
129.077807284894));
#2328=CARTESIAN_POINT('',(-1.03389519168218E-14,16.4766266921015,-129.699110662489));
#2329=CARTESIAN_POINT('',(-4.3166522956137E-14,18.1657216265478,-129.077807284894));
#2330=CARTESIAN_POINT('Ctrl Pts',(-1.11997650528818E-14,16.4766266921015,
-129.699110662489));
#2331=CARTESIAN_POINT('Ctrl Pts',(-1.13045215732686E-14,17.0948283021533,
-129.770030618798));
#2332=CARTESIAN_POINT('Ctrl Pts',(-7.79290052916389E-15,17.7408249789639,
-129.532412288986));
#2333=CARTESIAN_POINT('Ctrl Pts',(-2.01776737484277E-15,18.1657216265478,
-129.077807284894));
#2334=CARTESIAN_POINT('',(-1.85268467234323E-14,16.4766266921015,129.699110662489));
#2335=CARTESIAN_POINT('Ctrl Pts',(-3.52495810318487E-14,16.4766266921015,
129.699110662489));
#2336=CARTESIAN_POINT('Ctrl Pts',(9.70101195444037,16.4766266921015,129.699110662489));
#2337=CARTESIAN_POINT('Ctrl Pts',(29.104656505309,16.4766266921015,127.513339551892));
#2338=CARTESIAN_POINT('Ctrl Pts',(56.7481437718828,16.4766266921015,117.840433144016));
#2339=CARTESIAN_POINT('Ctrl Pts',(81.5485128104346,16.4766266921015,102.257538702731));
#2340=CARTESIAN_POINT('Ctrl Pts',(102.256658397312,16.4766266921015,81.5480978391377));
#2341=CARTESIAN_POINT('Ctrl Pts',(117.841827909085,16.4766266921015,56.7486985595681));
#2342=CARTESIAN_POINT('Ctrl Pts',(126.435729899658,16.4766266921015,32.1755466247781));
#2343=CARTESIAN_POINT('Ctrl Pts',(130.789604836125,16.4766266921015,3.31538303755192));
#2344=CARTESIAN_POINT('Ctrl Pts',(128.353596796426,16.4766266921015,-29.2958010821529));
#2345=CARTESIAN_POINT('Ctrl Pts',(116.398919420738,16.4766266921015,-59.7345699845934));
#2346=CARTESIAN_POINT('Ctrl Pts',(99.9540048870299,16.4766266921015,-83.847655439251));
#2347=CARTESIAN_POINT('Ctrl Pts',(81.5493100351497,16.4766266921015,-102.258237905234));
#2348=CARTESIAN_POINT('Ctrl Pts',(56.7476716600567,16.4766266921015,-117.840016544717));
#2349=CARTESIAN_POINT('Ctrl Pts',(29.104916612679,16.4766266921015,-127.513569295743));
#2350=CARTESIAN_POINT('Ctrl Pts',(9.70101195444039,16.4766266921015,-129.699110662489));
#2351=CARTESIAN_POINT('Ctrl Pts',(-3.59434704222394E-14,16.4766266921015,
-129.699110662489));
#2352=CARTESIAN_POINT('',(-1.83880688453542E-14,18.1657216265478,129.077807284894));
#2353=CARTESIAN_POINT('Ctrl Pts',(-3.97858829215281E-14,18.1657216265478,
129.077807284894));
#2354=CARTESIAN_POINT('Ctrl Pts',(-3.99217695938129E-14,17.7408249789639,
129.532412288986));
#2355=CARTESIAN_POINT('Ctrl Pts',(-3.9991158532852E-14,17.0948283021533,
129.770030618798));
#2356=CARTESIAN_POINT('Ctrl Pts',(-3.99680288865056E-14,16.4766266921015,
129.699110662489));
#2357=CARTESIAN_POINT('Ctrl Pts',(-2.66429418796359E-14,18.1657216265478,
-129.077807284894));
#2358=CARTESIAN_POINT('Ctrl Pts',(9.65454076845809,18.1657216265478,-129.077807284894));
#2359=CARTESIAN_POINT('Ctrl Pts',(28.9654940452944,18.1657216265478,-126.902735413476));
#2360=CARTESIAN_POINT('Ctrl Pts',(56.4758307824061,18.1657216265478,-117.275522309398));
#2361=CARTESIAN_POINT('Ctrl Pts',(81.1586607738979,18.1657216265478,-101.768385752256));
#2362=CARTESIAN_POINT('Ctrl Pts',(99.4751908032388,18.1657216265478,-83.4459963125102));
#2363=CARTESIAN_POINT('Ctrl Pts',(115.841328536613,18.1657216265478,-59.4484208359909));
#2364=CARTESIAN_POINT('Ctrl Pts',(127.738738893325,18.1657216265478,-29.1554641124644));
#2365=CARTESIAN_POINT('Ctrl Pts',(130.163077616132,18.1657216265478,3.2995012117728));
#2366=CARTESIAN_POINT('Ctrl Pts',(125.83005923905,18.1657216265478,32.021414682841));
#2367=CARTESIAN_POINT('Ctrl Pts',(117.277324996707,18.1657216265478,56.4768527627154));
#2368=CARTESIAN_POINT('Ctrl Pts',(101.76681381072,18.1657216265478,81.157454384722));
#2369=CARTESIAN_POINT('Ctrl Pts',(81.1578673681637,18.1657216265478,101.767689899174));
#2370=CARTESIAN_POINT('Ctrl Pts',(56.4763006326539,18.1657216265478,117.275936913043));
#2371=CARTESIAN_POINT('Ctrl Pts',(28.9652351839284,18.1657216265478,126.902506770177));
#2372=CARTESIAN_POINT('Ctrl Pts',(9.65454076845774,18.1657216265478,129.077807284894));
#2373=CARTESIAN_POINT('Ctrl Pts',(-3.50862090262352E-14,18.1657216265478,
129.077807284894));
#2374=CARTESIAN_POINT('Ctrl Pts',(0.,17.4583813130547,129.81173734235));
#2375=CARTESIAN_POINT('Ctrl Pts',(-129.81173734235,17.4583813130547,129.81173734235));
#2376=CARTESIAN_POINT('Ctrl Pts',(-129.81173734235,17.4583813130547,0.));
#2377=CARTESIAN_POINT('Ctrl Pts',(-129.81173734235,17.4583813130547,-129.81173734235));
#2378=CARTESIAN_POINT('Ctrl Pts',(0.,17.4583813130547,-129.81173734235));
#2379=CARTESIAN_POINT('Ctrl Pts',(129.81173734235,17.4583813130547,-129.81173734235));
#2380=CARTESIAN_POINT('Ctrl Pts',(129.81173734235,17.4583813130547,0.));
#2381=CARTESIAN_POINT('Ctrl Pts',(129.81173734235,17.4583813130547,129.81173734235));
#2382=CARTESIAN_POINT('Ctrl Pts',(0.,17.4583813130547,129.81173734235));
#2383=CARTESIAN_POINT('Ctrl Pts',(0.,19.2776311193425,127.980428267936));
#2384=CARTESIAN_POINT('Ctrl Pts',(-127.980428267936,19.2776311193425,127.980428267936));
#2385=CARTESIAN_POINT('Ctrl Pts',(-127.980428267936,19.2776311193425,0.));
#2386=CARTESIAN_POINT('Ctrl Pts',(-127.980428267936,19.2776311193425,-127.980428267936));
#2387=CARTESIAN_POINT('Ctrl Pts',(0.,19.2776311193425,-127.980428267936));
#2388=CARTESIAN_POINT('Ctrl Pts',(127.980428267936,19.2776311193425,-127.980428267936));
#2389=CARTESIAN_POINT('Ctrl Pts',(127.980428267936,19.2776311193425,0.));
#2390=CARTESIAN_POINT('Ctrl Pts',(127.980428267936,19.2776311193425,127.980428267936));
#2391=CARTESIAN_POINT('Ctrl Pts',(0.,19.2776311193425,127.980428267936));
#2392=CARTESIAN_POINT('Ctrl Pts',(0.,22.0968474805505,124.729939558812));
#2393=CARTESIAN_POINT('Ctrl Pts',(-124.729939558812,22.0968474805505,124.729939558812));
#2394=CARTESIAN_POINT('Ctrl Pts',(-124.729939558812,22.0968474805505,0.));
#2395=CARTESIAN_POINT('Ctrl Pts',(-124.729939558812,22.0968474805505,-124.729939558812));
#2396=CARTESIAN_POINT('Ctrl Pts',(0.,22.0968474805505,-124.729939558812));
#2397=CARTESIAN_POINT('Ctrl Pts',(124.729939558812,22.0968474805505,-124.729939558812));
#2398=CARTESIAN_POINT('Ctrl Pts',(124.729939558812,22.0968474805505,0.));
#2399=CARTESIAN_POINT('Ctrl Pts',(124.729939558812,22.0968474805505,124.729939558812));
#2400=CARTESIAN_POINT('Ctrl Pts',(0.,22.0968474805505,124.729939558812));
#2401=CARTESIAN_POINT('Ctrl Pts',(0.,24.845992849136,119.179593349973));
#2402=CARTESIAN_POINT('Ctrl Pts',(-119.179593349973,24.845992849136,119.179593349973));
#2403=CARTESIAN_POINT('Ctrl Pts',(-119.179593349973,24.845992849136,0.));
#2404=CARTESIAN_POINT('Ctrl Pts',(-119.179593349973,24.845992849136,-119.179593349973));
#2405=CARTESIAN_POINT('Ctrl Pts',(0.,24.845992849136,-119.179593349973));
#2406=CARTESIAN_POINT('Ctrl Pts',(119.179593349973,24.845992849136,-119.179593349973));
#2407=CARTESIAN_POINT('Ctrl Pts',(119.179593349973,24.845992849136,0.));
#2408=CARTESIAN_POINT('Ctrl Pts',(119.179593349973,24.845992849136,119.179593349973));
#2409=CARTESIAN_POINT('Ctrl Pts',(0.,24.845992849136,119.179593349973));
#2410=CARTESIAN_POINT('Ctrl Pts',(0.,26.7397622504996,115.356195745255));
#2411=CARTESIAN_POINT('Ctrl Pts',(-115.356195745255,26.7397622504996,115.356195745255));
#2412=CARTESIAN_POINT('Ctrl Pts',(-115.356195745255,26.7397622504996,0.));
#2413=CARTESIAN_POINT('Ctrl Pts',(-115.356195745255,26.7397622504996,-115.356195745255));
#2414=CARTESIAN_POINT('Ctrl Pts',(0.,26.7397622504996,-115.356195745255));
#2415=CARTESIAN_POINT('Ctrl Pts',(115.356195745255,26.7397622504996,-115.356195745255));
#2416=CARTESIAN_POINT('Ctrl Pts',(115.356195745255,26.7397622504996,0.));
#2417=CARTESIAN_POINT('Ctrl Pts',(115.356195745255,26.7397622504996,115.356195745255));
#2418=CARTESIAN_POINT('Ctrl Pts',(0.,26.7397622504996,115.356195745255));
#2419=CARTESIAN_POINT('Ctrl Pts',(0.,28.7142422010022,110.191443158476));
#2420=CARTESIAN_POINT('Ctrl Pts',(-110.191443158476,28.7142422010022,110.191443158476));
#2421=CARTESIAN_POINT('Ctrl Pts',(-110.191443158476,28.7142422010022,0.));
#2422=CARTESIAN_POINT('Ctrl Pts',(-110.191443158476,28.7142422010022,-110.191443158476));
#2423=CARTESIAN_POINT('Ctrl Pts',(0.,28.7142422010022,-110.191443158476));
#2424=CARTESIAN_POINT('Ctrl Pts',(110.191443158476,28.7142422010022,-110.191443158476));
#2425=CARTESIAN_POINT('Ctrl Pts',(110.191443158476,28.7142422010022,0.));
#2426=CARTESIAN_POINT('Ctrl Pts',(110.191443158476,28.7142422010022,110.191443158476));
#2427=CARTESIAN_POINT('Ctrl Pts',(0.,28.7142422010022,110.191443158476));
#2428=CARTESIAN_POINT('Ctrl Pts',(0.,28.9503111915625,106.293809115343));
#2429=CARTESIAN_POINT('Ctrl Pts',(-106.293809115343,28.9503111915625,106.293809115343));
#2430=CARTESIAN_POINT('Ctrl Pts',(-106.293809115343,28.9503111915625,0.));
#2431=CARTESIAN_POINT('Ctrl Pts',(-106.293809115343,28.9503111915625,-106.293809115343));
#2432=CARTESIAN_POINT('Ctrl Pts',(0.,28.9503111915625,-106.293809115343));
#2433=CARTESIAN_POINT('Ctrl Pts',(106.293809115343,28.9503111915625,-106.293809115343));
#2434=CARTESIAN_POINT('Ctrl Pts',(106.293809115343,28.9503111915625,0.));
#2435=CARTESIAN_POINT('Ctrl Pts',(106.293809115343,28.9503111915625,106.293809115343));
#2436=CARTESIAN_POINT('Ctrl Pts',(0.,28.9503111915625,106.293809115343));
#2437=CARTESIAN_POINT('Ctrl Pts',(0.,28.9503581097107,106.293034469885));
#2438=CARTESIAN_POINT('Ctrl Pts',(-106.293034469885,28.9503581097107,106.293034469885));
#2439=CARTESIAN_POINT('Ctrl Pts',(-106.293034469885,28.9503581097107,0.));
#2440=CARTESIAN_POINT('Ctrl Pts',(-106.293034469885,28.9503581097107,-106.293034469885));
#2441=CARTESIAN_POINT('Ctrl Pts',(0.,28.9503581097107,-106.293034469885));
#2442=CARTESIAN_POINT('Ctrl Pts',(106.293034469885,28.9503581097107,-106.293034469885));
#2443=CARTESIAN_POINT('Ctrl Pts',(106.293034469885,28.9503581097107,0.));
#2444=CARTESIAN_POINT('Ctrl Pts',(106.293034469885,28.9503581097107,106.293034469885));
#2445=CARTESIAN_POINT('Ctrl Pts',(0.,28.9503581097107,106.293034469885));
#2446=CARTESIAN_POINT('Ctrl Pts',(0.,28.9504050278588,106.292259824427));
#2447=CARTESIAN_POINT('Ctrl Pts',(-106.292259824427,28.9504050278588,106.292259824427));
#2448=CARTESIAN_POINT('Ctrl Pts',(-106.292259824427,28.9504050278588,0.));
#2449=CARTESIAN_POINT('Ctrl Pts',(-106.292259824427,28.9504050278588,-106.292259824427));
#2450=CARTESIAN_POINT('Ctrl Pts',(0.,28.9504050278588,-106.292259824427));
#2451=CARTESIAN_POINT('Ctrl Pts',(106.292259824427,28.9504050278588,-106.292259824427));
#2452=CARTESIAN_POINT('Ctrl Pts',(106.292259824427,28.9504050278588,0.));
#2453=CARTESIAN_POINT('Ctrl Pts',(106.292259824427,28.9504050278588,106.292259824427));
#2454=CARTESIAN_POINT('Ctrl Pts',(0.,28.9504050278588,106.292259824427));
#2455=CARTESIAN_POINT('Ctrl Pts',(0.,28.9504519460069,106.291485178968));
#2456=CARTESIAN_POINT('Ctrl Pts',(-106.291485178968,28.9504519460069,106.291485178968));
#2457=CARTESIAN_POINT('Ctrl Pts',(-106.291485178968,28.9504519460069,0.));
#2458=CARTESIAN_POINT('Ctrl Pts',(-106.291485178968,28.9504519460069,-106.291485178968));
#2459=CARTESIAN_POINT('Ctrl Pts',(0.,28.9504519460069,-106.291485178968));
#2460=CARTESIAN_POINT('Ctrl Pts',(106.291485178968,28.9504519460069,-106.291485178968));
#2461=CARTESIAN_POINT('Ctrl Pts',(106.291485178968,28.9504519460069,0.));
#2462=CARTESIAN_POINT('Ctrl Pts',(106.291485178968,28.9504519460069,106.291485178968));
#2463=CARTESIAN_POINT('Ctrl Pts',(0.,28.9504519460069,106.291485178968));
#2464=CARTESIAN_POINT('',(0.,28.9504519460069,106.291485178968));
#2465=CARTESIAN_POINT('Ctrl Pts',(0.,18.1657216265478,129.077807284894));
#2466=CARTESIAN_POINT('Ctrl Pts',(0.,19.9633670657702,127.154472241183));
#2467=CARTESIAN_POINT('Ctrl Pts',(0.,22.4317004096533,124.053893211172));
#2468=CARTESIAN_POINT('Ctrl Pts',(0.,24.845992849136,119.179593349973));
#2469=CARTESIAN_POINT('Ctrl Pts',(0.,26.7397622504996,115.356195745255));
#2470=CARTESIAN_POINT('Ctrl Pts',(0.,28.7142422010022,110.191443158476));
#2471=CARTESIAN_POINT('Ctrl Pts',(0.,28.9503111915625,106.293809115343));
#2472=CARTESIAN_POINT('Ctrl Pts',(0.,28.9503581097107,106.293034469885));
#2473=CARTESIAN_POINT('Ctrl Pts',(0.,28.9504050278588,106.292259824427));
#2474=CARTESIAN_POINT('Ctrl Pts',(0.,28.9504519460069,106.291485178968));
#2475=CARTESIAN_POINT('',(0.,28.9504519460069,-106.291485178968));
#2476=CARTESIAN_POINT('Origin',(0.,28.9504519460069,0.));
#2477=CARTESIAN_POINT('Ctrl Pts',(0.,28.9504519460069,-106.291485178968));
#2478=CARTESIAN_POINT('Ctrl Pts',(0.,28.9504050278588,-106.292259824427));
#2479=CARTESIAN_POINT('Ctrl Pts',(0.,28.9503581097107,-106.293034469885));
#2480=CARTESIAN_POINT('Ctrl Pts',(0.,28.9503111915625,-106.293809115343));
#2481=CARTESIAN_POINT('Ctrl Pts',(0.,28.7142422010022,-110.191443158476));
#2482=CARTESIAN_POINT('Ctrl Pts',(0.,26.7397622504996,-115.356195745255));
#2483=CARTESIAN_POINT('Ctrl Pts',(0.,24.845992849136,-119.179593349973));
#2484=CARTESIAN_POINT('Ctrl Pts',(0.,22.4317004096533,-124.053893211172));
#2485=CARTESIAN_POINT('Ctrl Pts',(0.,19.9633670657702,-127.154472241183));
#2486=CARTESIAN_POINT('Ctrl Pts',(0.,18.1657216265478,-129.077807284894));
#2487=CARTESIAN_POINT('Origin',(0.,8.88061312076853,0.));
#2488=CARTESIAN_POINT('',(0.,17.8644989501997,132.46988548525));
#2489=CARTESIAN_POINT('',(-1.62228821242928E-14,17.8644989501997,-132.46988548525));
#2490=CARTESIAN_POINT('Origin',(0.,17.8644989501997,0.));
#2491=CARTESIAN_POINT('',(-1.66445166939121E-14,7.3761792371846,-135.912793023268));
#2492=CARTESIAN_POINT('Origin',(-1.50385163631061E-14,8.88061312076853,
-122.798805121415));
#2493=CARTESIAN_POINT('',(0.,7.3761792371846,135.912793023268));
#2494=CARTESIAN_POINT('Origin',(0.,7.3761792371846,-8.32225834695607E-15));
#2495=CARTESIAN_POINT('',(135.912793023268,7.3761792371846,-1.66445166939121E-14));
#2496=CARTESIAN_POINT('Origin',(0.,7.3761792371846,-8.32225834695607E-15));
#2497=CARTESIAN_POINT('Origin',(0.,7.3761792371846,-8.32225834695607E-15));
#2498=CARTESIAN_POINT('Origin',(0.,17.8644989501997,0.));
#2499=CARTESIAN_POINT('Origin',(0.,-9.46282553363567,0.));
#2500=CARTESIAN_POINT('',(0.,24.3669488002851,124.679233966532));
#2501=CARTESIAN_POINT('',(124.679233966532,24.3669488002851,-1.52688024797258E-14));
#2502=CARTESIAN_POINT('Origin',(0.,24.3669488002851,0.));
#2503=CARTESIAN_POINT('',(-1.52688024797258E-14,24.3669488002851,-124.679233966532));
#2504=CARTESIAN_POINT('Origin',(0.,24.3669488002851,0.));
#2505=CARTESIAN_POINT('Origin',(-1.26202598205383E-14,-9.46282553363567,
-103.052241914362));
#2506=CARTESIAN_POINT('Origin',(0.,24.3669488002851,0.));
#2507=CARTESIAN_POINT('Origin',(0.,5.14941388525714,0.));
#2508=CARTESIAN_POINT('',(135.433130874019,3.19501601634821,-1.65857750223372E-14));
#2509=CARTESIAN_POINT('',(135.657338978983,5.14941388525714,-1.66132325961459E-14));
#2510=CARTESIAN_POINT('',(-1.65857750223372E-14,3.19501601634821,-135.433130874019));
#2511=CARTESIAN_POINT('Origin',(0.,3.19501601634821,0.));
#2512=CARTESIAN_POINT('',(0.,3.19501601634821,135.433130874019));
#2513=CARTESIAN_POINT('Origin',(0.,3.19501601634821,0.));
#2514=CARTESIAN_POINT('Origin',(0.,3.19501601634821,0.));
#2515=CARTESIAN_POINT('Ctrl Pts',(3.59434704222394E-14,16.4766266921015,
-129.699110662489));
#2516=CARTESIAN_POINT('Ctrl Pts',(-9.70101195444039,16.4766266921015,-129.699110662489));
#2517=CARTESIAN_POINT('Ctrl Pts',(-29.104916612679,16.4766266921015,-127.513569295743));
#2518=CARTESIAN_POINT('Ctrl Pts',(-56.7476716600567,16.4766266921015,-117.840016544717));
#2519=CARTESIAN_POINT('Ctrl Pts',(-81.5493100351497,16.4766266921015,-102.258237905234));
#2520=CARTESIAN_POINT('Ctrl Pts',(-99.9540048870299,16.4766266921015,-83.847655439251));
#2521=CARTESIAN_POINT('Ctrl Pts',(-116.398919420738,16.4766266921015,-59.7345699845934));
#2522=CARTESIAN_POINT('Ctrl Pts',(-128.353596796426,16.4766266921015,-29.2958010821529));
#2523=CARTESIAN_POINT('Ctrl Pts',(-130.789604836125,16.4766266921015,3.31538303755192));
#2524=CARTESIAN_POINT('Ctrl Pts',(-126.435729899658,16.4766266921015,32.1755466247781));
#2525=CARTESIAN_POINT('Ctrl Pts',(-117.841827909085,16.4766266921015,56.7486985595681));
#2526=CARTESIAN_POINT('Ctrl Pts',(-102.256658397312,16.4766266921015,81.5480978391377));
#2527=CARTESIAN_POINT('Ctrl Pts',(-81.5485128104346,16.4766266921015,102.257538702731));
#2528=CARTESIAN_POINT('Ctrl Pts',(-56.7481437718828,16.4766266921015,117.840433144016));
#2529=CARTESIAN_POINT('Ctrl Pts',(-29.104656505309,16.4766266921015,127.513339551892));
#2530=CARTESIAN_POINT('Ctrl Pts',(-9.70101195444037,16.4766266921015,129.699110662489));
#2531=CARTESIAN_POINT('Ctrl Pts',(3.52495810318487E-14,16.4766266921015,
129.699110662489));
#2532=CARTESIAN_POINT('Ctrl Pts',(3.60626132068324E-14,17.0948283021533,
-129.770030618798));
#2533=CARTESIAN_POINT('Ctrl Pts',(-9.70665223017763,17.0948283021533,-129.770030618798));
#2534=CARTESIAN_POINT('Ctrl Pts',(-29.1206679061471,17.0948283021533,-127.583274214396));
#2535=CARTESIAN_POINT('Ctrl Pts',(-56.7787273694265,17.0948283021533,-117.904524665648));
#2536=CARTESIAN_POINT('Ctrl Pts',(-81.5939236854878,17.0948283021533,-102.314087035064));
#2537=CARTESIAN_POINT('Ctrl Pts',(-100.008623732916,17.0948283021533,-83.8936095698158));
#2538=CARTESIAN_POINT('Ctrl Pts',(-116.462606867881,17.0948283021532,-59.767152516739));
#2539=CARTESIAN_POINT('Ctrl Pts',(-128.423796434942,17.0948283021533,-29.3118424606341));
#2540=CARTESIAN_POINT('Ctrl Pts',(-130.861121318971,17.0948283021533,3.31713843221745));
#2541=CARTESIAN_POINT('Ctrl Pts',(-126.504885566264,17.0948283021533,32.1932003170116));
#2542=CARTESIAN_POINT('Ctrl Pts',(-117.906249602445,17.0948283021533,56.7797155112097));
#2543=CARTESIAN_POINT('Ctrl Pts',(-102.312600847039,17.0948283021533,81.5927233293767));
#2544=CARTESIAN_POINT('Ctrl Pts',(-81.5930993673217,17.0948283021532,102.313420985274));
#2545=CARTESIAN_POINT('Ctrl Pts',(-56.779215431824,17.0948283021533,117.904921877551));
#2546=CARTESIAN_POINT('Ctrl Pts',(-29.1203990198072,17.0948283021532,127.58305512962));
#2547=CARTESIAN_POINT('Ctrl Pts',(-9.70665223017747,17.0948283021533,129.770030618798));
#2548=CARTESIAN_POINT('Ctrl Pts',(3.52733453789216E-14,17.0948283021533,
129.770030618798));
#2549=CARTESIAN_POINT('Ctrl Pts',(3.25056132960643E-14,17.7408249789639,
-129.532412288986));
#2550=CARTESIAN_POINT('Ctrl Pts',(-9.68886100120001,17.7408249789639,-129.532412288986));
#2551=CARTESIAN_POINT('Ctrl Pts',(-29.0673544402081,17.7408249789639,-127.34966104391));
#2552=CARTESIAN_POINT('Ctrl Pts',(-56.6747600453926,17.7408249789639,-117.688629112818));
#2553=CARTESIAN_POINT('Ctrl Pts',(-81.4445181325664,17.7408249789639,-102.126745999317));
#2554=CARTESIAN_POINT('Ctrl Pts',(-99.8255026076362,17.7408249789639,-83.7399887243134));
#2555=CARTESIAN_POINT('Ctrl Pts',(-116.249353288464,17.7408249789639,-59.6577187632351));
#2556=CARTESIAN_POINT('Ctrl Pts',(-128.188642347324,17.7408249789639,-29.2581691796169));
#2557=CARTESIAN_POINT('Ctrl Pts',(-130.621505110393,17.7408249789639,3.31106753187738));
#2558=CARTESIAN_POINT('Ctrl Pts',(-126.273244895168,17.7408249789639,32.134249081696));
#2559=CARTESIAN_POINT('Ctrl Pts',(-117.690355485713,17.7408249789639,56.6757484443866));
#2560=CARTESIAN_POINT('Ctrl Pts',(-102.12525758244,17.7408249789639,81.4433193172663));
#2561=CARTESIAN_POINT('Ctrl Pts',(-81.4436967248728,17.7408249789639,102.126079406553));
#2562=CARTESIAN_POINT('Ctrl Pts',(-56.6752463893385,17.7408249789639,117.689026628348));
#2563=CARTESIAN_POINT('Ctrl Pts',(-29.067086500155,17.7408249789639,127.349441793465));
#2564=CARTESIAN_POINT('Ctrl Pts',(-9.68886100119977,17.7408249789639,129.532412288986));
#2565=CARTESIAN_POINT('Ctrl Pts',(3.52108635310645E-14,17.7408249789639,
129.532412288986));
#2566=CARTESIAN_POINT('Ctrl Pts',(2.66429418796359E-14,18.1657216265478,
-129.077807284894));
#2567=CARTESIAN_POINT('Ctrl Pts',(-9.65454076845809,18.1657216265478,-129.077807284894));
#2568=CARTESIAN_POINT('Ctrl Pts',(-28.9654940452944,18.1657216265478,-126.902735413476));
#2569=CARTESIAN_POINT('Ctrl Pts',(-56.4758307824061,18.1657216265478,-117.275522309398));
#2570=CARTESIAN_POINT('Ctrl Pts',(-81.1586607738979,18.1657216265478,-101.768385752256));
#2571=CARTESIAN_POINT('Ctrl Pts',(-99.4751908032388,18.1657216265478,-83.4459963125102));
#2572=CARTESIAN_POINT('Ctrl Pts',(-115.841328536613,18.1657216265478,-59.4484208359909));
#2573=CARTESIAN_POINT('Ctrl Pts',(-127.738738893325,18.1657216265478,-29.1554641124644));
#2574=CARTESIAN_POINT('Ctrl Pts',(-130.163077616132,18.1657216265478,3.2995012117728));
#2575=CARTESIAN_POINT('Ctrl Pts',(-125.83005923905,18.1657216265478,32.021414682841));
#2576=CARTESIAN_POINT('Ctrl Pts',(-117.277324996707,18.1657216265478,56.4768527627154));
#2577=CARTESIAN_POINT('Ctrl Pts',(-101.76681381072,18.1657216265478,81.157454384722));
#2578=CARTESIAN_POINT('Ctrl Pts',(-81.1578673681637,18.1657216265478,101.767689899174));
#2579=CARTESIAN_POINT('Ctrl Pts',(-56.4763006326539,18.1657216265478,117.275936913043));
#2580=CARTESIAN_POINT('Ctrl Pts',(-28.9652351839284,18.1657216265478,126.902506770177));
#2581=CARTESIAN_POINT('Ctrl Pts',(-9.65454076845774,18.1657216265478,129.077807284894));
#2582=CARTESIAN_POINT('Ctrl Pts',(3.50862090262352E-14,18.1657216265478,
129.077807284894));
#2583=CARTESIAN_POINT('Ctrl Pts',(2.66429418796359E-14,18.1657216265478,
-129.077807284894));
#2584=CARTESIAN_POINT('Ctrl Pts',(-9.65454076845809,18.1657216265478,-129.077807284894));
#2585=CARTESIAN_POINT('Ctrl Pts',(-28.9654940452944,18.1657216265478,-126.902735413476));
#2586=CARTESIAN_POINT('Ctrl Pts',(-56.4758307824061,18.1657216265478,-117.275522309398));
#2587=CARTESIAN_POINT('Ctrl Pts',(-81.1586607738979,18.1657216265478,-101.768385752256));
#2588=CARTESIAN_POINT('Ctrl Pts',(-99.4751908032388,18.1657216265478,-83.4459963125102));
#2589=CARTESIAN_POINT('Ctrl Pts',(-115.841328536613,18.1657216265478,-59.4484208359909));
#2590=CARTESIAN_POINT('Ctrl Pts',(-127.738738893325,18.1657216265478,-29.1554641124644));
#2591=CARTESIAN_POINT('Ctrl Pts',(-130.163077616132,18.1657216265478,3.2995012117728));
#2592=CARTESIAN_POINT('Ctrl Pts',(-125.83005923905,18.1657216265478,32.021414682841));
#2593=CARTESIAN_POINT('Ctrl Pts',(-117.277324996707,18.1657216265478,56.4768527627154));
#2594=CARTESIAN_POINT('Ctrl Pts',(-101.76681381072,18.1657216265478,81.157454384722));
#2595=CARTESIAN_POINT('Ctrl Pts',(-81.1578673681637,18.1657216265478,101.767689899174));
#2596=CARTESIAN_POINT('Ctrl Pts',(-56.4763006326539,18.1657216265478,117.275936913043));
#2597=CARTESIAN_POINT('Ctrl Pts',(-28.9652351839284,18.1657216265478,126.902506770177));
#2598=CARTESIAN_POINT('Ctrl Pts',(-9.65454076845774,18.1657216265478,129.077807284894));
#2599=CARTESIAN_POINT('Ctrl Pts',(3.50862090262352E-14,18.1657216265478,
129.077807284894));
#2600=CARTESIAN_POINT('Ctrl Pts',(3.52495810318487E-14,16.4766266921015,
129.699110662489));
#2601=CARTESIAN_POINT('Ctrl Pts',(-9.70101195444037,16.4766266921015,129.699110662489));
#2602=CARTESIAN_POINT('Ctrl Pts',(-29.104656505309,16.4766266921015,127.513339551892));
#2603=CARTESIAN_POINT('Ctrl Pts',(-56.7481437718828,16.4766266921015,117.840433144016));
#2604=CARTESIAN_POINT('Ctrl Pts',(-81.5485128104346,16.4766266921015,102.257538702731));
#2605=CARTESIAN_POINT('Ctrl Pts',(-102.256658397312,16.4766266921015,81.5480978391377));
#2606=CARTESIAN_POINT('Ctrl Pts',(-117.841827909085,16.4766266921015,56.7486985595681));
#2607=CARTESIAN_POINT('Ctrl Pts',(-126.435729899658,16.4766266921015,32.1755466247781));
#2608=CARTESIAN_POINT('Ctrl Pts',(-130.789604836125,16.4766266921015,3.31538303755192));
#2609=CARTESIAN_POINT('Ctrl Pts',(-128.353596796426,16.4766266921015,-29.2958010821529));
#2610=CARTESIAN_POINT('Ctrl Pts',(-116.398919420738,16.4766266921015,-59.7345699845934));
#2611=CARTESIAN_POINT('Ctrl Pts',(-99.9540048870299,16.4766266921015,-83.847655439251));
#2612=CARTESIAN_POINT('Ctrl Pts',(-81.5493100351497,16.4766266921015,-102.258237905234));
#2613=CARTESIAN_POINT('Ctrl Pts',(-56.7476716600567,16.4766266921015,-117.840016544717));
#2614=CARTESIAN_POINT('Ctrl Pts',(-29.104916612679,16.4766266921015,-127.513569295743));
#2615=CARTESIAN_POINT('Ctrl Pts',(-9.70101195444039,16.4766266921015,-129.699110662489));
#2616=CARTESIAN_POINT('Ctrl Pts',(3.59434704222394E-14,16.4766266921015,
-129.699110662489));
#2617=CARTESIAN_POINT('Ctrl Pts',(0.,17.4583813130547,129.81173734235));
#2618=CARTESIAN_POINT('Ctrl Pts',(129.81173734235,17.4583813130547,129.81173734235));
#2619=CARTESIAN_POINT('Ctrl Pts',(129.81173734235,17.4583813130547,0.));
#2620=CARTESIAN_POINT('Ctrl Pts',(129.81173734235,17.4583813130547,-129.81173734235));
#2621=CARTESIAN_POINT('Ctrl Pts',(0.,17.4583813130547,-129.81173734235));
#2622=CARTESIAN_POINT('Ctrl Pts',(-129.81173734235,17.4583813130547,-129.81173734235));
#2623=CARTESIAN_POINT('Ctrl Pts',(-129.81173734235,17.4583813130547,0.));
#2624=CARTESIAN_POINT('Ctrl Pts',(-129.81173734235,17.4583813130547,129.81173734235));
#2625=CARTESIAN_POINT('Ctrl Pts',(0.,17.4583813130547,129.81173734235));
#2626=CARTESIAN_POINT('Ctrl Pts',(0.,19.2776311193425,127.980428267936));
#2627=CARTESIAN_POINT('Ctrl Pts',(127.980428267936,19.2776311193425,127.980428267936));
#2628=CARTESIAN_POINT('Ctrl Pts',(127.980428267936,19.2776311193425,0.));
#2629=CARTESIAN_POINT('Ctrl Pts',(127.980428267936,19.2776311193425,-127.980428267936));
#2630=CARTESIAN_POINT('Ctrl Pts',(0.,19.2776311193425,-127.980428267936));
#2631=CARTESIAN_POINT('Ctrl Pts',(-127.980428267936,19.2776311193425,-127.980428267936));
#2632=CARTESIAN_POINT('Ctrl Pts',(-127.980428267936,19.2776311193425,0.));
#2633=CARTESIAN_POINT('Ctrl Pts',(-127.980428267936,19.2776311193425,127.980428267936));
#2634=CARTESIAN_POINT('Ctrl Pts',(0.,19.2776311193425,127.980428267936));
#2635=CARTESIAN_POINT('Ctrl Pts',(0.,22.0968474805505,124.729939558812));
#2636=CARTESIAN_POINT('Ctrl Pts',(124.729939558812,22.0968474805505,124.729939558812));
#2637=CARTESIAN_POINT('Ctrl Pts',(124.729939558812,22.0968474805505,0.));
#2638=CARTESIAN_POINT('Ctrl Pts',(124.729939558812,22.0968474805505,-124.729939558812));
#2639=CARTESIAN_POINT('Ctrl Pts',(0.,22.0968474805505,-124.729939558812));
#2640=CARTESIAN_POINT('Ctrl Pts',(-124.729939558812,22.0968474805505,-124.729939558812));
#2641=CARTESIAN_POINT('Ctrl Pts',(-124.729939558812,22.0968474805505,0.));
#2642=CARTESIAN_POINT('Ctrl Pts',(-124.729939558812,22.0968474805505,124.729939558812));
#2643=CARTESIAN_POINT('Ctrl Pts',(0.,22.0968474805505,124.729939558812));
#2644=CARTESIAN_POINT('Ctrl Pts',(0.,24.845992849136,119.179593349973));
#2645=CARTESIAN_POINT('Ctrl Pts',(119.179593349973,24.845992849136,119.179593349973));
#2646=CARTESIAN_POINT('Ctrl Pts',(119.179593349973,24.845992849136,0.));
#2647=CARTESIAN_POINT('Ctrl Pts',(119.179593349973,24.845992849136,-119.179593349973));
#2648=CARTESIAN_POINT('Ctrl Pts',(0.,24.845992849136,-119.179593349973));
#2649=CARTESIAN_POINT('Ctrl Pts',(-119.179593349973,24.845992849136,-119.179593349973));
#2650=CARTESIAN_POINT('Ctrl Pts',(-119.179593349973,24.845992849136,0.));
#2651=CARTESIAN_POINT('Ctrl Pts',(-119.179593349973,24.845992849136,119.179593349973));
#2652=CARTESIAN_POINT('Ctrl Pts',(0.,24.845992849136,119.179593349973));
#2653=CARTESIAN_POINT('Ctrl Pts',(0.,26.7397622504996,115.356195745255));
#2654=CARTESIAN_POINT('Ctrl Pts',(115.356195745255,26.7397622504996,115.356195745255));
#2655=CARTESIAN_POINT('Ctrl Pts',(115.356195745255,26.7397622504996,0.));
#2656=CARTESIAN_POINT('Ctrl Pts',(115.356195745255,26.7397622504996,-115.356195745255));
#2657=CARTESIAN_POINT('Ctrl Pts',(0.,26.7397622504996,-115.356195745255));
#2658=CARTESIAN_POINT('Ctrl Pts',(-115.356195745255,26.7397622504996,-115.356195745255));
#2659=CARTESIAN_POINT('Ctrl Pts',(-115.356195745255,26.7397622504996,0.));
#2660=CARTESIAN_POINT('Ctrl Pts',(-115.356195745255,26.7397622504996,115.356195745255));
#2661=CARTESIAN_POINT('Ctrl Pts',(0.,26.7397622504996,115.356195745255));
#2662=CARTESIAN_POINT('Ctrl Pts',(0.,28.7142422010022,110.191443158476));
#2663=CARTESIAN_POINT('Ctrl Pts',(110.191443158476,28.7142422010022,110.191443158476));
#2664=CARTESIAN_POINT('Ctrl Pts',(110.191443158476,28.7142422010022,0.));
#2665=CARTESIAN_POINT('Ctrl Pts',(110.191443158476,28.7142422010022,-110.191443158476));
#2666=CARTESIAN_POINT('Ctrl Pts',(0.,28.7142422010022,-110.191443158476));
#2667=CARTESIAN_POINT('Ctrl Pts',(-110.191443158476,28.7142422010022,-110.191443158476));
#2668=CARTESIAN_POINT('Ctrl Pts',(-110.191443158476,28.7142422010022,0.));
#2669=CARTESIAN_POINT('Ctrl Pts',(-110.191443158476,28.7142422010022,110.191443158476));
#2670=CARTESIAN_POINT('Ctrl Pts',(0.,28.7142422010022,110.191443158476));
#2671=CARTESIAN_POINT('Ctrl Pts',(0.,28.9503111915625,106.293809115343));
#2672=CARTESIAN_POINT('Ctrl Pts',(106.293809115343,28.9503111915625,106.293809115343));
#2673=CARTESIAN_POINT('Ctrl Pts',(106.293809115343,28.9503111915625,0.));
#2674=CARTESIAN_POINT('Ctrl Pts',(106.293809115343,28.9503111915625,-106.293809115343));
#2675=CARTESIAN_POINT('Ctrl Pts',(0.,28.9503111915625,-106.293809115343));
#2676=CARTESIAN_POINT('Ctrl Pts',(-106.293809115343,28.9503111915625,-106.293809115343));
#2677=CARTESIAN_POINT('Ctrl Pts',(-106.293809115343,28.9503111915625,0.));
#2678=CARTESIAN_POINT('Ctrl Pts',(-106.293809115343,28.9503111915625,106.293809115343));
#2679=CARTESIAN_POINT('Ctrl Pts',(0.,28.9503111915625,106.293809115343));
#2680=CARTESIAN_POINT('Ctrl Pts',(0.,28.9503581097107,106.293034469885));
#2681=CARTESIAN_POINT('Ctrl Pts',(106.293034469885,28.9503581097107,106.293034469885));
#2682=CARTESIAN_POINT('Ctrl Pts',(106.293034469885,28.9503581097107,0.));
#2683=CARTESIAN_POINT('Ctrl Pts',(106.293034469885,28.9503581097107,-106.293034469885));
#2684=CARTESIAN_POINT('Ctrl Pts',(0.,28.9503581097107,-106.293034469885));
#2685=CARTESIAN_POINT('Ctrl Pts',(-106.293034469885,28.9503581097107,-106.293034469885));
#2686=CARTESIAN_POINT('Ctrl Pts',(-106.293034469885,28.9503581097107,0.));
#2687=CARTESIAN_POINT('Ctrl Pts',(-106.293034469885,28.9503581097107,106.293034469885));
#2688=CARTESIAN_POINT('Ctrl Pts',(0.,28.9503581097107,106.293034469885));
#2689=CARTESIAN_POINT('Ctrl Pts',(0.,28.9504050278588,106.292259824427));
#2690=CARTESIAN_POINT('Ctrl Pts',(106.292259824427,28.9504050278588,106.292259824427));
#2691=CARTESIAN_POINT('Ctrl Pts',(106.292259824427,28.9504050278588,0.));
#2692=CARTESIAN_POINT('Ctrl Pts',(106.292259824427,28.9504050278588,-106.292259824427));
#2693=CARTESIAN_POINT('Ctrl Pts',(0.,28.9504050278588,-106.292259824427));
#2694=CARTESIAN_POINT('Ctrl Pts',(-106.292259824427,28.9504050278588,-106.292259824427));
#2695=CARTESIAN_POINT('Ctrl Pts',(-106.292259824427,28.9504050278588,0.));
#2696=CARTESIAN_POINT('Ctrl Pts',(-106.292259824427,28.9504050278588,106.292259824427));
#2697=CARTESIAN_POINT('Ctrl Pts',(0.,28.9504050278588,106.292259824427));
#2698=CARTESIAN_POINT('Ctrl Pts',(0.,28.9504519460069,106.291485178968));
#2699=CARTESIAN_POINT('Ctrl Pts',(106.291485178968,28.9504519460069,106.291485178968));
#2700=CARTESIAN_POINT('Ctrl Pts',(106.291485178968,28.9504519460069,0.));
#2701=CARTESIAN_POINT('Ctrl Pts',(106.291485178968,28.9504519460069,-106.291485178968));
#2702=CARTESIAN_POINT('Ctrl Pts',(0.,28.9504519460069,-106.291485178968));
#2703=CARTESIAN_POINT('Ctrl Pts',(-106.291485178968,28.9504519460069,-106.291485178968));
#2704=CARTESIAN_POINT('Ctrl Pts',(-106.291485178968,28.9504519460069,0.));
#2705=CARTESIAN_POINT('Ctrl Pts',(-106.291485178968,28.9504519460069,106.291485178968));
#2706=CARTESIAN_POINT('Ctrl Pts',(0.,28.9504519460069,106.291485178968));
#2707=CARTESIAN_POINT('Origin',(0.,28.9504519460069,0.));
#2708=CARTESIAN_POINT('Origin',(0.,3.60599963686039,0.));
#2709=CARTESIAN_POINT('',(0.,4.01698362051218,128.269743077697));
#2710=CARTESIAN_POINT('',(-1.57085130287555E-14,4.01698362051217,-128.269743077697));
#2711=CARTESIAN_POINT('Origin',(-1.42113605602226E-49,4.01698362051218,
8.83723673880239E-34));
#2712=CARTESIAN_POINT('',(-128.269743077697,4.01698362051218,-4.91883488238924E-15));
#2713=CARTESIAN_POINT('Origin',(-1.42113605602226E-49,4.01698362051218,
8.83723673880239E-34));
#2714=CARTESIAN_POINT('',(-131.850627815377,0.,-5.05615316443216E-15));
#2715=CARTESIAN_POINT('Origin',(-131.852246136339,3.60599963686039,-5.0562152231329E-15));
#2716=CARTESIAN_POINT('',(-1.6147044931967E-14,0.,-131.850627815377));
#2717=CARTESIAN_POINT('Origin',(0.,0.,0.));
#2718=CARTESIAN_POINT('',(0.,0.,131.850627815377));
#2719=CARTESIAN_POINT('Origin',(0.,0.,0.));
#2720=CARTESIAN_POINT('Origin',(0.,0.,0.));
#2721=CARTESIAN_POINT('Origin',(-1.42113605602226E-49,4.01698362051218,
8.83723673880239E-34));
#2722=CARTESIAN_POINT('Origin',(0.,8.72919065804006,0.));
#2723=CARTESIAN_POINT('',(-1.57747153996201E-14,8.72919065804006,-128.810326459867));
#2724=CARTESIAN_POINT('Origin',(0.,3.606,0.));
#2725=CARTESIAN_POINT('Origin',(-1.6147044931967E-14,3.606,-131.850627815377));
#2726=CARTESIAN_POINT('Origin',(0.,24.3154142532371,0.));
#2727=CARTESIAN_POINT('',(124.615963350693,24.2638797061891,-1.5261054064009E-14));
#2728=CARTESIAN_POINT('',(124.647598658613,24.3154142532371,-1.52649282718674E-14));
#2729=CARTESIAN_POINT('',(0.,24.2638797061891,124.615963350693));
#2730=CARTESIAN_POINT('Origin',(0.,24.2638797061891,0.));
#2731=CARTESIAN_POINT('Origin',(0.,24.2638797061891,0.));
#2732=CARTESIAN_POINT('Origin',(0.,24.3967619404692,0.));
#2733=CARTESIAN_POINT('',(0.,24.5296441747493,124.183027735098));
#2734=CARTESIAN_POINT('',(124.183027735098,24.5296441747493,-1.52080347424214E-14));
#2735=CARTESIAN_POINT('Origin',(0.,24.5296441747493,0.));
#2736=CARTESIAN_POINT('Origin',(0.,24.5296441747493,0.));
#2737=CARTESIAN_POINT('',(124.399495542895,24.3967619404692,-1.52345444032152E-14));
#2738=CARTESIAN_POINT('Origin',(0.,24.5835727051579,0.));
#2739=CARTESIAN_POINT('',(0.,24.6375012409549,124.250075071899));
#2740=CARTESIAN_POINT('',(124.250075071899,24.6375012409549,-1.52162456730619E-14));
#2741=CARTESIAN_POINT('Origin',(0.,24.6375012409549,0.));
#2742=CARTESIAN_POINT('',(-1.52162456730619E-14,24.6375012409549,-124.250075071899));
#2743=CARTESIAN_POINT('Origin',(0.,24.6375012409549,0.));
#2744=CARTESIAN_POINT('Origin',(0.,24.6375012409549,0.));
#2745=CARTESIAN_POINT('',(124.216551401823,24.5835727051579,-1.52121402075366E-14));
#2746=CARTESIAN_POINT('Origin',(0.,-9.46282553363567,0.));
#2747=CARTESIAN_POINT('',(0.,25.1307940338053,123.435124486064));
#2748=CARTESIAN_POINT('',(123.435124486064,25.1307940338054,-1.51164430104213E-14));
#2749=CARTESIAN_POINT('Origin',(0.,25.1307940338053,0.));
#2750=CARTESIAN_POINT('',(-1.51164430104213E-14,25.1307940338053,-123.435124486064));
#2751=CARTESIAN_POINT('Origin',(0.,25.1307940338053,0.));
#2752=CARTESIAN_POINT('Origin',(-1.26202598205383E-14,-9.46282553363567,
-103.052241914362));
#2753=CARTESIAN_POINT('Origin',(0.,25.1307940338053,0.));
#2754=CARTESIAN_POINT('Origin',(0.,25.0781435117388,0.));
#2755=CARTESIAN_POINT('',(123.375642563677,25.0254929896723,-1.51091585758355E-14));
#2756=CARTESIAN_POINT('',(123.40538352487,25.0781435117388,-1.51128007931284E-14));
#2757=CARTESIAN_POINT('',(0.,25.0254929896723,123.375642563677));
#2758=CARTESIAN_POINT('Origin',(0.,25.0254929896723,0.));
#2759=CARTESIAN_POINT('Origin',(0.,25.0254929896723,0.));
#2760=CARTESIAN_POINT('Origin',(0.,25.1504181329049,0.));
#2761=CARTESIAN_POINT('',(0.,25.2753432761374,122.933331774352));
#2762=CARTESIAN_POINT('',(122.933331774352,25.2753432761374,-1.50549911265979E-14));
#2763=CARTESIAN_POINT('Origin',(0.,25.2753432761374,0.));
#2764=CARTESIAN_POINT('Origin',(0.,25.2753432761374,0.));
#2765=CARTESIAN_POINT('',(123.154487169014,25.1504181329049,-1.50820748512167E-14));
#2766=CARTESIAN_POINT('Origin',(0.,25.3304548467019,0.));
#2767=CARTESIAN_POINT('',(0.,25.3855664227731,122.99641386411));
#2768=CARTESIAN_POINT('',(122.99641386411,25.3855664227731,-1.50627164545286E-14));
#2769=CARTESIAN_POINT('Origin',(0.,25.3855664227731,0.));
#2770=CARTESIAN_POINT('',(-1.50627164545286E-14,25.3855664227731,-122.99641386411));
#2771=CARTESIAN_POINT('Origin',(0.,25.3855664227731,0.));
#2772=CARTESIAN_POINT('Origin',(0.,25.3855664227731,0.));
#2773=CARTESIAN_POINT('',(122.964872817655,25.3304548467019,-1.50588537903703E-14));
#2774=CARTESIAN_POINT('Origin',(0.,-9.46282553363567,0.));
#2775=CARTESIAN_POINT('',(0.,25.8489072440644,122.164069271916));
#2776=CARTESIAN_POINT('',(122.164069271916,25.8489072440644,-1.49607836404667E-14));
#2777=CARTESIAN_POINT('Origin',(0.,25.8489072440644,0.));
#2778=CARTESIAN_POINT('',(-1.49607836404667E-14,25.8489072440644,-122.164069271916));
#2779=CARTESIAN_POINT('Origin',(0.,25.8489072440644,0.));
#2780=CARTESIAN_POINT('Origin',(-1.26202598205383E-14,-9.46282553363567,
-103.052241914362));
#2781=CARTESIAN_POINT('Origin',(0.,25.8489072440644,0.));
#2782=CARTESIAN_POINT('Origin',(0.,25.7952103498404,0.));
#2783=CARTESIAN_POINT('',(122.108454676806,25.7415134556165,-1.4953972816878E-14));
#2784=CARTESIAN_POINT('',(122.136261974361,25.7952103498404,-1.49573782286723E-14));
#2785=CARTESIAN_POINT('',(0.,25.7415134556165,122.108454676806));
#2786=CARTESIAN_POINT('Origin',(0.,25.7415134556165,0.));
#2787=CARTESIAN_POINT('Origin',(0.,25.7415134556165,0.));
#2788=CARTESIAN_POINT('Origin',(0.,25.858316359441,0.));
#2789=CARTESIAN_POINT('',(0.,25.9751192632655,121.65735343913));
#2790=CARTESIAN_POINT('',(121.65735343913,25.9751192632655,-1.48987288481969E-14));
#2791=CARTESIAN_POINT('Origin',(0.,25.9751192632655,0.));
#2792=CARTESIAN_POINT('Origin',(0.,25.9751192632655,0.));
#2793=CARTESIAN_POINT('',(121.882904057968,25.858316359441,-1.49263508325374E-14));
#2794=CARTESIAN_POINT('Origin',(0.,26.0313410176715,0.));
#2795=CARTESIAN_POINT('',(0.,26.087562777695,121.716386888677));
#2796=CARTESIAN_POINT('',(121.716386888677,26.0875627776951,-1.49059583606999E-14));
#2797=CARTESIAN_POINT('Origin',(0.,26.0875627776951,0.));
#2798=CARTESIAN_POINT('',(-1.49059583606999E-14,26.0875627776951,-121.716386888677));
#2799=CARTESIAN_POINT('Origin',(0.,26.0875627776951,0.));
#2800=CARTESIAN_POINT('Origin',(0.,26.0875627776951,0.));
#2801=CARTESIAN_POINT('',(121.686870162429,26.0313410176715,-1.49023436042678E-14));
#2802=CARTESIAN_POINT('Origin',(0.,-9.46282553363567,0.));
#2803=CARTESIAN_POINT('',(0.,26.520339100797,120.867748631824));
#2804=CARTESIAN_POINT('',(120.867748631824,26.520339100797,-1.48020301482111E-14));
#2805=CARTESIAN_POINT('Origin',(0.,26.520339100797,0.));
#2806=CARTESIAN_POINT('',(-1.48020301482111E-14,26.520339100797,-120.867748631824));
#2807=CARTESIAN_POINT('Origin',(0.,26.520339100797,0.));
#2808=CARTESIAN_POINT('Origin',(-1.26202598205383E-14,-9.46282553363567,
-103.052241914362));
#2809=CARTESIAN_POINT('Origin',(0.,26.520339100797,0.));
#2810=CARTESIAN_POINT('Origin',(0.,26.4656668205584,0.));
#2811=CARTESIAN_POINT('',(120.816074885294,26.4109945403197,-1.47957019393823E-14));
#2812=CARTESIAN_POINT('',(120.841911758559,26.4656668205584,-1.47988660437967E-14));
#2813=CARTESIAN_POINT('',(0.,26.4109945403197,120.816074885294));
#2814=CARTESIAN_POINT('Origin',(0.,26.4109945403197,0.));
#2815=CARTESIAN_POINT('Origin',(0.,26.4109945403197,0.));
#2816=CARTESIAN_POINT('Origin',(0.,26.519520793802,0.));
#2817=CARTESIAN_POINT('',(0.,26.6280470472843,120.356779545431));
#2818=CARTESIAN_POINT('',(120.356779545431,26.6280470472843,-1.47394544825995E-14));
#2819=CARTESIAN_POINT('Origin',(0.,26.6280470472843,0.));
#2820=CARTESIAN_POINT('Origin',(0.,26.6280470472843,0.));
#2821=CARTESIAN_POINT('',(120.586427215362,26.519520793802,-1.47675782109909E-14));
#2822=CARTESIAN_POINT('Origin',(0.,26.685304661578,0.));
#2823=CARTESIAN_POINT('',(0.,26.7425622815927,120.41168631381));
#2824=CARTESIAN_POINT('',(120.41168631381,26.7425622815927,-1.47461786224143E-14));
#2825=CARTESIAN_POINT('Origin',(0.,26.7425622815927,0.));
#2826=CARTESIAN_POINT('',(-1.47461786224143E-14,26.7425622815927,-120.41168631381));
#2827=CARTESIAN_POINT('Origin',(0.,26.7425622815927,0.));
#2828=CARTESIAN_POINT('Origin',(0.,26.7425622815927,0.));
#2829=CARTESIAN_POINT('',(120.384232928249,26.685304661578,-1.4742816552339E-14));
#2830=CARTESIAN_POINT('Origin',(0.,-9.46282553363567,0.));
#2831=CARTESIAN_POINT('',(0.,27.1442019854865,119.547876273879));
#2832=CARTESIAN_POINT('',(119.547876273879,27.1442019854865,-1.46403924023669E-14));
#2833=CARTESIAN_POINT('Origin',(0.,27.1442019854865,0.));
#2834=CARTESIAN_POINT('',(-1.46403924023669E-14,27.1442019854865,-119.547876273879));
#2835=CARTESIAN_POINT('Origin',(0.,27.1442019854865,0.));
#2836=CARTESIAN_POINT('Origin',(-1.26202598205383E-14,-9.46282553363567,
-103.052241914362));
#2837=CARTESIAN_POINT('Origin',(0.,27.1442019854865,0.));
#2838=CARTESIAN_POINT('Origin',(0.,27.0886265948153,0.));
#2839=CARTESIAN_POINT('',(119.500211687513,27.033051204144,-1.46345551740544E-14));
#2840=CARTESIAN_POINT('',(119.524043980696,27.0886265948153,-1.46374737882107E-14));
#2841=CARTESIAN_POINT('',(0.,27.0330512041441,119.500211687513));
#2842=CARTESIAN_POINT('Origin',(0.,27.0330512041441,0.));
#2843=CARTESIAN_POINT('Origin',(0.,27.0330512041441,0.));
#2844=CARTESIAN_POINT('Origin',(0.,27.1331573379042,0.));
#2845=CARTESIAN_POINT('',(0.,27.2332634716643,119.033329424052));
#2846=CARTESIAN_POINT('',(119.033329424052,27.2332634716643,-1.45773785871018E-14));
#2847=CARTESIAN_POINT('Origin',(0.,27.2332634716643,0.));
#2848=CARTESIAN_POINT('Origin',(0.,27.2332634716643,0.));
#2849=CARTESIAN_POINT('',(119.266770555783,27.1331573379042,-1.46059668805781E-14));
#2850=CARTESIAN_POINT('Origin',(0.,27.2914812525074,0.));
#2851=CARTESIAN_POINT('',(0.,27.3496990391675,119.084036925695));
#2852=CARTESIAN_POINT('',(119.084036925695,27.3496990391675,-1.45835884650597E-14));
#2853=CARTESIAN_POINT('Origin',(0.,27.3496990391675,0.));
#2854=CARTESIAN_POINT('',(-1.45835884650597E-14,27.3496990391675,-119.084036925695));
#2855=CARTESIAN_POINT('Origin',(0.,27.3496990391675,0.));
#2856=CARTESIAN_POINT('Origin',(0.,27.3496990391675,0.));
#2857=CARTESIAN_POINT('',(119.058683173607,27.2914812525074,-1.45804835259256E-14));
#2858=CARTESIAN_POINT('Origin',(0.,-9.46282553363567,0.));
#2859=CARTESIAN_POINT('',(0.,27.719671164777,118.206197041033));
#2860=CARTESIAN_POINT('',(118.206197041033,27.719671164777,-1.44760840845682E-14));
#2861=CARTESIAN_POINT('Origin',(0.,27.719671164777,0.));
#2862=CARTESIAN_POINT('',(-1.44760840845682E-14,27.719671164777,-118.206197041033));
#2863=CARTESIAN_POINT('Origin',(0.,27.719671164777,0.));
#2864=CARTESIAN_POINT('Origin',(-1.26202598205383E-14,-9.46282553363567,
-103.052241914362));
#2865=CARTESIAN_POINT('Origin',(0.,27.719671164777,0.));
#2866=CARTESIAN_POINT('Origin',(0.,27.663266133148,0.));
#2867=CARTESIAN_POINT('',(118.162604626393,27.6068611015189,-1.44707455534627E-14));
#2868=CARTESIAN_POINT('',(118.184400833713,27.663266133148,-1.44734148190155E-14));
#2869=CARTESIAN_POINT('',(0.,27.6068611015189,118.162604626393));
#2870=CARTESIAN_POINT('Origin',(0.,27.6068611015189,0.));
#2871=CARTESIAN_POINT('Origin',(0.,27.6068611015189,0.));
#2872=CARTESIAN_POINT('Origin',(0.,27.6984147773946,0.));
#2873=CARTESIAN_POINT('',(0.,27.7899684532704,117.688752647676));
#2874=CARTESIAN_POINT('',(117.688752647676,27.7899684532704,-1.44127154225621E-14));
#2875=CARTESIAN_POINT('Origin',(0.,27.7899684532704,0.));
#2876=CARTESIAN_POINT('Origin',(0.,27.7899684532704,0.));
#2877=CARTESIAN_POINT('',(117.925678637035,27.6984147773946,-1.44417304880124E-14));
#2878=CARTESIAN_POINT('Origin',(0.,27.849069438005,0.));
#2879=CARTESIAN_POINT('',(0.,27.9081704286449,117.735193848351));
#2880=CARTESIAN_POINT('',(117.735193848351,27.9081704286449,-1.44184028293376E-14));
#2881=CARTESIAN_POINT('Origin',(0.,27.9081704286449,0.));
#2882=CARTESIAN_POINT('',(-1.44184028293376E-14,27.9081704286449,-117.735193848351));
#2883=CARTESIAN_POINT('Origin',(0.,27.9081704286449,0.));
#2884=CARTESIAN_POINT('Origin',(0.,27.9081704286449,0.));
#2885=CARTESIAN_POINT('',(117.711973246853,27.849069438005,-1.44155591258078E-14));
#2886=CARTESIAN_POINT('Origin',(0.,-9.46282553363567,0.));
#2887=CARTESIAN_POINT('',(0.,28.2459858807536,116.844484604463));
#2888=CARTESIAN_POINT('',(116.844484604463,28.2459858807536,-1.43093224068878E-14));
#2889=CARTESIAN_POINT('Origin',(0.,28.2459858807536,0.));
#2890=CARTESIAN_POINT('',(-1.43093224068878E-14,28.2459858807536,-116.844484604463));
#2891=CARTESIAN_POINT('Origin',(0.,28.2459858807536,0.));
#2892=CARTESIAN_POINT('Origin',(-1.26202598205383E-14,-9.46282553363567,
-103.052241914362));
#2893=CARTESIAN_POINT('Origin',(0.,28.2459858807536,0.));
#2894=CARTESIAN_POINT('Origin',(0.,28.188825774409,0.));
#2895=CARTESIAN_POINT('',(116.805021989787,28.1316656680644,-1.43044896304128E-14));
#2896=CARTESIAN_POINT('',(116.824753297125,28.188825774409,-1.43069060186503E-14));
#2897=CARTESIAN_POINT('',(0.,28.1316656680644,116.805021989787));
#2898=CARTESIAN_POINT('Origin',(0.,28.1316656680644,0.));
#2899=CARTESIAN_POINT('Origin',(0.,28.1316656680644,0.));
#2900=CARTESIAN_POINT('Origin',(0.,28.2145458540595,0.));
#2901=CARTESIAN_POINT('',(0.,28.2974260400546,116.324826717967));
#2902=CARTESIAN_POINT('',(116.324826717967,28.2974260400546,-1.42456826701529E-14));
#2903=CARTESIAN_POINT('Origin',(0.,28.2974260400546,0.));
#2904=CARTESIAN_POINT('Origin',(0.,28.2974260400546,0.));
#2905=CARTESIAN_POINT('',(116.564924353877,28.2145458540595,-1.42750861502829E-14));
#2906=CARTESIAN_POINT('Origin',(0.,28.3573320984462,0.));
#2907=CARTESIAN_POINT('',(0.,28.4172381628236,116.366940223404));
#2908=CARTESIAN_POINT('',(116.366940223404,28.4172381628236,-1.42508400871163E-14));
#2909=CARTESIAN_POINT('Origin',(0.,28.4172381628236,0.));
#2910=CARTESIAN_POINT('',(-1.42508400871163E-14,28.4172381628236,-116.366940223404));
#2911=CARTESIAN_POINT('Origin',(0.,28.4172381628236,0.));
#2912=CARTESIAN_POINT('Origin',(0.,28.4172381628236,0.));
#2913=CARTESIAN_POINT('',(116.345883469634,28.3573320984462,-1.42482613785058E-14));
#2914=CARTESIAN_POINT('Origin',(0.,-9.46282553363567,0.));
#2915=CARTESIAN_POINT('',(0.,28.7224503566478,115.464539118811));
#2916=CARTESIAN_POINT('',(115.464539118811,28.7224503566478,-1.41403278246876E-14));
#2917=CARTESIAN_POINT('Origin',(0.,28.7224503566478,0.));
#2918=CARTESIAN_POINT('',(-1.41403278246876E-14,28.7224503566478,-115.464539118811));
#2919=CARTESIAN_POINT('Origin',(0.,28.7224503566478,0.));
#2920=CARTESIAN_POINT('Origin',(-1.26202598205383E-14,-9.46282553363567,
-103.052241914362));
#2921=CARTESIAN_POINT('Origin',(0.,28.7224503566478,0.));
#2922=CARTESIAN_POINT('Origin',(0.,28.6646107400225,0.));
#2923=CARTESIAN_POINT('',(115.429258472827,28.6067711233973,-1.41360071916701E-14));
#2924=CARTESIAN_POINT('',(115.446898795819,28.6646107400225,-1.41381675081788E-14));
#2925=CARTESIAN_POINT('',(0.,28.6067711233973,115.429258472827));
#2926=CARTESIAN_POINT('Origin',(0.,28.6067711233973,0.));
#2927=CARTESIAN_POINT('Origin',(0.,28.6067711233973,0.));
#2928=CARTESIAN_POINT('Origin',(0.,28.680868253683,0.));
#2929=CARTESIAN_POINT('',(0.,28.7549653839688,114.943354715759));
#2930=CARTESIAN_POINT('',(114.943354715759,28.7549653839688,-1.40765011435912E-14));
#2931=CARTESIAN_POINT('Origin',(0.,28.7549653839688,0.));
#2932=CARTESIAN_POINT('Origin',(0.,28.7549653839688,0.));
#2933=CARTESIAN_POINT('',(115.186306594293,28.680868253683,-1.41062541676307E-14));
#2934=CARTESIAN_POINT('Origin',(0.,28.8155973214929,0.));
#2935=CARTESIAN_POINT('',(0.,28.8762292650753,114.981084852806));
#2936=CARTESIAN_POINT('',(114.981084852806,28.8762292650753,-1.40811217527479E-14));
#2937=CARTESIAN_POINT('Origin',(0.,28.8762292650753,0.));
#2938=CARTESIAN_POINT('',(-1.40811217527479E-14,28.8762292650753,-114.981084852806));
#2939=CARTESIAN_POINT('Origin',(0.,28.8762292650753,0.));
#2940=CARTESIAN_POINT('Origin',(0.,28.8762292650753,0.));
#2941=CARTESIAN_POINT('',(114.96221978334,28.8155973214929,-1.40788114480542E-14));
#2942=CARTESIAN_POINT('Origin',(0.,-9.46282553363567,0.));
#2943=CARTESIAN_POINT('',(0.,29.1484347166395,114.068184842416));
#2944=CARTESIAN_POINT('',(114.068184842416,29.1484347166395,-1.39693237451814E-14));
#2945=CARTESIAN_POINT('Origin',(0.,29.1484347166395,0.));
#2946=CARTESIAN_POINT('',(-1.39693237451814E-14,29.1484347166395,-114.068184842416));
#2947=CARTESIAN_POINT('Origin',(0.,29.1484347166395,0.));
#2948=CARTESIAN_POINT('Origin',(-1.26202598205383E-14,-9.46282553363567,
-103.052241914362));
#2949=CARTESIAN_POINT('Origin',(0.,29.1484347166395,0.));
#2950=CARTESIAN_POINT('Origin',(0.,29.0899920524664,0.));
#2951=CARTESIAN_POINT('',(114.037132805384,29.0315493882934,-1.39655209674055E-14));
#2952=CARTESIAN_POINT('',(114.0526588239,29.0899920524664,-1.39674223562934E-14));
#2953=CARTESIAN_POINT('',(0.,29.0315493882934,114.037132805384));
#2954=CARTESIAN_POINT('Origin',(0.,29.0315493882934,0.));
#2955=CARTESIAN_POINT('Origin',(0.,29.0315493882934,0.));
#2956=CARTESIAN_POINT('Origin',(0.,29.0967655080525,0.));
#2957=CARTESIAN_POINT('',(0.,29.1619816278117,113.546162917413));
#2958=CARTESIAN_POINT('',(113.546162917413,29.1619816278117,-1.39053944972274E-14));
#2959=CARTESIAN_POINT('Origin',(0.,29.1619816278117,0.));
#2960=CARTESIAN_POINT('Origin',(0.,29.1619816278117,0.));
#2961=CARTESIAN_POINT('',(113.791647861399,29.0967655080525,-1.39354577323164E-14));
#2962=CARTESIAN_POINT('Origin',(0.,29.2232592903469,0.));
#2963=CARTESIAN_POINT('',(0.,29.284536959005,113.579459807639));
#2964=CARTESIAN_POINT('',(113.579459807639,29.284536959005,-1.3909472190231E-14));
#2965=CARTESIAN_POINT('Origin',(0.,29.284536959005,0.));
#2966=CARTESIAN_POINT('',(-1.3909472190231E-14,29.284536959005,-113.579459807639));
#2967=CARTESIAN_POINT('Origin',(0.,29.284536959005,0.));
#2968=CARTESIAN_POINT('Origin',(0.,29.284536959005,0.));
#2969=CARTESIAN_POINT('',(113.562811361694,29.2232592903469,-1.39074333436273E-14));
#2970=CARTESIAN_POINT('Origin',(0.,-9.46282553363567,0.));
#2971=CARTESIAN_POINT('',(0.,29.5233758185393,112.657267725691));
#2972=CARTESIAN_POINT('',(112.657267725691,29.5233758185393,-1.37965362320954E-14));
#2973=CARTESIAN_POINT('Origin',(0.,29.5233758185393,0.));
#2974=CARTESIAN_POINT('',(-1.37965362320954E-14,29.5233758185393,-112.657267725691));
#2975=CARTESIAN_POINT('Origin',(0.,29.5233758185393,0.));
#2976=CARTESIAN_POINT('Origin',(-1.26202598205383E-14,-9.46282553363567,
-103.052241914362));
#2977=CARTESIAN_POINT('Origin',(0.,29.5233758185393,0.));
#2978=CARTESIAN_POINT('Origin',(0.,29.4644073667673,0.));
#2979=CARTESIAN_POINT('',(112.630485347737,29.4054389149954,-1.37932563367519E-14));
#2980=CARTESIAN_POINT('',(112.643876536714,29.4644073667673,-1.37948962844236E-14));
#2981=CARTESIAN_POINT('',(0.,29.4054389149954,112.630485347737));
#2982=CARTESIAN_POINT('Origin',(0.,29.4054389149954,0.));
#2983=CARTESIAN_POINT('Origin',(0.,29.4054389149954,0.));
#2984=CARTESIAN_POINT('Origin',(0.,29.461687809916,0.));
#2985=CARTESIAN_POINT('',(0.,29.5179367048366,112.135098380527));
#2986=CARTESIAN_POINT('',(112.135098380527,29.5179367048366,-1.37325889303786E-14));
#2987=CARTESIAN_POINT('Origin',(0.,29.5179367048366,0.));
#2988=CARTESIAN_POINT('Origin',(0.,29.5179367048366,0.));
#2989=CARTESIAN_POINT('',(112.382791864132,29.461687809916,-1.37629226335653E-14));
#2990=CARTESIAN_POINT('Origin',(0.,29.5797790846272,0.));
#2991=CARTESIAN_POINT('',(0.,29.641621470597,112.163918006157));
#2992=CARTESIAN_POINT('',(112.163918006157,29.641621470597,-1.37361183166066E-14));
#2993=CARTESIAN_POINT('Origin',(0.,29.641621470597,0.));
#2994=CARTESIAN_POINT('',(-1.37361183166066E-14,29.641621470597,-112.163918006157));
#2995=CARTESIAN_POINT('Origin',(0.,29.641621470597,0.));
#2996=CARTESIAN_POINT('Origin',(0.,29.641621470597,0.));
#2997=CARTESIAN_POINT('',(112.149508192622,29.5797790846272,-1.37343536234045E-14));
#2998=CARTESIAN_POINT('Origin',(0.,-9.46282553363567,0.));
#2999=CARTESIAN_POINT('',(0.,29.8467779982506,111.233652970808));
#3000=CARTESIAN_POINT('',(111.233652970808,29.8467779982506,-1.36221937068168E-14));
#3001=CARTESIAN_POINT('Origin',(0.,29.8467779982506,0.));
#3002=CARTESIAN_POINT('',(-1.36221937068168E-14,29.8467779982506,-111.233652970808));
#3003=CARTESIAN_POINT('Origin',(0.,29.8467779982506,0.));
#3004=CARTESIAN_POINT('Origin',(-1.26202598205383E-14,-9.46282553363567,
-103.052241914362));
#3005=CARTESIAN_POINT('Origin',(0.,29.8467779982506,0.));
#3006=CARTESIAN_POINT('Origin',(0.,29.7873617139084,0.));
#3007=CARTESIAN_POINT('',(111.211175657661,29.7279454295663,-1.36194410298569E-14));
#3008=CARTESIAN_POINT('',(111.222414314235,29.7873617139084,-1.36208173683368E-14));
#3009=CARTESIAN_POINT('',(0.,29.7279454295663,111.211175657661));
#3010=CARTESIAN_POINT('Origin',(0.,29.7279454295663,0.));
#3011=CARTESIAN_POINT('Origin',(0.,29.7279454295663,0.));
#3012=CARTESIAN_POINT('Origin',(0.,29.7751527398155,0.));
#3013=CARTESIAN_POINT('',(0.,29.8223600500647,110.712026502161));
#3014=CARTESIAN_POINT('',(110.712026502161,29.8223600500647,-1.35583128882989E-14));
#3015=CARTESIAN_POINT('Origin',(0.,29.8223600500647,0.));
#3016=CARTESIAN_POINT('Origin',(0.,29.8223600500647,0.));
#3017=CARTESIAN_POINT('',(110.961601079911,29.7751527398155,-1.35888769590779E-14));
#3018=CARTESIAN_POINT('Origin',(0.,29.8846853928106,0.));
#3019=CARTESIAN_POINT('',(0.,29.9470107417841,110.736330764267));
#3020=CARTESIAN_POINT('',(110.736330764267,29.9470107417841,-1.35612893019782E-14));
#3021=CARTESIAN_POINT('Origin',(0.,29.9470107417841,0.));
#3022=CARTESIAN_POINT('',(-1.35612893019782E-14,29.9470107417841,-110.736330764267));
#3023=CARTESIAN_POINT('Origin',(0.,29.9470107417841,0.));
#3024=CARTESIAN_POINT('Origin',(0.,29.9470107417841,0.));
#3025=CARTESIAN_POINT('',(110.724178632607,29.8846853928106,-1.35598010950642E-14));
#3026=CARTESIAN_POINT('Origin',(0.,-9.46282553363567,0.));
#3027=CARTESIAN_POINT('',(0.,30.1182137250266,109.799222565946));
#3028=CARTESIAN_POINT('',(109.799222565946,30.1182137250267,-1.34465266464254E-14));
#3029=CARTESIAN_POINT('Origin',(0.,30.1182137250266,0.));
#3030=CARTESIAN_POINT('',(-1.34465266464254E-14,30.1182137250266,-109.799222565946));
#3031=CARTESIAN_POINT('Origin',(0.,30.1182137250266,0.));
#3032=CARTESIAN_POINT('Origin',(-1.26202598205383E-14,-9.46282553363567,
-103.052241914362));
#3033=CARTESIAN_POINT('Origin',(0.,30.1182137250266,0.));
#3034=CARTESIAN_POINT('Origin',(0.,30.0584281551681,0.));
#3035=CARTESIAN_POINT('',(109.781080032133,29.9986425853096,-1.34443048268291E-14));
#3036=CARTESIAN_POINT('',(109.79015129904,30.0584281551681,-1.34454157366272E-14));
#3037=CARTESIAN_POINT('',(0.,29.9986425853096,109.781080032133));
#3038=CARTESIAN_POINT('Origin',(0.,29.9986425853096,0.));
#3039=CARTESIAN_POINT('Origin',(0.,29.9986425853096,0.));
#3040=CARTESIAN_POINT('Origin',(0.,30.0367459038355,0.));
#3041=CARTESIAN_POINT('',(0.,30.0748492223614,109.278828552823));
#3042=CARTESIAN_POINT('',(109.278828552823,30.0748492223614,-1.33827967601787E-14));
#3043=CARTESIAN_POINT('Origin',(0.,30.0748492223614,0.));
#3044=CARTESIAN_POINT('Origin',(0.,30.0748492223614,0.));
#3045=CARTESIAN_POINT('',(109.529954292478,30.0367459038355,-1.34135507935039E-14));
#3046=CARTESIAN_POINT('Origin',(0.,30.1375751352961,0.));
#3047=CARTESIAN_POINT('',(0.,30.2003010544983,109.298585321691));
#3048=CARTESIAN_POINT('',(109.298585321691,30.2003010544983,-1.33852162665543E-14));
#3049=CARTESIAN_POINT('Origin',(0.,30.2003010544983,0.));
#3050=CARTESIAN_POINT('',(-1.33852162665543E-14,30.2003010544983,-109.298585321691));
#3051=CARTESIAN_POINT('Origin',(0.,30.2003010544983,0.));
#3052=CARTESIAN_POINT('Origin',(0.,30.2003010544983,0.));
#3053=CARTESIAN_POINT('',(109.288706936763,30.1375751352961,-1.3384006513306E-14));
#3054=CARTESIAN_POINT('Origin',(0.,-9.46282553363567,0.));
#3055=CARTESIAN_POINT('',(0.,30.3373241666572,108.355872797342));
#3056=CARTESIAN_POINT('',(108.355872797342,30.3373241666572,-1.32697672790082E-14));
#3057=CARTESIAN_POINT('Origin',(0.,30.3373241666572,0.));
#3058=CARTESIAN_POINT('',(-1.32697672790082E-14,30.3373241666572,-108.355872797342));
#3059=CARTESIAN_POINT('Origin',(0.,30.3373241666572,0.));
#3060=CARTESIAN_POINT('Origin',(-1.26202598205383E-14,-9.46282553363567,
-103.052241914362));
#3061=CARTESIAN_POINT('Origin',(0.,30.3373241666572,0.));
#3062=CARTESIAN_POINT('Origin',(0.,30.2772483465236,0.));
#3063=CARTESIAN_POINT('',(108.342089026902,30.2171725263901,-1.32680792539733E-14));
#3064=CARTESIAN_POINT('',(108.348980912122,30.2772483465236,-1.32689232664908E-14));
#3065=CARTESIAN_POINT('',(0.,30.2171725263901,108.342089026902));
#3066=CARTESIAN_POINT('Origin',(0.,30.2171725263901,0.));
#3067=CARTESIAN_POINT('Origin',(0.,30.2171725263901,0.));
#3068=CARTESIAN_POINT('Origin',(0.,30.2461214814227,0.));
#3069=CARTESIAN_POINT('',(0.,30.2750704364553,107.837399189467));
#3070=CARTESIAN_POINT('',(107.837399189467,30.2750704364553,-1.32062725745757E-14));
#3071=CARTESIAN_POINT('Origin',(0.,30.2750704364553,0.));
#3072=CARTESIAN_POINT('Origin',(0.,30.2750704364553,0.));
#3073=CARTESIAN_POINT('',(108.089744108185,30.2461214814227,-1.32371759142745E-14));
#3074=CARTESIAN_POINT('Origin',(0.,30.3381139972668,0.));
#3075=CARTESIAN_POINT('',(0.,30.4011575580784,107.852582346316));
#3076=CARTESIAN_POINT('',(107.852582346316,30.4011575580784,-1.32081319750192E-14));
#3077=CARTESIAN_POINT('Origin',(0.,30.4011575580784,0.));
#3078=CARTESIAN_POINT('',(-1.32081319750192E-14,30.4011575580784,-107.852582346316));
#3079=CARTESIAN_POINT('Origin',(0.,30.4011575580784,0.));
#3080=CARTESIAN_POINT('Origin',(0.,30.4011575580784,0.));
#3081=CARTESIAN_POINT('',(107.844990767891,30.3381139972668,-1.32072022747974E-14));
#3082=CARTESIAN_POINT('Origin',(0.,-9.46282553363567,0.));
#3083=CARTESIAN_POINT('',(0.,30.6891410023712,103.052241914361));
#3084=CARTESIAN_POINT('',(-1.26202598205381E-14,30.6891410023712,-103.052241914361));
#3085=CARTESIAN_POINT('Origin',(0.,30.6891410023712,0.));
#3086=CARTESIAN_POINT('Origin',(0.,30.6891410023712,0.));
#3087=CARTESIAN_POINT('Origin',(-1.26202598205383E-14,-9.46282553363567,
-103.052241914362));
#3088=CARTESIAN_POINT('Origin',(-101.007566898431,30.6891410023712,0.));
#3089=CARTESIAN_POINT('',(0.,30.6891410023712,101.007566898431));
#3090=CARTESIAN_POINT('',(101.007566898431,30.6891410023712,-1.23698593491826E-14));
#3091=CARTESIAN_POINT('Origin',(0.,30.6891410023712,0.));
#3092=CARTESIAN_POINT('Origin',(0.,30.6891410023712,0.));
#3093=CARTESIAN_POINT('Origin',(0.,30.8161410023712,0.));
#3094=CARTESIAN_POINT('',(0.,30.9431410023712,101.007566898431));
#3095=CARTESIAN_POINT('',(101.007566898431,30.9431410023712,-1.23698593491826E-14));
#3096=CARTESIAN_POINT('Origin',(0.,30.9431410023712,0.));
#3097=CARTESIAN_POINT('Origin',(0.,30.9431410023712,0.));
#3098=CARTESIAN_POINT('',(101.007566898431,30.8161410023712,-1.23698593491826E-14));
#3099=CARTESIAN_POINT('Origin',(-100.245566898431,30.9431410023712,0.));
#3100=CARTESIAN_POINT('',(0.,30.9431410023712,100.245566898431));
#3101=CARTESIAN_POINT('',(100.245566898431,30.9431410023712,-1.22765412630876E-14));
#3102=CARTESIAN_POINT('Origin',(0.,30.9431410023712,0.));
#3103=CARTESIAN_POINT('Origin',(0.,30.9431410023712,0.));
#3104=CARTESIAN_POINT('Origin',(0.,30.8161410023712,0.));
#3105=CARTESIAN_POINT('',(100.245566898431,30.6891410023712,-1.22765412630876E-14));
#3106=CARTESIAN_POINT('',(100.245566898431,30.8161410023712,-1.22765412630876E-14));
#3107=CARTESIAN_POINT('',(0.,30.6891410023712,100.245566898431));
#3108=CARTESIAN_POINT('Origin',(0.,30.6891410023712,0.));
#3109=CARTESIAN_POINT('Origin',(0.,30.6891410023712,0.));
#3110=CARTESIAN_POINT('Origin',(0.,30.6891410023712,0.));
#3111=CARTESIAN_POINT('Origin',(0.,-9.46282553363567,0.));
#3112=CARTESIAN_POINT('',(0.,29.0867864443766,103.052241914362));
#3113=CARTESIAN_POINT('',(-1.26202598205383E-14,29.0867864443766,-103.052241914362));
#3114=CARTESIAN_POINT('Origin',(0.,29.0867864443766,0.));
#3115=CARTESIAN_POINT('Origin',(-1.26202598205383E-14,-9.46282553363567,
-103.052241914362));
#3116=CARTESIAN_POINT('Origin',(0.,29.0867864443766,0.));
#3117=CARTESIAN_POINT('Origin',(0.,29.0867864443766,103.052241914362));
#3118=CARTESIAN_POINT('Ctrl Pts',(0.,29.1534590007387,106.292223191514));
#3119=CARTESIAN_POINT('Ctrl Pts',(106.292223191514,29.1534590007387,106.292223191514));
#3120=CARTESIAN_POINT('Ctrl Pts',(106.292223191514,29.1534590007387,0.));
#3121=CARTESIAN_POINT('Ctrl Pts',(106.292223191514,29.1534590007387,-106.292223191514));
#3122=CARTESIAN_POINT('Ctrl Pts',(0.,29.1534590007387,-106.292223191514));
#3123=CARTESIAN_POINT('Ctrl Pts',(-106.292223191514,29.1534590007387,-106.292223191514));
#3124=CARTESIAN_POINT('Ctrl Pts',(-106.292223191514,29.1534590007387,0.));
#3125=CARTESIAN_POINT('Ctrl Pts',(-106.292223191514,29.1534590007387,106.292223191514));
#3126=CARTESIAN_POINT('Ctrl Pts',(0.,29.1534590007387,106.292223191514));
#3127=CARTESIAN_POINT('Ctrl Pts',(0.,28.9141466085547,110.245915780043));
#3128=CARTESIAN_POINT('Ctrl Pts',(110.245915780043,28.9141466085547,110.245915780043));
#3129=CARTESIAN_POINT('Ctrl Pts',(110.245915780043,28.9141466085547,0.));
#3130=CARTESIAN_POINT('Ctrl Pts',(110.245915780043,28.9141466085547,-110.245915780043));
#3131=CARTESIAN_POINT('Ctrl Pts',(0.,28.9141466085547,-110.245915780043));
#3132=CARTESIAN_POINT('Ctrl Pts',(-110.245915780043,28.9141466085547,-110.245915780043));
#3133=CARTESIAN_POINT('Ctrl Pts',(-110.245915780043,28.9141466085547,0.));
#3134=CARTESIAN_POINT('Ctrl Pts',(-110.245915780043,28.9141466085547,110.245915780043));
#3135=CARTESIAN_POINT('Ctrl Pts',(0.,28.9141466085547,110.245915780043));
#3136=CARTESIAN_POINT('Ctrl Pts',(0.,26.9299886405109,115.416951963854));
#3137=CARTESIAN_POINT('Ctrl Pts',(115.416951963854,26.9299886405109,115.416951963854));
#3138=CARTESIAN_POINT('Ctrl Pts',(115.416951963854,26.9299886405109,0.));
#3139=CARTESIAN_POINT('Ctrl Pts',(115.416951963854,26.9299886405109,-115.416951963854));
#3140=CARTESIAN_POINT('Ctrl Pts',(0.,26.9299886405109,-115.416951963854));
#3141=CARTESIAN_POINT('Ctrl Pts',(-115.416951963854,26.9299886405109,-115.416951963854));
#3142=CARTESIAN_POINT('Ctrl Pts',(-115.416951963854,26.9299886405109,0.));
#3143=CARTESIAN_POINT('Ctrl Pts',(-115.416951963854,26.9299886405109,115.416951963854));
#3144=CARTESIAN_POINT('Ctrl Pts',(0.,26.9299886405109,115.416951963854));
#3145=CARTESIAN_POINT('Ctrl Pts',(0.,22.2699242379278,124.826225404558));
#3146=CARTESIAN_POINT('Ctrl Pts',(124.826225404558,22.2699242379278,124.826225404558));
#3147=CARTESIAN_POINT('Ctrl Pts',(124.826225404558,22.2699242379278,0.));
#3148=CARTESIAN_POINT('Ctrl Pts',(124.826225404558,22.2699242379278,-124.826225404558));
#3149=CARTESIAN_POINT('Ctrl Pts',(0.,22.2699242379278,-124.826225404558));
#3150=CARTESIAN_POINT('Ctrl Pts',(-124.826225404558,22.2699242379278,-124.826225404558));
#3151=CARTESIAN_POINT('Ctrl Pts',(-124.826225404558,22.2699242379278,0.));
#3152=CARTESIAN_POINT('Ctrl Pts',(-124.826225404558,22.2699242379278,124.826225404558));
#3153=CARTESIAN_POINT('Ctrl Pts',(0.,22.2699242379278,124.826225404558));
#3154=CARTESIAN_POINT('Ctrl Pts',(0.,19.4344957188744,128.097377628008));
#3155=CARTESIAN_POINT('Ctrl Pts',(128.097377628008,19.4344957188744,128.097377628008));
#3156=CARTESIAN_POINT('Ctrl Pts',(128.097377628008,19.4344957188744,0.));
#3157=CARTESIAN_POINT('Ctrl Pts',(128.097377628008,19.4344957188744,-128.097377628008));
#3158=CARTESIAN_POINT('Ctrl Pts',(0.,19.4344957188744,-128.097377628008));
#3159=CARTESIAN_POINT('Ctrl Pts',(-128.097377628008,19.4344957188744,-128.097377628008));
#3160=CARTESIAN_POINT('Ctrl Pts',(-128.097377628008,19.4344957188744,0.));
#3161=CARTESIAN_POINT('Ctrl Pts',(-128.097377628008,19.4344957188744,128.097377628008));
#3162=CARTESIAN_POINT('Ctrl Pts',(0.,19.4344957188744,128.097377628008));
#3163=CARTESIAN_POINT('Ctrl Pts',(0.,17.6046879662905,129.939455669155));
#3164=CARTESIAN_POINT('Ctrl Pts',(129.939455669155,17.6046879662905,129.939455669155));
#3165=CARTESIAN_POINT('Ctrl Pts',(129.939455669155,17.6046879662905,0.));
#3166=CARTESIAN_POINT('Ctrl Pts',(129.939455669155,17.6046879662905,-129.939455669155));
#3167=CARTESIAN_POINT('Ctrl Pts',(0.,17.6046879662905,-129.939455669155));
#3168=CARTESIAN_POINT('Ctrl Pts',(-129.939455669155,17.6046879662905,-129.939455669155));
#3169=CARTESIAN_POINT('Ctrl Pts',(-129.939455669155,17.6046879662905,0.));
#3170=CARTESIAN_POINT('Ctrl Pts',(-129.939455669155,17.6046879662905,129.939455669155));
#3171=CARTESIAN_POINT('Ctrl Pts',(0.,17.6046879662905,129.939455669155));
#3172=CARTESIAN_POINT('',(1.57136811051876E-14,18.150969009171,-129.376621182634));
#3173=CARTESIAN_POINT('',(1.46045062701305E-14,25.02922307316,-119.254843766372));
#3174=CARTESIAN_POINT('Ctrl Pts',(0.,18.150969009171,-129.376621182634));
#3175=CARTESIAN_POINT('Ctrl Pts',(0.,19.9711206025905,-127.456850442874));
#3176=CARTESIAN_POINT('Ctrl Pts',(0.,22.5313651871856,-124.298342275267));
#3177=CARTESIAN_POINT('Ctrl Pts',(0.,25.02922307316,-119.254843766372));
#3178=CARTESIAN_POINT('',(0.,18.1509690095775,129.376621182205));
#3179=CARTESIAN_POINT('Ctrl Pts',(-3.16881330030769E-14,18.1509690095021,
129.376621182285));
#3180=CARTESIAN_POINT('Ctrl Pts',(-16.8467540856268,18.1509690095021,129.376621182285));
#3181=CARTESIAN_POINT('Ctrl Pts',(-33.5324439784059,18.1509690093214,126.086075490556));
#3182=CARTESIAN_POINT('Ctrl Pts',(-64.7033206615809,18.1509690093821,113.294322578999));
#3183=CARTESIAN_POINT('Ctrl Pts',(-78.8904967553864,18.1509690095675,103.915411521685));
#3184=CARTESIAN_POINT('Ctrl Pts',(-102.871217298707,18.150969009527,80.247341873909));
#3185=CARTESIAN_POINT('Ctrl Pts',(-112.435493050601,18.1509690095137,66.1844628956738));
#3186=CARTESIAN_POINT('Ctrl Pts',(-125.635186669449,18.1509690095069,35.1841313127982));
#3187=CARTESIAN_POINT('Ctrl Pts',(-129.144408327563,18.1509690095287,18.5430587267244));
#3188=CARTESIAN_POINT('Ctrl Pts',(-129.586554146083,18.1509690094718,-15.1475482142659));
#3189=CARTESIAN_POINT('Ctrl Pts',(-126.515251113235,18.1509690093736,-31.8749818506972));
#3190=CARTESIAN_POINT('Ctrl Pts',(-114.133641995249,18.150969009441,-63.2110354175784));
#3191=CARTESIAN_POINT('Ctrl Pts',(-104.941710878189,18.1509690095171,-77.5200654552978));
#3192=CARTESIAN_POINT('Ctrl Pts',(-81.5903681201512,18.1509690095306,-101.809307316457));
#3193=CARTESIAN_POINT('Ctrl Pts',(-67.6542080116567,18.150969009562,-111.557300812125));
#3194=CARTESIAN_POINT('Ctrl Pts',(-44.0349432228344,18.1509690095465,-121.982422837318));
#3195=CARTESIAN_POINT('Ctrl Pts',(-35.4733451884531,18.1509690096555,-124.741450556995));
#3196=CARTESIAN_POINT('Ctrl Pts',(-17.9175831617876,18.1509690096412,-128.443559275573));
#3197=CARTESIAN_POINT('Ctrl Pts',(-8.97093073035957,18.1509690094282,-129.376621182363));
#3198=CARTESIAN_POINT('Ctrl Pts',(-2.26485497023532E-12,18.1509690094205,
-129.376621182371));
#3199=CARTESIAN_POINT('',(0.,24.9148276542708,119.484425271019));
#3200=CARTESIAN_POINT('Ctrl Pts',(0.,18.1509690095775,129.376621182205));
#3201=CARTESIAN_POINT('Ctrl Pts',(0.,19.9433444978211,127.48614676812));
#3202=CARTESIAN_POINT('Ctrl Pts',(0.,22.4533972087149,124.394453524082));
#3203=CARTESIAN_POINT('Ctrl Pts',(0.,24.9148279690209,119.484425428877));
#3204=CARTESIAN_POINT('',(-2.92090125403916E-14,25.0292230728959,119.254843766905));
#3205=CARTESIAN_POINT('Ctrl Pts',(0.,24.9148276542708,119.484425271019));
#3206=CARTESIAN_POINT('Ctrl Pts',(0.,24.9529719827888,119.408335491157));
#3207=CARTESIAN_POINT('Ctrl Pts',(0.,24.9911049494677,119.33180919386));
#3208=CARTESIAN_POINT('Ctrl Pts',(0.,25.0292230729077,119.254843766881));
#3209=CARTESIAN_POINT('Origin',(0.,25.0292230728959,0.));
#3210=CARTESIAN_POINT('Ctrl Pts',(0.,29.1534590007387,106.292223191514));
#3211=CARTESIAN_POINT('Ctrl Pts',(106.292223191514,29.1534590007387,106.292223191514));
#3212=CARTESIAN_POINT('Ctrl Pts',(106.292223191514,29.1534590007387,0.));
#3213=CARTESIAN_POINT('Ctrl Pts',(106.292223191514,29.1534590007387,-106.292223191514));
#3214=CARTESIAN_POINT('Ctrl Pts',(0.,29.1534590007387,-106.292223191514));
#3215=CARTESIAN_POINT('Ctrl Pts',(-106.292223191514,29.1534590007387,-106.292223191514));
#3216=CARTESIAN_POINT('Ctrl Pts',(-106.292223191514,29.1534590007387,0.));
#3217=CARTESIAN_POINT('Ctrl Pts',(-106.292223191514,29.1534590007387,106.292223191514));
#3218=CARTESIAN_POINT('Ctrl Pts',(0.,29.1534590007387,106.292223191514));
#3219=CARTESIAN_POINT('Ctrl Pts',(0.,29.109132266176,107.024547499148));
#3220=CARTESIAN_POINT('Ctrl Pts',(107.024547499148,29.109132266176,107.024547499148));
#3221=CARTESIAN_POINT('Ctrl Pts',(107.024547499148,29.109132266176,0.));
#3222=CARTESIAN_POINT('Ctrl Pts',(107.024547499148,29.109132266176,-107.024547499148));
#3223=CARTESIAN_POINT('Ctrl Pts',(0.,29.109132266176,-107.024547499148));
#3224=CARTESIAN_POINT('Ctrl Pts',(-107.024547499148,29.109132266176,-107.024547499148));
#3225=CARTESIAN_POINT('Ctrl Pts',(-107.024547499148,29.109132266176,0.));
#3226=CARTESIAN_POINT('Ctrl Pts',(-107.024547499148,29.109132266176,107.024547499148));
#3227=CARTESIAN_POINT('Ctrl Pts',(0.,29.109132266176,107.024547499148));
#3228=CARTESIAN_POINT('Ctrl Pts',(0.,28.9192288624551,108.582244900154));
#3229=CARTESIAN_POINT('Ctrl Pts',(108.582244900154,28.9192288624551,108.582244900154));
#3230=CARTESIAN_POINT('Ctrl Pts',(108.582244900154,28.9192288624551,0.));
#3231=CARTESIAN_POINT('Ctrl Pts',(108.582244900154,28.9192288624551,-108.582244900154));
#3232=CARTESIAN_POINT('Ctrl Pts',(0.,28.9192288624551,-108.582244900154));
#3233=CARTESIAN_POINT('Ctrl Pts',(-108.582244900154,28.9192288624551,-108.582244900154));
#3234=CARTESIAN_POINT('Ctrl Pts',(-108.582244900154,28.9192288624551,0.));
#3235=CARTESIAN_POINT('Ctrl Pts',(-108.582244900154,28.9192288624551,108.582244900154));
#3236=CARTESIAN_POINT('Ctrl Pts',(0.,28.9192288624551,108.582244900154));
#3237=CARTESIAN_POINT('Ctrl Pts',(0.,28.3308775634963,111.197657009721));
#3238=CARTESIAN_POINT('Ctrl Pts',(111.197657009721,28.3308775634963,111.197657009721));
#3239=CARTESIAN_POINT('Ctrl Pts',(111.197657009721,28.3308775634963,0.));
#3240=CARTESIAN_POINT('Ctrl Pts',(111.197657009721,28.3308775634963,-111.197657009721));
#3241=CARTESIAN_POINT('Ctrl Pts',(0.,28.3308775634963,-111.197657009721));
#3242=CARTESIAN_POINT('Ctrl Pts',(-111.197657009721,28.3308775634963,-111.197657009721));
#3243=CARTESIAN_POINT('Ctrl Pts',(-111.197657009721,28.3308775634963,0.));
#3244=CARTESIAN_POINT('Ctrl Pts',(-111.197657009721,28.3308775634963,111.197657009721));
#3245=CARTESIAN_POINT('Ctrl Pts',(0.,28.3308775634963,111.197657009721));
#3246=CARTESIAN_POINT('Ctrl Pts',(0.,27.0061527398354,115.140366026319));
#3247=CARTESIAN_POINT('Ctrl Pts',(115.140366026319,27.0061527398354,115.140366026319));
#3248=CARTESIAN_POINT('Ctrl Pts',(115.140366026319,27.0061527398354,0.));
#3249=CARTESIAN_POINT('Ctrl Pts',(115.140366026319,27.0061527398354,-115.140366026319));
#3250=CARTESIAN_POINT('Ctrl Pts',(0.,27.0061527398354,-115.140366026319));
#3251=CARTESIAN_POINT('Ctrl Pts',(-115.140366026319,27.0061527398354,-115.140366026319));
#3252=CARTESIAN_POINT('Ctrl Pts',(-115.140366026319,27.0061527398354,0.));
#3253=CARTESIAN_POINT('Ctrl Pts',(-115.140366026319,27.0061527398354,115.140366026319));
#3254=CARTESIAN_POINT('Ctrl Pts',(0.,27.0061527398354,115.140366026319));
#3255=CARTESIAN_POINT('Ctrl Pts',(0.,24.630589716387,120.395032985466));
#3256=CARTESIAN_POINT('Ctrl Pts',(120.395032985466,24.630589716387,120.395032985466));
#3257=CARTESIAN_POINT('Ctrl Pts',(120.395032985466,24.630589716387,0.));
#3258=CARTESIAN_POINT('Ctrl Pts',(120.395032985466,24.630589716387,-120.395032985466));
#3259=CARTESIAN_POINT('Ctrl Pts',(0.,24.630589716387,-120.395032985466));
#3260=CARTESIAN_POINT('Ctrl Pts',(-120.395032985466,24.630589716387,-120.395032985466));
#3261=CARTESIAN_POINT('Ctrl Pts',(-120.395032985466,24.630589716387,0.));
#3262=CARTESIAN_POINT('Ctrl Pts',(-120.395032985466,24.630589716387,120.395032985466));
#3263=CARTESIAN_POINT('Ctrl Pts',(0.,24.630589716387,120.395032985466));
#3264=CARTESIAN_POINT('Ctrl Pts',(0.,22.2000502786216,124.495565382605));
#3265=CARTESIAN_POINT('Ctrl Pts',(124.495565382605,22.2000502786216,124.495565382605));
#3266=CARTESIAN_POINT('Ctrl Pts',(124.495565382605,22.2000502786216,0.));
#3267=CARTESIAN_POINT('Ctrl Pts',(124.495565382605,22.2000502786216,-124.495565382605));
#3268=CARTESIAN_POINT('Ctrl Pts',(0.,22.2000502786216,-124.495565382605));
#3269=CARTESIAN_POINT('Ctrl Pts',(-124.495565382605,22.2000502786216,-124.495565382605));
#3270=CARTESIAN_POINT('Ctrl Pts',(-124.495565382605,22.2000502786216,0.));
#3271=CARTESIAN_POINT('Ctrl Pts',(-124.495565382605,22.2000502786216,124.495565382605));
#3272=CARTESIAN_POINT('Ctrl Pts',(0.,22.2000502786216,124.495565382605));
#3273=CARTESIAN_POINT('Ctrl Pts',(0.,20.0443646589932,127.334669599124));
#3274=CARTESIAN_POINT('Ctrl Pts',(127.334669599124,20.0443646589932,127.334669599124));
#3275=CARTESIAN_POINT('Ctrl Pts',(127.334669599124,20.0443646589932,0.));
#3276=CARTESIAN_POINT('Ctrl Pts',(127.334669599124,20.0443646589932,-127.334669599124));
#3277=CARTESIAN_POINT('Ctrl Pts',(0.,20.0443646589932,-127.334669599124));
#3278=CARTESIAN_POINT('Ctrl Pts',(-127.334669599124,20.0443646589932,-127.334669599124));
#3279=CARTESIAN_POINT('Ctrl Pts',(-127.334669599124,20.0443646589932,0.));
#3280=CARTESIAN_POINT('Ctrl Pts',(-127.334669599124,20.0443646589932,127.334669599124));
#3281=CARTESIAN_POINT('Ctrl Pts',(0.,20.0443646589932,127.334669599124));
#3282=CARTESIAN_POINT('Ctrl Pts',(0.,18.4449785196463,129.09353031206));
#3283=CARTESIAN_POINT('Ctrl Pts',(129.09353031206,18.4449785196463,129.09353031206));
#3284=CARTESIAN_POINT('Ctrl Pts',(129.09353031206,18.4449785196463,0.));
#3285=CARTESIAN_POINT('Ctrl Pts',(129.09353031206,18.4449785196463,-129.09353031206));
#3286=CARTESIAN_POINT('Ctrl Pts',(0.,18.4449785196463,-129.09353031206));
#3287=CARTESIAN_POINT('Ctrl Pts',(-129.09353031206,18.4449785196463,-129.09353031206));
#3288=CARTESIAN_POINT('Ctrl Pts',(-129.09353031206,18.4449785196463,0.));
#3289=CARTESIAN_POINT('Ctrl Pts',(-129.09353031206,18.4449785196463,129.09353031206));
#3290=CARTESIAN_POINT('Ctrl Pts',(0.,18.4449785196463,129.09353031206));
#3291=CARTESIAN_POINT('Ctrl Pts',(0.,17.6046879662905,129.939455669155));
#3292=CARTESIAN_POINT('Ctrl Pts',(129.939455669155,17.6046879662905,129.939455669155));
#3293=CARTESIAN_POINT('Ctrl Pts',(129.939455669155,17.6046879662905,0.));
#3294=CARTESIAN_POINT('Ctrl Pts',(129.939455669155,17.6046879662905,-129.939455669155));
#3295=CARTESIAN_POINT('Ctrl Pts',(0.,17.6046879662905,-129.939455669155));
#3296=CARTESIAN_POINT('Ctrl Pts',(-129.939455669155,17.6046879662905,-129.939455669155));
#3297=CARTESIAN_POINT('Ctrl Pts',(-129.939455669155,17.6046879662905,0.));
#3298=CARTESIAN_POINT('Ctrl Pts',(-129.939455669155,17.6046879662905,129.939455669155));
#3299=CARTESIAN_POINT('Ctrl Pts',(0.,17.6046879662905,129.939455669155));
#3300=CARTESIAN_POINT('Ctrl Pts',(0.,25.02922307316,-119.254843766372));
#3301=CARTESIAN_POINT('Ctrl Pts',(0.,24.8445916751986,-119.627638465999));
#3302=CARTESIAN_POINT('Ctrl Pts',(-4.98375810411829E-14,24.6546158106983,
-120.000224728424));
#3303=CARTESIAN_POINT('Ctrl Pts',(-4.81271746486182E-14,24.4593026742794,
-120.371874820099));
#3304=CARTESIAN_POINT('Ctrl Pts',(-4.08368964481024E-14,24.2637518849749,
-120.74397712773));
#3305=CARTESIAN_POINT('Ctrl Pts',(0.,24.0628505853955,-121.115140444513));
#3306=CARTESIAN_POINT('Ctrl Pts',(0.,23.856558294436,-121.484656590649));
#3307=CARTESIAN_POINT('Ctrl Pts',(0.,23.6503778340541,-121.853972422929));
#3308=CARTESIAN_POINT('Ctrl Pts',(4.54180838184862E-14,23.4388116769048,
-122.221642236098));
#3309=CARTESIAN_POINT('Ctrl Pts',(4.30135921540178E-14,23.2217786268998,
-122.58699028122));
#3310=CARTESIAN_POINT('Ctrl Pts',(4.6724568465763E-14,23.007774322713,-122.947239810867));
#3311=CARTESIAN_POINT('Ctrl Pts',(0.,22.7884540527336,-123.305231407823));
#3312=CARTESIAN_POINT('Ctrl Pts',(0.,22.5637089043986,-123.660356039795));
#3313=CARTESIAN_POINT('Ctrl Pts',(0.,22.3436275752329,-124.008111271009));
#3314=CARTESIAN_POINT('Ctrl Pts',(0.,22.1183436332272,-124.35311689535));
#3315=CARTESIAN_POINT('Ctrl Pts',(0.,21.8877331994218,-124.694845084));
#3316=CARTESIAN_POINT('Ctrl Pts',(0.,21.6631734327933,-125.027607140891));
#3317=CARTESIAN_POINT('Ctrl Pts',(0.,21.4335625359729,-125.357261210547));
#3318=CARTESIAN_POINT('Ctrl Pts',(0.,21.1987728970935,-125.683366966833));
#3319=CARTESIAN_POINT('Ctrl Pts',(0.,20.9658336971166,-126.006902597875));
#3320=CARTESIAN_POINT('Ctrl Pts',(-4.04960848039925E-14,20.7277962363042,
-126.326944844377));
#3321=CARTESIAN_POINT('Ctrl Pts',(-4.28597842931698E-14,20.4845317321087,
-126.643118165899));
#3322=CARTESIAN_POINT('Ctrl Pts',(-5.2816496186843E-14,20.2664096231807,
-126.926613663548));
#3323=CARTESIAN_POINT('Ctrl Pts',(0.,20.0440846026543,-127.206998896505));
#3324=CARTESIAN_POINT('Ctrl Pts',(0.,19.8174697656404,-127.484049251126));
#3325=CARTESIAN_POINT('Ctrl Pts',(0.,19.5982849613089,-127.752015941072));
#3326=CARTESIAN_POINT('Ctrl Pts',(0.,19.3750866322267,-128.016862631424));
#3327=CARTESIAN_POINT('Ctrl Pts',(0.,19.1478083018531,-128.278432239696));
#3328=CARTESIAN_POINT('Ctrl Pts',(0.,18.9299606265191,-128.529148315472));
#3329=CARTESIAN_POINT('Ctrl Pts',(0.,18.7083642483318,-128.776853556513));
#3330=CARTESIAN_POINT('Ctrl Pts',(0.,18.4829766586396,-129.021454645967));
#3331=CARTESIAN_POINT('Ctrl Pts',(0.,18.3732074728749,-129.140581268969));
#3332=CARTESIAN_POINT('Ctrl Pts',(0.,18.2625393116329,-129.258972310553));
#3333=CARTESIAN_POINT('Ctrl Pts',(0.,18.1509690091709,-129.376621182634));
#3334=CARTESIAN_POINT('Ctrl Pts',(0.,18.1509690077588,129.376621184123));
#3335=CARTESIAN_POINT('Ctrl Pts',(0.,19.9435675747717,127.486358320055));
#3336=CARTESIAN_POINT('Ctrl Pts',(0.,22.4533968939562,124.394453366256));
#3337=CARTESIAN_POINT('Ctrl Pts',(0.,24.9148276542708,119.484425271019));
#3338=CARTESIAN_POINT('Ctrl Pts',(0.,29.1534590007387,106.292223191514));
#3339=CARTESIAN_POINT('Ctrl Pts',(-106.292223191514,29.1534590007387,106.292223191514));
#3340=CARTESIAN_POINT('Ctrl Pts',(-106.292223191514,29.1534590007387,0.));
#3341=CARTESIAN_POINT('Ctrl Pts',(-106.292223191514,29.1534590007387,-106.292223191514));
#3342=CARTESIAN_POINT('Ctrl Pts',(0.,29.1534590007387,-106.292223191514));
#3343=CARTESIAN_POINT('Ctrl Pts',(106.292223191514,29.1534590007387,-106.292223191514));
#3344=CARTESIAN_POINT('Ctrl Pts',(106.292223191514,29.1534590007387,0.));
#3345=CARTESIAN_POINT('Ctrl Pts',(106.292223191514,29.1534590007387,106.292223191514));
#3346=CARTESIAN_POINT('Ctrl Pts',(0.,29.1534590007387,106.292223191514));
#3347=CARTESIAN_POINT('Ctrl Pts',(0.,28.9141466085547,110.245915780043));
#3348=CARTESIAN_POINT('Ctrl Pts',(-110.245915780043,28.9141466085547,110.245915780043));
#3349=CARTESIAN_POINT('Ctrl Pts',(-110.245915780043,28.9141466085547,0.));
#3350=CARTESIAN_POINT('Ctrl Pts',(-110.245915780043,28.9141466085547,-110.245915780043));
#3351=CARTESIAN_POINT('Ctrl Pts',(0.,28.9141466085547,-110.245915780043));
#3352=CARTESIAN_POINT('Ctrl Pts',(110.245915780043,28.9141466085547,-110.245915780043));
#3353=CARTESIAN_POINT('Ctrl Pts',(110.245915780043,28.9141466085547,0.));
#3354=CARTESIAN_POINT('Ctrl Pts',(110.245915780043,28.9141466085547,110.245915780043));
#3355=CARTESIAN_POINT('Ctrl Pts',(0.,28.9141466085547,110.245915780043));
#3356=CARTESIAN_POINT('Ctrl Pts',(0.,26.9299886405109,115.416951963854));
#3357=CARTESIAN_POINT('Ctrl Pts',(-115.416951963854,26.9299886405109,115.416951963854));
#3358=CARTESIAN_POINT('Ctrl Pts',(-115.416951963854,26.9299886405109,0.));
#3359=CARTESIAN_POINT('Ctrl Pts',(-115.416951963854,26.9299886405109,-115.416951963854));
#3360=CARTESIAN_POINT('Ctrl Pts',(0.,26.9299886405109,-115.416951963854));
#3361=CARTESIAN_POINT('Ctrl Pts',(115.416951963854,26.9299886405109,-115.416951963854));
#3362=CARTESIAN_POINT('Ctrl Pts',(115.416951963854,26.9299886405109,0.));
#3363=CARTESIAN_POINT('Ctrl Pts',(115.416951963854,26.9299886405109,115.416951963854));
#3364=CARTESIAN_POINT('Ctrl Pts',(0.,26.9299886405109,115.416951963854));
#3365=CARTESIAN_POINT('Ctrl Pts',(0.,22.2699242379278,124.826225404558));
#3366=CARTESIAN_POINT('Ctrl Pts',(-124.826225404558,22.2699242379278,124.826225404558));
#3367=CARTESIAN_POINT('Ctrl Pts',(-124.826225404558,22.2699242379278,0.));
#3368=CARTESIAN_POINT('Ctrl Pts',(-124.826225404558,22.2699242379278,-124.826225404558));
#3369=CARTESIAN_POINT('Ctrl Pts',(0.,22.2699242379278,-124.826225404558));
#3370=CARTESIAN_POINT('Ctrl Pts',(124.826225404558,22.2699242379278,-124.826225404558));
#3371=CARTESIAN_POINT('Ctrl Pts',(124.826225404558,22.2699242379278,0.));
#3372=CARTESIAN_POINT('Ctrl Pts',(124.826225404558,22.2699242379278,124.826225404558));
#3373=CARTESIAN_POINT('Ctrl Pts',(0.,22.2699242379278,124.826225404558));
#3374=CARTESIAN_POINT('Ctrl Pts',(0.,19.4344957188744,128.097377628008));
#3375=CARTESIAN_POINT('Ctrl Pts',(-128.097377628008,19.4344957188744,128.097377628008));
#3376=CARTESIAN_POINT('Ctrl Pts',(-128.097377628008,19.4344957188744,0.));
#3377=CARTESIAN_POINT('Ctrl Pts',(-128.097377628008,19.4344957188744,-128.097377628008));
#3378=CARTESIAN_POINT('Ctrl Pts',(0.,19.4344957188744,-128.097377628008));
#3379=CARTESIAN_POINT('Ctrl Pts',(128.097377628008,19.4344957188744,-128.097377628008));
#3380=CARTESIAN_POINT('Ctrl Pts',(128.097377628008,19.4344957188744,0.));
#3381=CARTESIAN_POINT('Ctrl Pts',(128.097377628008,19.4344957188744,128.097377628008));
#3382=CARTESIAN_POINT('Ctrl Pts',(0.,19.4344957188744,128.097377628008));
#3383=CARTESIAN_POINT('Ctrl Pts',(0.,17.6046879662905,129.939455669155));
#3384=CARTESIAN_POINT('Ctrl Pts',(-129.939455669155,17.6046879662905,129.939455669155));
#3385=CARTESIAN_POINT('Ctrl Pts',(-129.939455669155,17.6046879662905,0.));
#3386=CARTESIAN_POINT('Ctrl Pts',(-129.939455669155,17.6046879662905,-129.939455669155));
#3387=CARTESIAN_POINT('Ctrl Pts',(0.,17.6046879662905,-129.939455669155));
#3388=CARTESIAN_POINT('Ctrl Pts',(129.939455669155,17.6046879662905,-129.939455669155));
#3389=CARTESIAN_POINT('Ctrl Pts',(129.939455669155,17.6046879662905,0.));
#3390=CARTESIAN_POINT('Ctrl Pts',(129.939455669155,17.6046879662905,129.939455669155));
#3391=CARTESIAN_POINT('Ctrl Pts',(0.,17.6046879662905,129.939455669155));
#3392=CARTESIAN_POINT('Origin',(0.,25.0292230728959,0.));
#3393=CARTESIAN_POINT('Ctrl Pts',(0.,24.9148276542708,119.484425271019));
#3394=CARTESIAN_POINT('Ctrl Pts',(0.,24.9529719827888,119.408335491157));
#3395=CARTESIAN_POINT('Ctrl Pts',(0.,24.9911049494677,119.33180919386));
#3396=CARTESIAN_POINT('Ctrl Pts',(0.,25.0292230729077,119.254843766881));
#3397=CARTESIAN_POINT('Ctrl Pts',(3.16881330030769E-14,18.1509690095021,
129.376621182285));
#3398=CARTESIAN_POINT('Ctrl Pts',(16.8467540856268,18.1509690095021,129.376621182285));
#3399=CARTESIAN_POINT('Ctrl Pts',(33.5324439784059,18.1509690093214,126.086075490556));
#3400=CARTESIAN_POINT('Ctrl Pts',(64.7033206615809,18.1509690093821,113.294322578999));
#3401=CARTESIAN_POINT('Ctrl Pts',(78.8904967553864,18.1509690095675,103.915411521685));
#3402=CARTESIAN_POINT('Ctrl Pts',(102.871217298707,18.150969009527,80.247341873909));
#3403=CARTESIAN_POINT('Ctrl Pts',(112.435493050601,18.1509690095137,66.1844628956738));
#3404=CARTESIAN_POINT('Ctrl Pts',(125.635186669449,18.1509690095069,35.1841313127982));
#3405=CARTESIAN_POINT('Ctrl Pts',(129.144408327563,18.1509690095287,18.5430587267244));
#3406=CARTESIAN_POINT('Ctrl Pts',(129.586554146083,18.1509690094718,-15.1475482142659));
#3407=CARTESIAN_POINT('Ctrl Pts',(126.515251113235,18.1509690093736,-31.8749818506972));
#3408=CARTESIAN_POINT('Ctrl Pts',(114.133641995249,18.150969009441,-63.2110354175784));
#3409=CARTESIAN_POINT('Ctrl Pts',(104.941710878189,18.1509690095171,-77.5200654552978));
#3410=CARTESIAN_POINT('Ctrl Pts',(81.5903681201512,18.1509690095306,-101.809307316457));
#3411=CARTESIAN_POINT('Ctrl Pts',(67.6542080116567,18.150969009562,-111.557300812125));
#3412=CARTESIAN_POINT('Ctrl Pts',(44.0349432228344,18.1509690095465,-121.982422837318));
#3413=CARTESIAN_POINT('Ctrl Pts',(35.4733451884531,18.1509690096555,-124.741450556995));
#3414=CARTESIAN_POINT('Ctrl Pts',(17.9175831617876,18.1509690096412,-128.443559275573));
#3415=CARTESIAN_POINT('Ctrl Pts',(8.97093073035957,18.1509690094282,-129.376621182363));
#3416=CARTESIAN_POINT('Ctrl Pts',(2.26485497023532E-12,18.1509690094205,
-129.376621182371));
#3417=CARTESIAN_POINT('Ctrl Pts',(0.,29.1534590007387,106.292223191514));
#3418=CARTESIAN_POINT('Ctrl Pts',(-106.292223191514,29.1534590007387,106.292223191514));
#3419=CARTESIAN_POINT('Ctrl Pts',(-106.292223191514,29.1534590007387,0.));
#3420=CARTESIAN_POINT('Ctrl Pts',(-106.292223191514,29.1534590007387,-106.292223191514));
#3421=CARTESIAN_POINT('Ctrl Pts',(0.,29.1534590007387,-106.292223191514));
#3422=CARTESIAN_POINT('Ctrl Pts',(106.292223191514,29.1534590007387,-106.292223191514));
#3423=CARTESIAN_POINT('Ctrl Pts',(106.292223191514,29.1534590007387,0.));
#3424=CARTESIAN_POINT('Ctrl Pts',(106.292223191514,29.1534590007387,106.292223191514));
#3425=CARTESIAN_POINT('Ctrl Pts',(0.,29.1534590007387,106.292223191514));
#3426=CARTESIAN_POINT('Ctrl Pts',(0.,29.109132266176,107.024547499148));
#3427=CARTESIAN_POINT('Ctrl Pts',(-107.024547499148,29.109132266176,107.024547499148));
#3428=CARTESIAN_POINT('Ctrl Pts',(-107.024547499148,29.109132266176,0.));
#3429=CARTESIAN_POINT('Ctrl Pts',(-107.024547499148,29.109132266176,-107.024547499148));
#3430=CARTESIAN_POINT('Ctrl Pts',(0.,29.109132266176,-107.024547499148));
#3431=CARTESIAN_POINT('Ctrl Pts',(107.024547499148,29.109132266176,-107.024547499148));
#3432=CARTESIAN_POINT('Ctrl Pts',(107.024547499148,29.109132266176,0.));
#3433=CARTESIAN_POINT('Ctrl Pts',(107.024547499148,29.109132266176,107.024547499148));
#3434=CARTESIAN_POINT('Ctrl Pts',(0.,29.109132266176,107.024547499148));
#3435=CARTESIAN_POINT('Ctrl Pts',(0.,28.9192288624551,108.582244900154));
#3436=CARTESIAN_POINT('Ctrl Pts',(-108.582244900154,28.9192288624551,108.582244900154));
#3437=CARTESIAN_POINT('Ctrl Pts',(-108.582244900154,28.9192288624551,0.));
#3438=CARTESIAN_POINT('Ctrl Pts',(-108.582244900154,28.9192288624551,-108.582244900154));
#3439=CARTESIAN_POINT('Ctrl Pts',(0.,28.9192288624551,-108.582244900154));
#3440=CARTESIAN_POINT('Ctrl Pts',(108.582244900154,28.9192288624551,-108.582244900154));
#3441=CARTESIAN_POINT('Ctrl Pts',(108.582244900154,28.9192288624551,0.));
#3442=CARTESIAN_POINT('Ctrl Pts',(108.582244900154,28.9192288624551,108.582244900154));
#3443=CARTESIAN_POINT('Ctrl Pts',(0.,28.9192288624551,108.582244900154));
#3444=CARTESIAN_POINT('Ctrl Pts',(0.,28.3308775634963,111.197657009721));
#3445=CARTESIAN_POINT('Ctrl Pts',(-111.197657009721,28.3308775634963,111.197657009721));
#3446=CARTESIAN_POINT('Ctrl Pts',(-111.197657009721,28.3308775634963,0.));
#3447=CARTESIAN_POINT('Ctrl Pts',(-111.197657009721,28.3308775634963,-111.197657009721));
#3448=CARTESIAN_POINT('Ctrl Pts',(0.,28.3308775634963,-111.197657009721));
#3449=CARTESIAN_POINT('Ctrl Pts',(111.197657009721,28.3308775634963,-111.197657009721));
#3450=CARTESIAN_POINT('Ctrl Pts',(111.197657009721,28.3308775634963,0.));
#3451=CARTESIAN_POINT('Ctrl Pts',(111.197657009721,28.3308775634963,111.197657009721));
#3452=CARTESIAN_POINT('Ctrl Pts',(0.,28.3308775634963,111.197657009721));
#3453=CARTESIAN_POINT('Ctrl Pts',(0.,27.0061527398354,115.140366026319));
#3454=CARTESIAN_POINT('Ctrl Pts',(-115.140366026319,27.0061527398354,115.140366026319));
#3455=CARTESIAN_POINT('Ctrl Pts',(-115.140366026319,27.0061527398354,0.));
#3456=CARTESIAN_POINT('Ctrl Pts',(-115.140366026319,27.0061527398354,-115.140366026319));
#3457=CARTESIAN_POINT('Ctrl Pts',(0.,27.0061527398354,-115.140366026319));
#3458=CARTESIAN_POINT('Ctrl Pts',(115.140366026319,27.0061527398354,-115.140366026319));
#3459=CARTESIAN_POINT('Ctrl Pts',(115.140366026319,27.0061527398354,0.));
#3460=CARTESIAN_POINT('Ctrl Pts',(115.140366026319,27.0061527398354,115.140366026319));
#3461=CARTESIAN_POINT('Ctrl Pts',(0.,27.0061527398354,115.140366026319));
#3462=CARTESIAN_POINT('Ctrl Pts',(0.,24.630589716387,120.395032985466));
#3463=CARTESIAN_POINT('Ctrl Pts',(-120.395032985466,24.630589716387,120.395032985466));
#3464=CARTESIAN_POINT('Ctrl Pts',(-120.395032985466,24.630589716387,0.));
#3465=CARTESIAN_POINT('Ctrl Pts',(-120.395032985466,24.630589716387,-120.395032985466));
#3466=CARTESIAN_POINT('Ctrl Pts',(0.,24.630589716387,-120.395032985466));
#3467=CARTESIAN_POINT('Ctrl Pts',(120.395032985466,24.630589716387,-120.395032985466));
#3468=CARTESIAN_POINT('Ctrl Pts',(120.395032985466,24.630589716387,0.));
#3469=CARTESIAN_POINT('Ctrl Pts',(120.395032985466,24.630589716387,120.395032985466));
#3470=CARTESIAN_POINT('Ctrl Pts',(0.,24.630589716387,120.395032985466));
#3471=CARTESIAN_POINT('Ctrl Pts',(0.,22.2000502786216,124.495565382605));
#3472=CARTESIAN_POINT('Ctrl Pts',(-124.495565382605,22.2000502786216,124.495565382605));
#3473=CARTESIAN_POINT('Ctrl Pts',(-124.495565382605,22.2000502786216,0.));
#3474=CARTESIAN_POINT('Ctrl Pts',(-124.495565382605,22.2000502786216,-124.495565382605));
#3475=CARTESIAN_POINT('Ctrl Pts',(0.,22.2000502786216,-124.495565382605));
#3476=CARTESIAN_POINT('Ctrl Pts',(124.495565382605,22.2000502786216,-124.495565382605));
#3477=CARTESIAN_POINT('Ctrl Pts',(124.495565382605,22.2000502786216,0.));
#3478=CARTESIAN_POINT('Ctrl Pts',(124.495565382605,22.2000502786216,124.495565382605));
#3479=CARTESIAN_POINT('Ctrl Pts',(0.,22.2000502786216,124.495565382605));
#3480=CARTESIAN_POINT('Ctrl Pts',(0.,20.0443646589932,127.334669599124));
#3481=CARTESIAN_POINT('Ctrl Pts',(-127.334669599124,20.0443646589932,127.334669599124));
#3482=CARTESIAN_POINT('Ctrl Pts',(-127.334669599124,20.0443646589932,0.));
#3483=CARTESIAN_POINT('Ctrl Pts',(-127.334669599124,20.0443646589932,-127.334669599124));
#3484=CARTESIAN_POINT('Ctrl Pts',(0.,20.0443646589932,-127.334669599124));
#3485=CARTESIAN_POINT('Ctrl Pts',(127.334669599124,20.0443646589932,-127.334669599124));
#3486=CARTESIAN_POINT('Ctrl Pts',(127.334669599124,20.0443646589932,0.));
#3487=CARTESIAN_POINT('Ctrl Pts',(127.334669599124,20.0443646589932,127.334669599124));
#3488=CARTESIAN_POINT('Ctrl Pts',(0.,20.0443646589932,127.334669599124));
#3489=CARTESIAN_POINT('Ctrl Pts',(0.,18.4449785196463,129.09353031206));
#3490=CARTESIAN_POINT('Ctrl Pts',(-129.09353031206,18.4449785196463,129.09353031206));
#3491=CARTESIAN_POINT('Ctrl Pts',(-129.09353031206,18.4449785196463,0.));
#3492=CARTESIAN_POINT('Ctrl Pts',(-129.09353031206,18.4449785196463,-129.09353031206));
#3493=CARTESIAN_POINT('Ctrl Pts',(0.,18.4449785196463,-129.09353031206));
#3494=CARTESIAN_POINT('Ctrl Pts',(129.09353031206,18.4449785196463,-129.09353031206));
#3495=CARTESIAN_POINT('Ctrl Pts',(129.09353031206,18.4449785196463,0.));
#3496=CARTESIAN_POINT('Ctrl Pts',(129.09353031206,18.4449785196463,129.09353031206));
#3497=CARTESIAN_POINT('Ctrl Pts',(0.,18.4449785196463,129.09353031206));
#3498=CARTESIAN_POINT('Ctrl Pts',(0.,17.6046879662905,129.939455669155));
#3499=CARTESIAN_POINT('Ctrl Pts',(-129.939455669155,17.6046879662905,129.939455669155));
#3500=CARTESIAN_POINT('Ctrl Pts',(-129.939455669155,17.6046879662905,0.));
#3501=CARTESIAN_POINT('Ctrl Pts',(-129.939455669155,17.6046879662905,-129.939455669155));
#3502=CARTESIAN_POINT('Ctrl Pts',(0.,17.6046879662905,-129.939455669155));
#3503=CARTESIAN_POINT('Ctrl Pts',(129.939455669155,17.6046879662905,-129.939455669155));
#3504=CARTESIAN_POINT('Ctrl Pts',(129.939455669155,17.6046879662905,0.));
#3505=CARTESIAN_POINT('Ctrl Pts',(129.939455669155,17.6046879662905,129.939455669155));
#3506=CARTESIAN_POINT('Ctrl Pts',(0.,17.6046879662905,129.939455669155));
#3507=UNCERTAINTY_MEASURE_WITH_UNIT(LENGTH_MEASURE(0.01),#3511,
'DISTANCE_ACCURACY_VALUE',
'Maximum model space distance between geometric entities at asserted c
onnectivities');
#3508=UNCERTAINTY_MEASURE_WITH_UNIT(LENGTH_MEASURE(0.01),#3511,
'DISTANCE_ACCURACY_VALUE',
'Maximum model space distance between geometric entities at asserted c
onnectivities');
#3509=(
GEOMETRIC_REPRESENTATION_CONTEXT(3)
GLOBAL_UNCERTAINTY_ASSIGNED_CONTEXT((#3507))
GLOBAL_UNIT_ASSIGNED_CONTEXT((#3511,#3513,#3514))
REPRESENTATION_CONTEXT('','3D')
);
#3510=(
GEOMETRIC_REPRESENTATION_CONTEXT(3)
GLOBAL_UNCERTAINTY_ASSIGNED_CONTEXT((#3508))
GLOBAL_UNIT_ASSIGNED_CONTEXT((#3511,#3513,#3514))
REPRESENTATION_CONTEXT('','3D')
);
#3511=(
LENGTH_UNIT()
NAMED_UNIT(*)
SI_UNIT(.MILLI.,.METRE.)
);
#3512=(
LENGTH_UNIT()
NAMED_UNIT(*)
SI_UNIT($,.METRE.)
);
#3513=(
NAMED_UNIT(*)
PLANE_ANGLE_UNIT()
SI_UNIT($,.RADIAN.)
);
#3514=(
NAMED_UNIT(*)
SI_UNIT($,.STERADIAN.)
SOLID_ANGLE_UNIT()
);
#3515=SHAPE_DEFINITION_REPRESENTATION(#3516,#3517);
#3516=PRODUCT_DEFINITION_SHAPE('',$,#3519);
#3517=SHAPE_REPRESENTATION('',(#1484),#3509);
#3518=PRODUCT_DEFINITION_CONTEXT('part definition',#3523,'design');
#3519=PRODUCT_DEFINITION('Ultrastar disc','Ultrastar disc v8',#3520,#3518);
#3520=PRODUCT_DEFINITION_FORMATION('',$,#3525);
#3521=PRODUCT_RELATED_PRODUCT_CATEGORY('Ultrastar disc v8',
'Ultrastar disc v8',(#3525));
#3522=APPLICATION_PROTOCOL_DEFINITION('international standard',
'automotive_design',2009,#3523);
#3523=APPLICATION_CONTEXT(
'Core Data for Automotive Mechanical Design Process');
#3524=PRODUCT_CONTEXT('part definition',#3523,'mechanical');
#3525=PRODUCT('Ultrastar disc','Ultrastar disc v8',$,(#3524));
#3526=PRESENTATION_STYLE_ASSIGNMENT((#3527));
#3527=SURFACE_STYLE_USAGE(.BOTH.,#3528);
#3528=SURFACE_SIDE_STYLE('',(#3529));
#3529=SURFACE_STYLE_FILL_AREA(#3530);
#3530=FILL_AREA_STYLE('Default',(#3531));
#3531=FILL_AREA_STYLE_COLOUR('Default',#3532);
#3532=COLOUR_RGB('Default',0.749019607843137,0.749019607843137,0.749019607843137);
ENDSEC;
END-ISO-10303-21;
