ISO-10303-21;
HEADER;
FILE_DESCRIPTION (( 'STEP AP203' ),
    '1' );
FILE_NAME ('91290A113_Alloy Steel Socket Head Screw.STEP',
    '2025-07-16T13:29:13',
    ( 'Administrator' ),
    ( 'Managed by Terraform' ),
    'SwSTEP 2.0',
    'SolidWorks 2017',
    '' );
FILE_SCHEMA (( 'CONFIG_CONTROL_DESIGN' ));
ENDSEC;

DATA;
#1 = CARTESIAN_POINT ( 'NONE',  ( 0.6785254037844382600, -1.175240473580835500, 0.5416666666666668500 ) ) ;
#2 = CARTESIAN_POINT ( 'NONE',  ( 0.0000000000000000000, 1.500000000000000900, -4.937500000000021300 ) ) ;
#3 = CONICAL_SURFACE ( 'NONE', #1926, 2.600000000000000100, 0.7853981633974453900 ) ;
#4 = ORIENTED_EDGE ( 'NONE', *, *, #3418, .F. ) ;
#5 = CARTESIAN_POINT ( 'NONE',  ( -0.8660254037844396000, -1.500000000000000700, 1.770833333333311100 ) ) ;
#6 = FACE_OUTER_BOUND ( 'NONE', #1188, .T. ) ;
#7 = EDGE_LOOP ( 'NONE', ( #3799, #1607, #1010, #183 ) ) ;
#8 = CARTESIAN_POINT ( 'NONE',  ( 3.103284636243910000E-016, -1.443375672974064300, -1.318813079129866200 ) ) ;
#9 = CARTESIAN_POINT ( 'NONE',  ( 1.299038105676658400, -0.7500000000000011100, 1.333333333333351200 ) ) ;
#10 = CARTESIAN_POINT ( 'NONE',  ( -1.357050807568877200, 8.309539638847781400E-017, -2.125000000000000000 ) ) ;
#11 = CARTESIAN_POINT ( 'NONE',  ( -1.017788105676658200, -0.5876202367904175300, -0.08333333333333370300 ) ) ;
#12 = CARTESIAN_POINT ( 'NONE',  ( -1.322475605676657800, -0.7635316469341314500, -0.8177083333333143900 ) ) ;
#13 = CARTESIAN_POINT ( 'NONE',  ( 1.017788105676657800, -0.5876202367904183000, 2.083333333333333000 ) ) ;
#14 = CARTESIAN_POINT ( 'NONE',  ( 1.017788105676658200, 0.5876202367904168600, -5.270833333333333000 ) ) ;
#15 = DIRECTION ( 'NONE',  ( -0.0000000000000000000, 1.178500973792491200E-056, -1.000000000000000000 ) ) ;
#16 = CARTESIAN_POINT ( 'NONE',  ( 0.0000000000000000000, 1.500000000000000900, -0.9375000000000214300 ) ) ;
#17 = LINE ( 'NONE', #2198, #2898 ) ;
#18 = AXIS2_PLACEMENT_3D ( 'NONE', #1247, #2740, #1536 ) ;
#19 = CARTESIAN_POINT ( 'NONE',  ( -0.8660254037844391500, 1.500000000000000700, -3.395833333333355200 ) ) ;
#20 = CARTESIAN_POINT ( 'NONE',  ( 0.8660254037844498100, -1.499999999999981300, -3.208333333333313900 ) ) ;
#21 = CARTESIAN_POINT ( 'NONE',  ( -0.6785254037844384900, 1.175240473580835700, -3.208333333333333000 ) ) ;
#22 = CARTESIAN_POINT ( 'NONE',  ( 1.357050807568877200, -2.492861891654333800E-016, -0.8749999999999998900 ) ) ;
#23 = CARTESIAN_POINT ( 'NONE',  ( -0.8816504037844382600, 1.527063293868263300, -1.942708333333314200 ) ) ;
#24 = CARTESIAN_POINT ( 'NONE',  ( -1.299038105676658700, -0.7500000000000001100, -1.833333333333314600 ) ) ;
#25 = EDGE_CURVE ( 'NONE', #2765, #3519, #2540, .T. ) ;
#26 = CIRCLE ( 'NONE', #835, 1.650000000000001700 ) ;
#27 = DIRECTION ( 'NONE',  ( 0.8660254037844384900, 0.5000000000000003300, 0.0000000000000000000 ) ) ;
#28 = CARTESIAN_POINT ( 'NONE',  ( -1.439254484199189600E-016, -1.175240473580835500, 2.062500000000000000 ) ) ;
#29 = CARTESIAN_POINT ( 'NONE',  ( 1.017788105676658200, 0.5876202367904168600, -4.833333333333333900 ) ) ;
#30 = CARTESIAN_POINT ( 'NONE',  ( 1.017788105676657800, -0.5876202367904183000, -2.416666666666667000 ) ) ;
#31 = CARTESIAN_POINT ( 'NONE',  ( 0.8816504037844380400, -1.527063293868264000, -4.661458333333357000 ) ) ;
#32 = ORIENTED_EDGE ( 'NONE', *, *, #1304, .F. ) ;
#33 = CARTESIAN_POINT ( 'NONE',  ( 1.322475605676658400, 0.7635316469341306700, 1.932291666666685400 ) ) ;
#34 = CARTESIAN_POINT ( 'NONE',  ( 0.8660254037844400400, 1.500000000000000700, 1.020833333333311300 ) ) ;
#35 = CARTESIAN_POINT ( 'NONE',  ( -1.827451964197231700E-016, -1.492227771688600500, -5.183012701892231200 ) ) ;
#36 = CARTESIAN_POINT ( 'NONE',  ( -1.322475605676657800, 0.7635316469341318900, 2.130208333333310400 ) ) ;
#37 = ORIENTED_EDGE ( 'NONE', *, *, #3340, .T. ) ;
#38 = CARTESIAN_POINT ( 'NONE',  ( -1.299038105676658700, 0.7500000000000005600, -4.916666666666647400 ) ) ;
#39 = VERTEX_POINT ( 'NONE', #223 ) ;
#40 = CARTESIAN_POINT ( 'NONE',  ( 0.0000000000000000000, 3.535502921377472600E-056, 2.500000000000000400 ) ) ;
#41 = CARTESIAN_POINT ( 'NONE',  ( -1.249999999999999800, 0.7216878364870317200, 3.500000000000000400 ) ) ;
#42 = ORIENTED_EDGE ( 'NONE', *, *, #585, .F. ) ;
#43 = CARTESIAN_POINT ( 'NONE',  ( -1.439254484199189600E-016, -1.175240473580835500, -2.000000000000000000 ) ) ;
#44 = CARTESIAN_POINT ( 'NONE',  ( 0.0000000000000000000, 1.527063293868263300, -5.953125000000022200 ) ) ;
#45 = CARTESIAN_POINT ( 'NONE',  ( 0.8816504037844380400, -1.527063293868264000, -0.1927083333333138300 ) ) ;
#46 = ORIENTED_EDGE ( 'NONE', *, *, #1587, .F. ) ;
#47 = CARTESIAN_POINT ( 'NONE',  ( 0.8816504037844380400, -1.527063293868264000, 2.338541666666643900 ) ) ;
#48 = DIRECTION ( 'NONE',  ( -0.0000000000000000000, 1.178500973792491200E-056, -1.000000000000000000 ) ) ;
#49 = EDGE_LOOP ( 'NONE', ( #3828, #3803, #3682, #3564, #642, #1195, #1816, #2636, #3356, #3267, #409, #2775, #3796, #666, #3611, #740, #2674, #1811, #1438, #3409, #1841, #2454, #357, #671, #2042, #1519, #962, #1627, #1372, #322, #1007, #1344, #1225, #967, #824 ) ) ;
#50 = CARTESIAN_POINT ( 'NONE',  ( 0.8660254037844386000, -1.500000000000001100, -3.145833333333354800 ) ) ;
#51 = CARTESIAN_POINT ( 'NONE',  ( 1.299038105676658400, -0.7500000000000011100, -3.166666666666647900 ) ) ;
#52 = EDGE_CURVE ( 'NONE', #638, #3329, #196, .T. ) ;
#53 = CARTESIAN_POINT ( 'NONE',  ( -0.6785254037844384900, 1.175240473580835700, 1.791666666666666300 ) ) ;
#54 = CARTESIAN_POINT ( 'NONE',  ( -1.439254484199189600E-016, -1.175240473580835500, 2.000000000000000000 ) ) ;
#55 = CARTESIAN_POINT ( 'NONE',  ( -1.322475605676657800, 0.7635316469341318900, 1.598958333333352400 ) ) ;
#56 = DIRECTION ( 'NONE',  ( 0.0000000000000000000, 1.000000000000000000, 0.0000000000000000000 ) ) ;
#57 = CARTESIAN_POINT ( 'NONE',  ( 0.0000000000000000000, 1.500000000000000900, -1.499999999999981100 ) ) ;
#58 = DIRECTION ( 'NONE',  ( 0.0000000000000000000, 1.000000000000000000, 0.0000000000000000000 ) ) ;
#59 = AXIS2_PLACEMENT_3D ( 'NONE', #2691, #311, #3273 ) ;
#60 = CARTESIAN_POINT ( 'NONE',  ( 0.8660254037844413700, -1.499999999999996000, 0.2916666666666851100 ) ) ;
#61 = CARTESIAN_POINT ( 'NONE',  ( 1.299038105676658400, -0.7500000000000011100, -3.104166666666688300 ) ) ;
#62 = CARTESIAN_POINT ( 'NONE',  ( 0.0000000000000000000, 1.175240473580835500, -4.250000000000000000 ) ) ;
#63 = CARTESIAN_POINT ( 'NONE',  ( -1.017788105676658200, -0.5876202367904175300, -0.5833333333333332600 ) ) ;
#64 = CARTESIAN_POINT ( 'NONE',  ( 1.322475605676657300, -0.7635316469341323400, -5.119791666666689200 ) ) ;
#65 = CARTESIAN_POINT ( 'NONE',  ( 1.322475605676658400, 0.7635316469341306700, 0.9322916666666862800 ) ) ;
#66 =( BOUNDED_CURVE ( )  B_SPLINE_CURVE ( 2, ( #1744, #224, #860, #2903, #3495, #1727, #3792 ),
 .UNSPECIFIED., .F., .T. ) 
 B_SPLINE_CURVE_WITH_KNOTS ( ( 3, 2, 2, 3 ),
 ( 0.6470588235294118000, 0.6568627450980392100, 0.6666666666666666300, 0.6764705882352941600 ),
 .UNSPECIFIED. ) 
 CURVE ( )  GEOMETRIC_REPRESENTATION_ITEM ( )  RATIONAL_B_SPLINE_CURVE ( ( 1.000000000000000000, 0.8660254037844387100, 1.000000000000000000, 0.8660254037844387100, 1.000000000000000000, 0.8660254037844387100, 1.000000000000000000 ) ) 
 REPRESENTATION_ITEM ( '' )  );
#67 = CARTESIAN_POINT ( 'NONE',  ( 1.732050807568878500, -3.181725716174723000E-016, -1.562500000000022000 ) ) ;
#68 = CARTESIAN_POINT ( 'NONE',  ( 0.7775633721268782100, -0.9420385070163283000, -5.464714443558280600 ) ) ;
#69 = CARTESIAN_POINT ( 'NONE',  ( 0.5483798099860456300, -1.290464569288841000, -5.277395709715740700 ) ) ;
#70 = CARTESIAN_POINT ( 'NONE',  ( -1.017788105676658200, -0.5876202367904175300, 0.9791666666666664100 ) ) ;
#71 = ORIENTED_EDGE ( 'NONE', *, *, #2808, .F. ) ;
#72 = CARTESIAN_POINT ( 'NONE',  ( -1.357050807568877200, 8.309539638847781400E-017, -3.625000000000000000 ) ) ;
#73 = CARTESIAN_POINT ( 'NONE',  ( 1.017788105676658200, 0.5876202367904168600, 1.166666666666666500 ) ) ;
#74 = CARTESIAN_POINT ( 'NONE',  ( 0.0000000000000000000, 1.527063293868263300, -5.453125000000022200 ) ) ;
#75 = CARTESIAN_POINT ( 'NONE',  ( -1.322475605676657800, 0.7635316469341318900, 0.5989583333333523600 ) ) ;
#76 = VERTEX_POINT ( 'NONE', #1662 ) ;
#77 = AXIS2_PLACEMENT_3D ( 'NONE', #2193, #401, #1241 ) ;
#78 = CARTESIAN_POINT ( 'NONE',  ( 1.299038105676659300, 0.7499999999999993300, -1.520833333333354800 ) ) ;
#79 = VECTOR ( 'NONE', #968, 1000.000000000000000 ) ;
#80 = CARTESIAN_POINT ( 'NONE',  ( 0.8816504037844392600, 1.527063293868263100, 2.005208333333310400 ) ) ;
#81 = ORIENTED_EDGE ( 'NONE', *, *, #294, .F. ) ;
#82 = CARTESIAN_POINT ( 'NONE',  ( -1.017788105676658200, -0.5876202367904175300, 0.4791666666666668000 ) ) ;
#83 = FACE_BOUND ( 'NONE', #2407, .T. ) ;
#84 = APPROVAL ( #3781, 'UNSPECIFIED' ) ;
#85 = CARTESIAN_POINT ( 'NONE',  ( -1.299038105676658700, -0.7500000000000001100, 0.6666666666666852800 ) ) ;
#86 = ORIENTED_EDGE ( 'NONE', *, *, #641, .F. ) ;
#87 = CARTESIAN_POINT ( 'NONE',  ( -1.017788105676658000, 0.5876202367904178600, -5.104166666666667000 ) ) ;
#88 = LINE ( 'NONE', #2673, #369 ) ;
#89 = CARTESIAN_POINT ( 'NONE',  ( 1.017788105676657800, -0.5876202367904183000, -3.916666666666666500 ) ) ;
#90 = VERTEX_POINT ( 'NONE', #2304 ) ;
#91 = CARTESIAN_POINT ( 'NONE',  ( -1.357050807568877200, 8.309539638847781400E-017, 0.8749999999999998900 ) ) ;
#92 = CARTESIAN_POINT ( 'NONE',  ( 0.0000000000000000000, 1.527063293868263300, -2.453125000000022600 ) ) ;
#93 = CARTESIAN_POINT ( 'NONE',  ( -0.6785254037844389300, -1.175240473580835500, -4.979166666666667000 ) ) ;
#94 = CARTESIAN_POINT ( 'NONE',  ( 0.09766419351501233500, -1.386989224557984200, 5.335360376110865700 ) ) ;
#95 = CARTESIAN_POINT ( 'NONE',  ( 1.836970198721030900E-016, -1.500000000000000900, -5.500000000000000000 ) ) ;
#96 = CARTESIAN_POINT ( 'NONE',  ( 0.6785254037844393700, 1.175240473580835300, -0.7291666666666671800 ) ) ;
#97 = EDGE_CURVE ( 'NONE', #1524, #76, #631, .T. ) ;
#98 = CARTESIAN_POINT ( 'NONE',  ( 0.6785254037844393700, 1.175240473580835300, 1.270833333333333000 ) ) ;
#99 = CARTESIAN_POINT ( 'NONE',  ( -1.836970198721030900E-016, -1.500000000000000900, 0.2500000000000184900 ) ) ;
#100 = CARTESIAN_POINT ( 'NONE',  ( 1.357050807568877200, -2.492861891654333800E-016, -5.312499999999999100 ) ) ;
#101 = CARTESIAN_POINT ( 'NONE',  ( -1.017788105676658200, -0.5876202367904175300, -4.083333333333333000 ) ) ;
#102 = AXIS2_PLACEMENT_3D ( 'NONE', #3396, #729, #180 ) ;
#103 = CARTESIAN_POINT ( 'NONE',  ( -1.017788105676658000, 0.5876202367904178600, 0.8333333333333334800 ) ) ;
#104 = CARTESIAN_POINT ( 'NONE',  ( -0.8816504037844382600, 1.527063293868263300, -3.911458333333356100 ) ) ;
#105 = CARTESIAN_POINT ( 'NONE',  ( 0.0000000000000000000, 1.527063293868263300, 3.015625000000018200 ) ) ;
#106 = DIRECTION ( 'NONE',  ( 0.0000000000000000000, 1.000000000000000000, 0.0000000000000000000 ) ) ;
#107 = CARTESIAN_POINT ( 'NONE',  ( -1.017788105676658200, -0.5876202367904175300, -2.020833333333333000 ) ) ;
#108 = CARTESIAN_POINT ( 'NONE',  ( 0.6785254037844382600, -1.175240473580835700, 1.104166666666666500 ) ) ;
#109 = CARTESIAN_POINT ( 'NONE',  ( -3.204619126434813600E-016, 1.443375672974063900, 3.500000000000000400 ) ) ;
#110 = CARTESIAN_POINT ( 'NONE',  ( 1.357050807568877200, -2.492861891654333800E-016, -3.812500000000000000 ) ) ;
#111 = CARTESIAN_POINT ( 'NONE',  ( 1.357050807568877200, -2.492861891654334300E-016, -2.875000000000000000 ) ) ;
#112 = CARTESIAN_POINT ( 'NONE',  ( -1.286635238581397900, -0.5244665732573232700, 2.284517353856012200 ) ) ;
#113 = CARTESIAN_POINT ( 'NONE',  ( 1.322475605676658400, 0.7635316469341306700, -3.536458333333355700 ) ) ;
#114 = CIRCLE ( 'NONE', #503, 2.750000000000000000 ) ;
#115 = CARTESIAN_POINT ( 'NONE',  ( 0.0000000000000000000, 1.175240473580835500, -4.687500000000000000 ) ) ;
#116 = CARTESIAN_POINT ( 'NONE',  ( 0.0000000000000000000, 1.500000000000000900, -5.500000000000000000 ) ) ;
#117 = ORIENTED_EDGE ( 'NONE', *, *, #2191, .T. ) ;
#118 = CARTESIAN_POINT ( 'NONE',  ( 0.0000000000000000000, 1.175240473580835500, -1.687499999999999800 ) ) ;
#119 = CARTESIAN_POINT ( 'NONE',  ( -1.836970198721030900E-016, -1.500000000000000900, -4.249999999999981300 ) ) ;
#120 = EDGE_LOOP ( 'NONE', ( #3371, #1847, #3245, #882 ) ) ;
#121 = EDGE_CURVE ( 'NONE', #3286, #90, #3230, .T. ) ;
#122 = CARTESIAN_POINT ( 'NONE',  ( 0.6785254037844382600, -1.175240473580835700, -3.895833333333333000 ) ) ;
#123 = ORIENTED_EDGE ( 'NONE', *, *, #2428, .T. ) ;
#124 = CARTESIAN_POINT ( 'NONE',  ( 0.6785254037844382600, -1.175240473580835500, -4.395833333333333000 ) ) ;
#125 = DIRECTION ( 'NONE',  ( 0.0000000000000000000, 1.000000000000000000, 1.178500973792491200E-056 ) ) ;
#126 = CARTESIAN_POINT ( 'NONE',  ( 0.8816504037844380400, -1.527063293868264000, -2.161458333333356100 ) ) ;
#127 = CARTESIAN_POINT ( 'NONE',  ( 0.8816504037844392600, 1.527063293868263100, 2.473958333333352100 ) ) ;
#128 = VECTOR ( 'NONE', #1433, 1000.000000000000000 ) ;
#129 = AXIS2_PLACEMENT_3D ( 'NONE', #132, #1958, #2533 ) ;
#130 = ORIENTED_EDGE ( 'NONE', *, *, #97, .F. ) ;
#131 = CARTESIAN_POINT ( 'NONE',  ( -0.8660254037844474800, 1.499999999999986500, 1.041666666666685800 ) ) ;
#132 = CARTESIAN_POINT ( 'NONE',  ( 0.0000000000000000000, 1.296351071171740100E-055, -5.499999999999998200 ) ) ;
#133 = CARTESIAN_POINT ( 'NONE',  ( 1.732050807568878500, -3.181725716174722500E-016, -3.624999999999980900 ) ) ;
#134 = CARTESIAN_POINT ( 'NONE',  ( -1.017788105676658000, 0.5876202367904178600, -2.604166666666666500 ) ) ;
#135 = CARTESIAN_POINT ( 'NONE',  ( 1.017788105676658200, 0.5876202367904168600, -4.333333333333333000 ) ) ;
#136 = ORIENTED_EDGE ( 'NONE', *, *, #610, .T. ) ;
#137 =( BOUNDED_CURVE ( )  B_SPLINE_CURVE ( 2, ( #1949, #1989, #3410, #2527, #504, #1647, #168 ),
 .UNSPECIFIED., .F., .T. ) 
 B_SPLINE_CURVE_WITH_KNOTS ( ( 3, 2, 2, 3 ),
 ( 0.2352941176470588200, 0.2450980392156862600, 0.2549019607843137100, 0.2647058823529411800 ),
 .UNSPECIFIED. ) 
 CURVE ( )  GEOMETRIC_REPRESENTATION_ITEM ( )  RATIONAL_B_SPLINE_CURVE ( ( 1.000000000000000000, 0.8660254037844387100, 1.000000000000000000, 0.8660254037844387100, 1.000000000000000000, 0.8660254037844387100, 1.000000000000000000 ) ) 
 REPRESENTATION_ITEM ( '' )  );
#138 = CARTESIAN_POINT ( 'NONE',  ( 1.357050807568877200, -2.492861891654333800E-016, 2.187500000000000000 ) ) ;
#139 = CARTESIAN_POINT ( 'NONE',  ( 1.732050807568878500, -3.181725716174722500E-016, -0.1249999999999818300 ) ) ;
#140 = VERTEX_POINT ( 'NONE', #1366 ) ;
#141 = CARTESIAN_POINT ( 'NONE',  ( 0.6785254037844382600, -1.175240473580835700, -4.895833333333333000 ) ) ;
#142 = CARTESIAN_POINT ( 'NONE',  ( -1.017788105676658000, 0.5876202367904178600, -3.604166666666666500 ) ) ;
#143 = DIRECTION ( 'NONE',  ( 0.0000000000000000000, 1.000000000000000000, 0.0000000000000000000 ) ) ;
#144 = CARTESIAN_POINT ( 'NONE',  ( -1.763300807568877000, 1.079710344961584000E-016, -2.328125000000022600 ) ) ;
#145 = CARTESIAN_POINT ( 'NONE',  ( -1.357050807568877200, 8.309539638847781400E-017, -5.562499999999999100 ) ) ;
#146 = CARTESIAN_POINT ( 'NONE',  ( -0.8660254037844281600, -1.500000000000020400, -2.791666666666646100 ) ) ;
#147 = CARTESIAN_POINT ( 'NONE',  ( -1.763300807568877000, 1.079710344961584000E-016, -3.359374999999980900 ) ) ;
#148 = CARTESIAN_POINT ( 'NONE',  ( -1.017788105676658000, 0.5876202367904178600, -0.6041666666666669600 ) ) ;
#149 = CARTESIAN_POINT ( 'NONE',  ( -1.017788105676658000, 0.5876202367904178600, -5.166666666666667000 ) ) ;
#150 = EDGE_CURVE ( 'NONE', #90, #3422, #2069, .T. ) ;
#151 = CARTESIAN_POINT ( 'NONE',  ( -1.439254484199189600E-016, -1.175240473580835500, -2.937500000000000000 ) ) ;
#152 = CARTESIAN_POINT ( 'NONE',  ( 0.0000000000000000000, 1.500000000000000900, 1.828574726532583600E-014 ) ) ;
#153 = ADVANCED_FACE ( 'NONE', ( #1656 ), #3553, .F. ) ;
#154 = CARTESIAN_POINT ( 'NONE',  ( 0.0000000000000000000, 1.175240473580835500, -3.187500000000000000 ) ) ;
#155 = CARTESIAN_POINT ( 'NONE',  ( 0.2433378840058284300, -1.480130627413529500, -5.175240473580831100 ) ) ;
#156 = CARTESIAN_POINT ( 'NONE',  ( -0.8816504037844389300, -1.527063293868263100, -0.2447916666666891400 ) ) ;
#157 = CARTESIAN_POINT ( 'NONE',  ( 1.017788105676657800, -0.5876202367904183000, -2.854166666666667000 ) ) ;
#158 = CARTESIAN_POINT ( 'NONE',  ( 0.0000000000000000000, 1.500000000000000900, -3.499999999999981300 ) ) ;
#159 = CARTESIAN_POINT ( 'NONE',  ( 3.184081677783118200E-016, 2.600000000000000100, 2.500000000000000400 ) ) ;
#160 =( BOUNDED_CURVE ( )  B_SPLINE_CURVE ( 2, ( #1069, #3435, #2532, #3403, #2522, #1359, #2819 ),
 .UNSPECIFIED., .F., .T. ) 
 B_SPLINE_CURVE_WITH_KNOTS ( ( 3, 2, 2, 3 ),
 ( 0.4411764705882352800, 0.4509803921568627500, 0.4607843137254901700, 0.4705882352941176400 ),
 .UNSPECIFIED. ) 
 CURVE ( )  GEOMETRIC_REPRESENTATION_ITEM ( )  RATIONAL_B_SPLINE_CURVE ( ( 1.000000000000000000, 0.8660254037844387100, 1.000000000000000000, 0.8660254037844387100, 1.000000000000000000, 0.8660254037844387100, 1.000000000000000000 ) ) 
 REPRESENTATION_ITEM ( '' )  );
#161 = CARTESIAN_POINT ( 'NONE',  ( 0.6785254037844393700, 1.175240473580835300, 0.2708333333333329800 ) ) ;
#162 = CARTESIAN_POINT ( 'NONE',  ( -1.357050807568877200, 8.309539638847781400E-017, -4.125000000000000000 ) ) ;
#163 = PRODUCT_RELATED_PRODUCT_CATEGORY ( 'detail', '', ( #546 ) ) ;
#164 = LINE ( 'NONE', #3665, #618 ) ;
#165 = CARTESIAN_POINT ( 'NONE',  ( -1.836970198721030900E-016, -1.500000000000000900, 2.312499999999979100 ) ) ;
#166 = CARTESIAN_POINT ( 'NONE',  ( 0.0000000000000000000, 1.175240473580835500, 0.3125000000000002800 ) ) ;
#167 = CYLINDRICAL_SURFACE ( 'NONE', #2100, 1.500000000000000900 ) ;
#168 = CARTESIAN_POINT ( 'NONE',  ( -1.836970198721030900E-016, -1.500000000000000900, -3.687500000000021300 ) ) ;
#169 = CARTESIAN_POINT ( 'NONE',  ( 0.0000000000000000000, 1.175240473580835500, -4.187500000000000000 ) ) ;
#170 = CARTESIAN_POINT ( 'NONE',  ( -1.017788105676658200, -0.5876202367904175300, 2.416666666666666100 ) ) ;
#171 = CARTESIAN_POINT ( 'NONE',  ( -1.322475605676657800, -0.7635316469341314500, -0.2864583333333564100 ) ) ;
#172 = CARTESIAN_POINT ( 'NONE',  ( 1.017788105676658200, 0.5876202367904168600, -3.270833333333333000 ) ) ;
#173 = ORIENTED_EDGE ( 'NONE', *, *, #3190, .T. ) ;
#174 = EDGE_CURVE ( 'NONE', #635, #730, #3778, .T. ) ;
#175 = CARTESIAN_POINT ( 'NONE',  ( -1.017788105676658200, -0.5876202367904175300, -3.020833333333333500 ) ) ;
#176 = ADVANCED_FACE ( 'NONE', ( #1464 ), #2756, .T. ) ;
#177 = CARTESIAN_POINT ( 'NONE',  ( 1.017788105676657800, -0.5876202367904183000, 1.145833333333332800 ) ) ;
#178 = CARTESIAN_POINT ( 'NONE',  ( 1.017788105676657800, -0.5876202367904183000, -5.416666666666667000 ) ) ;
#179 = ORIENTED_EDGE ( 'NONE', *, *, #1226, .F. ) ;
#180 = DIRECTION ( 'NONE',  ( 0.0000000000000000000, -1.000000000000000000, 0.0000000000000000000 ) ) ;
#181 = FACE_OUTER_BOUND ( 'NONE', #3530, .T. ) ;
#182 = CARTESIAN_POINT ( 'NONE',  ( 1.836970198721030900E-016, -1.500000000000000900, -5.500000000000000000 ) ) ;
#183 = ORIENTED_EDGE ( 'NONE', *, *, #2596, .F. ) ;
#184 = CARTESIAN_POINT ( 'NONE',  ( 0.4090586785750390800, 1.207205534784412800, 5.197837918555810800 ) ) ;
#185 = AXIS2_PLACEMENT_3D ( 'NONE', #1199, #48, #333 ) ;
#186 = CARTESIAN_POINT ( 'NONE',  ( 0.2433378840058284300, -1.480130627413529500, -5.175240473580831100 ) ) ;
#187 = CARTESIAN_POINT ( 'NONE',  ( 0.6785254037844392600, 1.175240473580835100, -4.229166666666667000 ) ) ;
#188 = EDGE_LOOP ( 'NONE', ( #459, #1858, #2232, #2971 ) ) ;
#189 = CARTESIAN_POINT ( 'NONE',  ( -1.322475605676657800, -0.7635316469341314500, -1.786458333333356100 ) ) ;
#190 = CARTESIAN_POINT ( 'NONE',  ( -1.357050807568877200, 8.309539638847781400E-017, -2.562500000000000400 ) ) ;
#191 = LINE ( 'NONE', #2868, #2644 ) ;
#192 = CARTESIAN_POINT ( 'NONE',  ( 1.250000000000000000, -2.739268375193305200E-020, 5.198371151552881200 ) ) ;
#193 = ORIENTED_EDGE ( 'NONE', *, *, #3238, .T. ) ;
#194 = CARTESIAN_POINT ( 'NONE',  ( -0.6785254037844389300, -1.175240473580835500, 1.520833333333333300 ) ) ;
#195 = CARTESIAN_POINT ( 'NONE',  ( 0.8660254037844428200, 1.499999999999995800, -4.479166666666687400 ) ) ;
#196 =( BOUNDED_CURVE ( )  B_SPLINE_CURVE ( 2, ( #1726, #1353, #2860, #1415, #2582, #3768, #1120 ),
 .UNSPECIFIED., .F., .T. ) 
 B_SPLINE_CURVE_WITH_KNOTS ( ( 3, 2, 2, 3 ),
 ( 0.2647058823529411800, 0.2745098039215686500, 0.2843137254901960700, 0.2941176470588235400 ),
 .UNSPECIFIED. ) 
 CURVE ( )  GEOMETRIC_REPRESENTATION_ITEM ( )  RATIONAL_B_SPLINE_CURVE ( ( 1.000000000000000000, 0.8660254037844387100, 1.000000000000000000, 0.8660254037844387100, 1.000000000000000000, 0.8660254037844387100, 1.000000000000000000 ) ) 
 REPRESENTATION_ITEM ( '' )  );
#197 = CARTESIAN_POINT ( 'NONE',  ( -1.439254484199189600E-016, -1.175240473580835500, -0.5000000000000004400 ) ) ;
#198 = CARTESIAN_POINT ( 'NONE',  ( -1.299038105676658700, 0.7500000000000005600, 0.1458333333333113900 ) ) ;
#199 = CARTESIAN_POINT ( 'NONE',  ( 0.0000000000000000000, 1.500000000000000900, -2.499999999999981300 ) ) ;
#200 = CARTESIAN_POINT ( 'NONE',  ( -1.017788105676658200, -0.5876202367904175300, -2.020833333333333000 ) ) ;
#201 = CARTESIAN_POINT ( 'NONE',  ( 2.833373647570990600E-014, 1.251017696411969700, 2.206249999999996300 ) ) ;
#202 = CARTESIAN_POINT ( 'NONE',  ( 0.0000000000000000000, 1.527063293868263300, -0.9531250000000225400 ) ) ;
#203 = CARTESIAN_POINT ( 'NONE',  ( -1.017788105676658000, 0.5876202367904178600, -3.104166666666666500 ) ) ;
#204 = CARTESIAN_POINT ( 'NONE',  ( -1.836970198721030900E-016, -1.500000000000000900, -1.187500000000021800 ) ) ;
#205 = CARTESIAN_POINT ( 'NONE',  ( -1.017788105676658000, 0.5876202367904178600, 0.3958333333333330900 ) ) ;
#206 = CARTESIAN_POINT ( 'NONE',  ( 0.0000000000000000000, 1.175240473580835500, -1.250000000000000200 ) ) ;
#207 = CARTESIAN_POINT ( 'NONE',  ( -1.357050807568877200, 8.309539638847781400E-017, -1.624999999999999800 ) ) ;
#208 = CARTESIAN_POINT ( 'NONE',  ( -1.357050807568877200, 8.309539638847781400E-017, -1.062500000000000000 ) ) ;
#209 = AXIS2_PLACEMENT_3D ( 'NONE', #422, #1310, #1616 ) ;
#210 = CARTESIAN_POINT ( 'NONE',  ( 1.322475605676658400, 0.7635316469341306700, -0.03645833333335620600 ) ) ;
#211 = CARTESIAN_POINT ( 'NONE',  ( -1.017788105676658000, 0.5876202367904178600, -2.104166666666666500 ) ) ;
#212 =( BOUNDED_CURVE ( )  B_SPLINE_CURVE ( 2, ( #3315, #1848, #3038, #387, #3624, #2173, #1874 ),
 .UNSPECIFIED., .F., .T. ) 
 B_SPLINE_CURVE_WITH_KNOTS ( ( 3, 2, 2, 3 ),
 ( 0.08823529411764692600, 0.09803921568627434200, 0.1078431372549017700, 0.1176470588235293000 ),
 .UNSPECIFIED. ) 
 CURVE ( )  GEOMETRIC_REPRESENTATION_ITEM ( )  RATIONAL_B_SPLINE_CURVE ( ( 1.000000000000002000, 0.8660254037844366000, 1.000000000000000000, 0.8660254037844387100, 1.000000000000000000, 0.8660254037844405900, 0.9999999999999981100 ) ) 
 REPRESENTATION_ITEM ( '' )  );
#213 = ADVANCED_FACE ( 'NONE', ( #2436 ), #2996, .T. ) ;
#214 = DIRECTION ( 'NONE',  ( -0.0000000000000000000, 1.178500973792491200E-056, -1.000000000000000000 ) ) ;
#215 = FACE_OUTER_BOUND ( 'NONE', #1764, .T. ) ;
#216 = CARTESIAN_POINT ( 'NONE',  ( -1.439254484199189600E-016, -1.175240473580835500, 0.06250000000000005600 ) ) ;
#217 = CARTESIAN_POINT ( 'NONE',  ( 1.357050807568877200, -2.492861891654333800E-016, -2.374999999999999600 ) ) ;
#218 = CARTESIAN_POINT ( 'NONE',  ( -0.8816504037844382600, 1.527063293868263300, -4.942708333333313500 ) ) ;
#219 = CARTESIAN_POINT ( 'NONE',  ( -0.6785254037844383700, 1.175240473580835500, -0.2083333333333338100 ) ) ;
#220 = CARTESIAN_POINT ( 'NONE',  ( -1.836970198721030900E-016, -1.500000000000000900, 2.250000000000018700 ) ) ;
#221 = ORIENTED_EDGE ( 'NONE', *, *, #1132, .T. ) ;
#222 = CARTESIAN_POINT ( 'NONE',  ( -1.017788105676658000, 0.5876202367904178600, 0.3958333333333330900 ) ) ;
#223 = CARTESIAN_POINT ( 'NONE',  ( -1.836970198721030900E-016, -1.500000000000000900, -3.249999999999981300 ) ) ;
#224 = CARTESIAN_POINT ( 'NONE',  ( -0.8660254037844391500, 1.500000000000000700, -0.3958333333333555200 ) ) ;
#225 = ORIENTED_EDGE ( 'NONE', *, *, #1096, .T. ) ;
#226 = B_SPLINE_CURVE_WITH_KNOTS ( 'NONE', 3,
 ( #2498, #2797, #1045, #1025 ),
 .UNSPECIFIED., .F., .F.,
 ( 4, 4 ),
 ( 0.0009551793657235603900, 0.001703052493691799700 ),
 .UNSPECIFIED. ) ;
#227 = CARTESIAN_POINT ( 'NONE',  ( -1.357050807568877200, 8.309539638847781400E-017, -0.06250000000000005600 ) ) ;
#228 = APPROVAL_ROLE ( '' ) ;
#229 = CARTESIAN_POINT ( 'NONE',  ( 1.322475605676658400, 0.7635316469341306700, 0.9635416666666438700 ) ) ;
#230 = PERSON_AND_ORGANIZATION ( #850, #3642 ) ;
#231 = ORIENTED_EDGE ( 'NONE', *, *, #1209, .T. ) ;
#232 = EDGE_CURVE ( 'NONE', #842, #1110, #1168, .T. ) ;
#233 = CARTESIAN_POINT ( 'NONE',  ( -1.732050807568878500, 1.060575238724907400E-016, -3.874999999999981300 ) ) ;
#234 = CARTESIAN_POINT ( 'NONE',  ( -1.249999999999999800, 0.7216878364870317200, -1.318813079129866200 ) ) ;
#235 = CARTESIAN_POINT ( 'NONE',  ( -1.017788105676658200, -0.5876202367904175300, -3.583333333333333500 ) ) ;
#236 = CARTESIAN_POINT ( 'NONE',  ( 1.017788105676658200, 0.5876202367904168600, -3.333333333333333000 ) ) ;
#237 = CARTESIAN_POINT ( 'NONE',  ( 1.763300807568877000, -3.239131034884752100E-016, -3.609374999999980500 ) ) ;
#238 = VERTEX_POINT ( 'NONE', #1506 ) ;
#239 = CARTESIAN_POINT ( 'NONE',  ( 0.0000000000000000000, 1.175240473580835500, -1.250000000000000200 ) ) ;
#240 = CARTESIAN_POINT ( 'NONE',  ( 0.0000000000000000000, -6.481755355858701300E-056, 5.500000000000000000 ) ) ;
#241 = VECTOR ( 'NONE', #2204, 1000.000000000000000 ) ;
#242 = ADVANCED_FACE ( 'NONE', ( #2961 ), #2481, .T. ) ;
#243 = EDGE_LOOP ( 'NONE', ( #1671, #2555 ) ) ;
#244 = CARTESIAN_POINT ( 'NONE',  ( 0.0000000000000000000, 1.500000000000000900, 1.000000000000018200 ) ) ;
#245 = CARTESIAN_POINT ( 'NONE',  ( 0.6785254037844392600, 1.175240473580835100, -2.229166666666666500 ) ) ;
#246 = DATE_TIME_ROLE ( 'classification_date' ) ;
#247 = AXIS2_PLACEMENT_3D ( 'NONE', #1913, #1012, #125 ) ;
#248 = CARTESIAN_POINT ( 'NONE',  ( -1.439254484199189600E-016, -1.175240473580835500, 2.562500000000000400 ) ) ;
#249 = CARTESIAN_POINT ( 'NONE',  ( 1.017788105676658200, 0.5876202367904168600, -1.833333333333333500 ) ) ;
#250 = CARTESIAN_POINT ( 'NONE',  ( -1.322475605676657800, 0.7635316469341318900, -4.401041666666646500 ) ) ;
#251 = CARTESIAN_POINT ( 'NONE',  ( 1.357050807568877200, -2.492861891654334300E-016, -0.3750000000000002800 ) ) ;
#252 = CARTESIAN_POINT ( 'NONE',  ( -1.836970198721030900E-016, -1.500000000000000900, 0.7500000000000179900 ) ) ;
#253 = B_SPLINE_CURVE_WITH_KNOTS ( 'NONE', 3,
 ( #2519, #452, #2801, #2833, #1590, #3388, #3413, #112, #2486, #3714, #413, #1649, #2249, #2543, #1666, #2561, #1417, #1714, #1136, #201 ),
 .UNSPECIFIED., .F., .F.,
 ( 4, 2, 2, 2, 2, 2, 2, 2, 2, 4 ),
 ( 0.0007011309137030367400, 0.001234043552097304100, 0.001766956190491571400, 0.002299868828885838900, 0.002566325148082972500, 0.002832781467280105600, 0.003898606744068639800, 0.004165063063265772900, 0.004431519382462906900, 0.004964432020857171400 ),
 .UNSPECIFIED. ) ;
#254 = CARTESIAN_POINT ( 'NONE',  ( 1.357050807568877200, -2.492861891654334300E-016, -0.8124999999999998900 ) ) ;
#255 = DIRECTION ( 'NONE',  ( 0.0000000000000000000, 1.000000000000000000, 0.0000000000000000000 ) ) ;
#256 = CARTESIAN_POINT ( 'NONE',  ( -0.6785254037844389300, -1.175240473580835500, -4.041666666666666100 ) ) ;
#257 = CARTESIAN_POINT ( 'NONE',  ( 0.6785254037844382600, -1.175240473580835700, -1.958333333333333300 ) ) ;
#258 = CARTESIAN_POINT ( 'NONE',  ( -1.870113174931182600E-016, -1.527063293868263300, -4.734374999999980500 ) ) ;
#259 = EDGE_CURVE ( 'NONE', #3707, #951, #3293, .T. ) ;
#260 = CARTESIAN_POINT ( 'NONE',  ( 1.357050807568877200, -2.492861891654334300E-016, 0.6249999999999996700 ) ) ;
#261 = CARTESIAN_POINT ( 'NONE',  ( 0.0000000000000000000, 1.296351071171740300E-055, -5.500000000000000000 ) ) ;
#262 = CARTESIAN_POINT ( 'NONE',  ( 1.017788105676657800, -0.5876202367904183000, -0.8541666666666663000 ) ) ;
#263 = CARTESIAN_POINT ( 'NONE',  ( -1.836970198721030900E-016, -1.500000000000000900, -2.249999999999981800 ) ) ;
#264 = ORIENTED_EDGE ( 'NONE', *, *, #2248, .F. ) ;
#265 = CARTESIAN_POINT ( 'NONE',  ( 1.299038105676658400, -0.7500000000000011100, 1.395833333333311700 ) ) ;
#266 = CARTESIAN_POINT ( 'NONE',  ( -1.836970198721030900E-016, -1.500000000000000900, 1.250000000000018400 ) ) ;
#267 = CARTESIAN_POINT ( 'NONE',  ( 0.6785254037844382600, -1.175240473580835700, -4.458333333333333000 ) ) ;
#268 = CARTESIAN_POINT ( 'NONE',  ( 0.6785254037844393700, 1.175240473580835300, 1.208333333333333000 ) ) ;
#269 = VERTEX_POINT ( 'NONE', #16 ) ;
#270 = CARTESIAN_POINT ( 'NONE',  ( -0.8816504037844382600, 1.527063293868263300, -1.442708333333314200 ) ) ;
#271 = CARTESIAN_POINT ( 'NONE',  ( -1.017788105676658000, 0.5876202367904178600, 1.833333333333333500 ) ) ;
#272 = CARTESIAN_POINT ( 'NONE',  ( 0.0000000000000000000, 1.296351071171740300E-055, -5.500000000000000000 ) ) ;
#273 = ORIENTED_EDGE ( 'NONE', *, *, #1777, .F. ) ;
#274 = ADVANCED_FACE ( 'NONE', ( #1551 ), #902, .T. ) ;
#275 = EDGE_CURVE ( 'NONE', #3045, #446, #114, .T. ) ;
#276 = ORIENTED_EDGE ( 'NONE', *, *, #2093, .F. ) ;
#277 = CIRCLE ( 'NONE', #59, 1.500000000000000000 ) ;
#278 = CARTESIAN_POINT ( 'NONE',  ( -1.836970198721030900E-016, -1.500000000000000900, -3.187500000000021800 ) ) ;
#279 = ORIENTED_EDGE ( 'NONE', *, *, #1358, .F. ) ;
#280 = CARTESIAN_POINT ( 'NONE',  ( -1.439254484199189600E-016, -1.175240473580835500, -4.500000000000000000 ) ) ;
#281 = CARTESIAN_POINT ( 'NONE',  ( -1.439254484199189600E-016, -1.175240473580835500, -0.5000000000000004400 ) ) ;
#282 = CARTESIAN_POINT ( 'NONE',  ( -1.322475605676657800, -0.7635316469341314500, -2.317708333333313900 ) ) ;
#283 = FACE_OUTER_BOUND ( 'NONE', #441, .T. ) ;
#284 = ORIENTED_EDGE ( 'NONE', *, *, #1096, .F. ) ;
#285 = ORIENTED_EDGE ( 'NONE', *, *, #825, .F. ) ;
#286 = CARTESIAN_POINT ( 'NONE',  ( -0.1623532086563739300, -1.302164776189280100, -5.373075697391171500 ) ) ;
#287 = CARTESIAN_POINT ( 'NONE',  ( 1.357050807568877200, -2.492861891654334300E-016, 0.1875000000000001400 ) ) ;
#288 = CARTESIAN_POINT ( 'NONE',  ( 1.250000000000000000, -0.7216878364870316100, 5.391746824526944900 ) ) ;
#289 = CARTESIAN_POINT ( 'NONE',  ( -1.836970198721030900E-016, -1.500000000000000900, -2.249999999999981800 ) ) ;
#290 = CARTESIAN_POINT ( 'NONE',  ( 1.357050807568877200, -2.492861891654333800E-016, -0.8749999999999998900 ) ) ;
#291 = CARTESIAN_POINT ( 'NONE',  ( 1.357050807568877200, -2.492861891654333800E-016, 1.125000000000000000 ) ) ;
#292 = CARTESIAN_POINT ( 'NONE',  ( 0.8816504037844392600, 1.527063293868263100, -0.5260416666666477600 ) ) ;
#293 = CARTESIAN_POINT ( 'NONE',  ( 1.121107958840559900, -0.3525721420742978800, 2.162499999999996500 ) ) ;
#294 = EDGE_CURVE ( 'NONE', #1244, #1145, #3115, .T. ) ;
#295 = CARTESIAN_POINT ( 'NONE',  ( 1.732050807568878500, -3.181725716174723000E-016, -2.562500000000021800 ) ) ;
#296 = CARTESIAN_POINT ( 'NONE',  ( 1.299038105676659300, 0.7499999999999993300, -0.02083333333335512400 ) ) ;
#297 = VECTOR ( 'NONE', #3476, 1000.000000000000100 ) ;
#298 = CARTESIAN_POINT ( 'NONE',  ( -1.357050807568877200, 8.309539638847781400E-017, -1.624999999999999800 ) ) ;
#299 = CARTESIAN_POINT ( 'NONE',  ( -0.6785254037844389300, -1.175240473580835500, -0.5416666666666668500 ) ) ;
#300 = CARTESIAN_POINT ( 'NONE',  ( -1.763300807568877000, 1.079710344961584000E-016, -2.859374999999980900 ) ) ;
#301 = CARTESIAN_POINT ( 'NONE',  ( -1.017788105676658000, 0.5876202367904178600, -3.104166666666666500 ) ) ;
#302 = CARTESIAN_POINT ( 'NONE',  ( -0.7151093216337626200, 1.173083595214724300, -5.313781984734888800 ) ) ;
#303 = VERTEX_POINT ( 'NONE', #2995 ) ;
#304 =( BOUNDED_CURVE ( )  B_SPLINE_CURVE ( 2, ( #3805, #2041, #567, #866, #1167, #848, #2929 ),
 .UNSPECIFIED., .F., .T. ) 
 B_SPLINE_CURVE_WITH_KNOTS ( ( 3, 2, 2, 3 ),
 ( 0.4117647058823529800, 0.4215686274509804500, 0.4313725490196078600, 0.4411764705882352800 ),
 .UNSPECIFIED. ) 
 CURVE ( )  GEOMETRIC_REPRESENTATION_ITEM ( )  RATIONAL_B_SPLINE_CURVE ( ( 0.9999999999999992200, 0.8660254037844394800, 1.000000000000000000, 0.8660254037844387100, 1.000000000000000000, 0.8660254037844387100, 1.000000000000000000 ) ) 
 REPRESENTATION_ITEM ( '' )  );
#305 = ADVANCED_FACE ( 'NONE', ( #1759 ), #1598, .T. ) ;
#306 = CARTESIAN_POINT ( 'NONE',  ( -0.8660254037844474800, 1.499999999999986500, -0.4583333333333141100 ) ) ;
#307 = ORIENTED_EDGE ( 'NONE', *, *, #1490, .F. ) ;
#308 = ORIENTED_EDGE ( 'NONE', *, *, #275, .F. ) ;
#309 = CARTESIAN_POINT ( 'NONE',  ( 1.299038105676659300, 0.7499999999999993300, 1.479166666666644500 ) ) ;
#310 = CARTESIAN_POINT ( 'NONE',  ( 0.6785254037844392600, 1.175240473580835100, 1.770833333333333500 ) ) ;
#311 = DIRECTION ( 'NONE',  ( -0.0000000000000000000, 1.178500973792491200E-056, -1.000000000000000000 ) ) ;
#312 = CARTESIAN_POINT ( 'NONE',  ( 0.6785254037844382600, -1.175240473580835700, -2.458333333333333000 ) ) ;
#313 = CARTESIAN_POINT ( 'NONE',  ( 1.017788105676658200, 0.5876202367904168600, 0.6666666666666669600 ) ) ;
#314 = DATE_AND_TIME ( #3198, #499 ) ;
#315 = CARTESIAN_POINT ( 'NONE',  ( -0.8816504037844389300, -1.527063293868263100, -1.776041666666647600 ) ) ;
#316 = ORIENTED_EDGE ( 'NONE', *, *, #2119, .T. ) ;
#317 = CARTESIAN_POINT ( 'NONE',  ( -1.836970198721030900E-016, -1.500000000000000900, 0.8124999999999783500 ) ) ;
#318 = PLANE ( 'NONE',  #2464 ) ;
#319 = CARTESIAN_POINT ( 'NONE',  ( 0.0000000000000000000, 1.527063293868263300, 2.046874999999977400 ) ) ;
#320 = ORIENTED_EDGE ( 'NONE', *, *, #2964, .T. ) ;
#321 = VECTOR ( 'NONE', #2759, 1000.000000000000000 ) ;
#322 = ORIENTED_EDGE ( 'NONE', *, *, #3081, .T. ) ;
#323 = CARTESIAN_POINT ( 'NONE',  ( -1.299038105676658700, -0.7500000000000001100, -1.333333333333314800 ) ) ;
#324 = CARTESIAN_POINT ( 'NONE',  ( 1.357050807568877200, -2.492861891654334300E-016, -5.375000000000000000 ) ) ;
#325 = EDGE_CURVE ( 'NONE', #3750, #2399, #3068, .T. ) ;
#326 = CARTESIAN_POINT ( 'NONE',  ( 0.6785254037844393700, 1.175240473580835300, -2.291666666666667000 ) ) ;
#327 = CARTESIAN_POINT ( 'NONE',  ( -0.6785254037844389300, -1.175240473580835500, 1.958333333333332800 ) ) ;
#328 = UNCERTAINTY_MEASURE_WITH_UNIT (LENGTH_MEASURE( 1.000000000000000100E-005 ), #778, 'distance_accuracy_value', 'NONE');
#329 = CARTESIAN_POINT ( 'NONE',  ( -1.763300807568877000, 1.079710344961584000E-016, 2.140625000000019100 ) ) ;
#330 = CARTESIAN_POINT ( 'NONE',  ( -1.249999999999999600, -0.7216878364870322700, 5.391746824526944900 ) ) ;
#331 = CARTESIAN_POINT ( 'NONE',  ( -1.371347274434388900, 0.3036724362476165800, -5.273698107894093200 ) ) ;
#332 = CARTESIAN_POINT ( 'NONE',  ( 0.8816504037844392600, 1.527063293868263100, 2.505208333333311300 ) ) ;
#333 = DIRECTION ( 'NONE',  ( 0.0000000000000000000, 1.000000000000000000, 0.0000000000000000000 ) ) ;
#334 = CARTESIAN_POINT ( 'NONE',  ( -1.439254484199189600E-016, -1.175240473580835500, 1.062500000000000000 ) ) ;
#335 = CARTESIAN_POINT ( 'NONE',  ( 1.836970198721030900E-016, -1.500000000000000900, -5.500000000000000000 ) ) ;
#336 = DIRECTION ( 'NONE',  ( -0.0000000000000000000, 1.178500973792491200E-056, -1.000000000000000000 ) ) ;
#337 = FACE_OUTER_BOUND ( 'NONE', #3204, .T. ) ;
#338 = CARTESIAN_POINT ( 'NONE',  ( 1.017788105676657800, -0.5876202367904183000, -2.916666666666667000 ) ) ;
#339 = CARTESIAN_POINT ( 'NONE',  ( -1.322475605676657800, -0.7635316469341314500, -5.786458333333356100 ) ) ;
#340 = CARTESIAN_POINT ( 'NONE',  ( -0.8816504037844382600, 1.527063293868263300, 0.5572916666666859500 ) ) ;
#341 = CARTESIAN_POINT ( 'NONE',  ( 0.0000000000000000000, 1.500000000000000900, 1.062499999999978700 ) ) ;
#342 = DIRECTION ( 'NONE',  ( 0.0000000000000000000, 1.000000000000000000, 0.0000000000000000000 ) ) ;
#343 = CARTESIAN_POINT ( 'NONE',  ( 0.1647871618767673100, -1.173140292258629600, -5.493416134967283400 ) ) ;
#344 = EDGE_CURVE ( 'NONE', #1763, #3138, #3695, .T. ) ;
#345 = CARTESIAN_POINT ( 'NONE',  ( -1.357050807568877200, 8.309539638847781400E-017, 0.3749999999999994400 ) ) ;
#346 = CARTESIAN_POINT ( 'NONE',  ( 0.6785254037844393700, 1.175240473580835300, 2.708333333333333500 ) ) ;
#347 = ORIENTED_EDGE ( 'NONE', *, *, #1132, .F. ) ;
#348 = CARTESIAN_POINT ( 'NONE',  ( 1.322475605676657300, -0.7635316469341323400, 1.848958333333352600 ) ) ;
#349 = AXIS2_PLACEMENT_3D ( 'NONE', #1216, #2427, #901 ) ;
#350 = CARTESIAN_POINT ( 'NONE',  ( 1.299038105676658400, -0.7500000000000011100, 0.8958333333333111700 ) ) ;
#351 = CARTESIAN_POINT ( 'NONE',  ( 0.0000000000000000000, 1.500000000000000900, 2.000000000000018200 ) ) ;
#352 = CARTESIAN_POINT ( 'NONE',  ( 0.8816504037844392600, 1.527063293868263100, 1.505208333333310600 ) ) ;
#353 = ORIENTED_EDGE ( 'NONE', *, *, #2295, .F. ) ;
#354 = DIRECTION ( 'NONE',  ( 1.000000000000000000, 0.0000000000000000000, 0.0000000000000000000 ) ) ;
#355 = APPROVAL_DATE_TIME ( #314, #84 ) ;
#356 = CARTESIAN_POINT ( 'NONE',  ( -0.3206984484174243400, -1.248083299479773700, -5.396802288831370500 ) ) ;
#357 = ORIENTED_EDGE ( 'NONE', *, *, #25, .T. ) ;
#358 = CARTESIAN_POINT ( 'NONE',  ( 1.357050807568877200, -2.492861891654334300E-016, 0.6874999999999997800 ) ) ;
#359 = DIRECTION ( 'NONE',  ( -0.0000000000000000000, 1.178500973792491200E-056, -1.000000000000000000 ) ) ;
#360 = CARTESIAN_POINT ( 'NONE',  ( 0.0000000000000000000, 1.296351071171740300E-055, -5.500000000000000000 ) ) ;
#361 = VERTEX_POINT ( 'NONE', #1333 ) ;
#362 = CARTESIAN_POINT ( 'NONE',  ( -1.017788105676658000, 0.5876202367904178600, 0.3333333333333330400 ) ) ;
#363 = CARTESIAN_POINT ( 'NONE',  ( 1.322475605676658400, 0.7635316469341306700, -5.036458333333356100 ) ) ;
#364 = CARTESIAN_POINT ( 'NONE',  ( -1.322475605676657800, -0.7635316469341314500, 1.182291666666685600 ) ) ;
#365 = ORIENTED_EDGE ( 'NONE', *, *, #1838, .F. ) ;
#366 = CARTESIAN_POINT ( 'NONE',  ( 0.0000000000000000000, 1.500000000000000900, -1.437500000000022000 ) ) ;
#367 = DIRECTION ( 'NONE',  ( -0.0000000000000000000, 1.178500973792491200E-056, -1.000000000000000000 ) ) ;
#368 = CARTESIAN_POINT ( 'NONE',  ( 0.3264292332702584700, -1.145997077379227200, -5.486475922042375300 ) ) ;
#369 = VECTOR ( 'NONE', #1197, 1000.000000000000000 ) ;
#370 = EDGE_CURVE ( 'NONE', #269, #1051, #1510, .T. ) ;
#371 = ORIENTED_EDGE ( 'NONE', *, *, #2679, .F. ) ;
#372 = CARTESIAN_POINT ( 'NONE',  ( -0.6785254037844384900, 1.175240473580835700, 0.3541666666666666900 ) ) ;
#373 = ORIENTED_EDGE ( 'NONE', *, *, #1580, .F. ) ;
#374 = CARTESIAN_POINT ( 'NONE',  ( -1.439254484199189600E-016, -1.175240473580835500, -2.500000000000000000 ) ) ;
#375 = CARTESIAN_POINT ( 'NONE',  ( 0.6785254037844382600, -1.175240473580835700, 1.041666666666666500 ) ) ;
#376 = ADVANCED_FACE ( 'NONE', ( #3232 ), #2829, .T. ) ;
#377 = CARTESIAN_POINT ( 'NONE',  ( -1.322475605676657800, 0.7635316469341318900, -5.369791666666689200 ) ) ;
#378 = CARTESIAN_POINT ( 'NONE',  ( -1.870113174931182600E-016, -1.527063293868263300, 1.265625000000019300 ) ) ;
#379 = CARTESIAN_POINT ( 'NONE',  ( 1.732050807568878500, -3.181725716174723000E-016, 1.937499999999978900 ) ) ;
#380 = CARTESIAN_POINT ( 'NONE',  ( -0.6785254037844384900, 1.175240473580835700, 1.354166666666666700 ) ) ;
#381 = CARTESIAN_POINT ( 'NONE',  ( -0.7257695262617396300, -0.9715026437935756500, -5.473553199305744200 ) ) ;
#382 = CARTESIAN_POINT ( 'NONE',  ( -0.6785254037844389300, -1.175240473580835500, -4.979166666666667000 ) ) ;
#383 = CARTESIAN_POINT ( 'NONE',  ( 1.017788105676657800, -0.5876202367904183000, -2.416666666666667000 ) ) ;
#384 = CARTESIAN_POINT ( 'NONE',  ( -1.017788105676658200, -0.5876202367904175300, 0.9166666666666663000 ) ) ;
#385 = CARTESIAN_POINT ( 'NONE',  ( -1.870113174931182600E-016, -1.527063293868263300, -3.203125000000022600 ) ) ;
#386 = CARTESIAN_POINT ( 'NONE',  ( -0.6785254037844384900, 1.175240473580835700, -5.145833333333333900 ) ) ;
#387 = CARTESIAN_POINT ( 'NONE',  ( -1.732050807568878500, 1.060575238724907400E-016, 2.125000000000017800 ) ) ;
#388 = CARTESIAN_POINT ( 'NONE',  ( 0.1975317408473107900, -1.329330669222374500, 5.287417583756786500 ) ) ;
#389 = VECTOR ( 'NONE', #3429, 1000.000000000000000 ) ;
#390 = CARTESIAN_POINT ( 'NONE',  ( 1.836970198721030900E-016, -1.500000000000000900, -5.500000000000000000 ) ) ;
#391 = CARTESIAN_POINT ( 'NONE',  ( 1.357050807568877200, -2.492861891654333800E-016, -0.3125000000000002800 ) ) ;
#392 = CARTESIAN_POINT ( 'NONE',  ( 0.0000000000000000000, 1.175240473580835500, 1.812499999999999800 ) ) ;
#393 = CARTESIAN_POINT ( 'NONE',  ( -1.299038105676658700, -0.7500000000000001100, 1.666666666666685200 ) ) ;
#394 = VERTEX_POINT ( 'NONE', #480 ) ;
#395 = CARTESIAN_POINT ( 'NONE',  ( -1.017788105676658000, 0.5876202367904178600, -4.104166666666667000 ) ) ;
#396 = CARTESIAN_POINT ( 'NONE',  ( -0.6785254037844389300, -1.175240473580835300, -4.041666666666666100 ) ) ;
#397 = CARTESIAN_POINT ( 'NONE',  ( 0.0000000000000000000, 1.175240473580835500, -0.2500000000000002200 ) ) ;
#398 = CARTESIAN_POINT ( 'NONE',  ( 1.322475605676657300, -0.7635316469341323400, -3.619791666666689600 ) ) ;
#399 = CARTESIAN_POINT ( 'NONE',  ( 1.357050807568877200, -2.492861891654333800E-016, -4.312500000000000000 ) ) ;
#400 = ORIENTED_EDGE ( 'NONE', *, *, #1234, .F. ) ;
#401 = DIRECTION ( 'NONE',  ( -0.0000000000000000000, 1.178500973792491200E-056, -1.000000000000000000 ) ) ;
#402 = COORDINATED_UNIVERSAL_TIME_OFFSET ( 6, 0, .BEHIND. ) ;
#403 = CARTESIAN_POINT ( 'NONE',  ( -1.836970198721030900E-016, -1.500000000000000900, 1.812499999999978200 ) ) ;
#404 = CARTESIAN_POINT ( 'NONE',  ( 0.6785254037844393700, 1.175240473580835300, -2.729166666666666500 ) ) ;
#405 = VERTEX_POINT ( 'NONE', #3029 ) ;
#406 = CARTESIAN_POINT ( 'NONE',  ( 1.017788105676658200, 0.5876202367904168600, 1.229166666666666500 ) ) ;
#407 = TOROIDAL_SURFACE ( 'NONE', #247, 1.650000000000001700, 0.1500000000000000800 ) ;
#408 = CARTESIAN_POINT ( 'NONE',  ( -1.249999999999999600, 0.7216878364870319400, 3.500000000000000400 ) ) ;
#409 = ORIENTED_EDGE ( 'NONE', *, *, #1226, .T. ) ;
#410 = CARTESIAN_POINT ( 'NONE',  ( -1.017788105676658200, -0.5876202367904175300, -5.520833333333333000 ) ) ;
#411 = CIRCLE ( 'NONE', #2391, 1.500000000000001800 ) ;
#412 = EDGE_LOOP ( 'NONE', ( #877, #1473 ) ) ;
#413 = CARTESIAN_POINT ( 'NONE',  ( -1.360136390170447700, -0.1759721134137332800, 2.274116922831775700 ) ) ;
#414 = CARTESIAN_POINT ( 'NONE',  ( -1.870113174931182600E-016, -1.527063293868263300, -4.203125000000023100 ) ) ;
#415 = CARTESIAN_POINT ( 'NONE',  ( 1.322475605676657300, -0.7635316469341323400, 2.348958333333352100 ) ) ;
#416 = DIRECTION ( 'NONE',  ( 0.0000000000000000000, -1.178500973792491200E-056, 1.000000000000000000 ) ) ;
#417 = CARTESIAN_POINT ( 'NONE',  ( -1.732050807568878500, 1.060575238724907400E-016, -2.874999999999981800 ) ) ;
#418 = CARTESIAN_POINT ( 'NONE',  ( 0.0000000000000000000, 1.500000000000000900, -2.999999999999980900 ) ) ;
#419 = CARTESIAN_POINT ( 'NONE',  ( 1.357050807568877200, -2.492861891654333800E-016, -2.312500000000000000 ) ) ;
#420 = EDGE_CURVE ( 'NONE', #2126, #1105, #26, .T. ) ;
#421 = CARTESIAN_POINT ( 'NONE',  ( 0.6785254037844393700, 1.175240473580835300, -0.2291666666666666000 ) ) ;
#422 = CARTESIAN_POINT ( 'NONE',  ( 0.0000000000000000000, 1.296351071171740300E-055, -5.500000000000000000 ) ) ;
#423 = CARTESIAN_POINT ( 'NONE',  ( 1.017788105676657800, -0.5876202367904183000, -4.854166666666666100 ) ) ;
#424 = CARTESIAN_POINT ( 'NONE',  ( 1.763300807568877000, -3.239131034884752100E-016, -2.078125000000022600 ) ) ;
#425 = CARTESIAN_POINT ( 'NONE',  ( -1.357050807568877200, 8.309539638847781400E-017, -4.062500000000000000 ) ) ;
#426 = DIRECTION ( 'NONE',  ( 0.0000000000000000000, -1.178500973792491200E-056, 1.000000000000000000 ) ) ;
#427 = CARTESIAN_POINT ( 'NONE',  ( 1.299038105676658400, -0.7500000000000011100, -3.666666666666647400 ) ) ;
#428 = CARTESIAN_POINT ( 'NONE',  ( 0.0000000000000000000, 1.175240473580835500, -2.187499999999999600 ) ) ;
#429 = CARTESIAN_POINT ( 'NONE',  ( 0.6785254037844393700, 1.175240473580835300, -4.291666666666667000 ) ) ;
#430 = CARTESIAN_POINT ( 'NONE',  ( -1.017788105676658200, -0.5876202367904175300, 2.479166666666666100 ) ) ;
#431 = DIRECTION ( 'NONE',  ( -0.0000000000000000000, 1.178500973792491200E-056, -1.000000000000000000 ) ) ;
#432 = CARTESIAN_POINT ( 'NONE',  ( -0.8660254037844448100, 1.499999999999990700, -1.458333333333314400 ) ) ;
#433 = CARTESIAN_POINT ( 'NONE',  ( -0.6785254037844383700, 1.175240473580835500, -2.645833333333333500 ) ) ;
#434 = CARTESIAN_POINT ( 'NONE',  ( 1.017788105676658200, 0.5876202367904168600, 2.666666666666666100 ) ) ;
#435 = CARTESIAN_POINT ( 'NONE',  ( -1.870113174931182600E-016, -1.527063293868263300, -3.703125000000022600 ) ) ;
#436 = LINE ( 'NONE', #746, #1977 ) ;
#437 = CARTESIAN_POINT ( 'NONE',  ( 0.6785254037844382600, -1.175240473580835700, -4.895833333333333000 ) ) ;
#438 = DIRECTION ( 'NONE',  ( 1.000000000000000000, 0.0000000000000000000, 0.0000000000000000000 ) ) ;
#439 =( BOUNDED_CURVE ( )  B_SPLINE_CURVE ( 2, ( #204, #3173, #3185, #1360, #1673, #3731, #1981 ),
 .UNSPECIFIED., .F., .T. ) 
 B_SPLINE_CURVE_WITH_KNOTS ( ( 3, 2, 2, 3 ),
 ( 0.5588235294117647200, 0.5686274509803921400, 0.5784313725490196600, 0.5882352941176470800 ),
 .UNSPECIFIED. ) 
 CURVE ( )  GEOMETRIC_REPRESENTATION_ITEM ( )  RATIONAL_B_SPLINE_CURVE ( ( 1.000000000000000000, 0.8660254037844387100, 1.000000000000000000, 0.8660254037844387100, 1.000000000000000000, 0.8660254037844387100, 1.000000000000000000 ) ) 
 REPRESENTATION_ITEM ( '' )  );
#440 = CARTESIAN_POINT ( 'NONE',  ( 1.763300807568877000, -3.239131034884752100E-016, -3.109374999999980500 ) ) ;
#441 = EDGE_LOOP ( 'NONE', ( #584, #716, #1075, #3268 ) ) ;
#442 = CARTESIAN_POINT ( 'NONE',  ( -1.439254484199189600E-016, -1.175240473580835500, -0.4375000000000003900 ) ) ;
#443 = CARTESIAN_POINT ( 'NONE',  ( -0.6785254037844384900, 1.175240473580835700, -5.708333333333333000 ) ) ;
#444 = CARTESIAN_POINT ( 'NONE',  ( -1.439254484199189600E-016, -1.175240473580835500, -5.437500000000000000 ) ) ;
#445 = CARTESIAN_POINT ( 'NONE',  ( -1.836970198721030900E-016, -1.500000000000000900, -0.2499999999999819000 ) ) ;
#446 = VERTEX_POINT ( 'NONE', #659 ) ;
#447 = EDGE_CURVE ( 'NONE', #3432, #1378, #3531, .T. ) ;
#448 = APPROVAL_PERSON_ORGANIZATION ( #914, #2286, #228 ) ;
#449 = DIRECTION ( 'NONE',  ( -0.0000000000000000000, 1.178500973792491200E-056, -1.000000000000000000 ) ) ;
#450 = ORIENTED_EDGE ( 'NONE', *, *, #1843, .T. ) ;
#451 = CARTESIAN_POINT ( 'NONE',  ( -1.017788105676658000, 0.5876202367904178600, -3.104166666666666500 ) ) ;
#452 = CARTESIAN_POINT ( 'NONE',  ( -0.1769225575413633000, -1.459989138569501400, 2.326899718380799300 ) ) ;
#453 = CARTESIAN_POINT ( 'NONE',  ( -1.322475605676657800, 0.7635316469341318900, -1.869791666666689600 ) ) ;
#454 = CARTESIAN_POINT ( 'NONE',  ( 1.017788105676658200, 0.5876202367904168600, -1.770833333333333500 ) ) ;
#455 = ORIENTED_EDGE ( 'NONE', *, *, #232, .F. ) ;
#456 = CARTESIAN_POINT ( 'NONE',  ( -1.299038105676658700, 0.7500000000000005600, 0.6458333333333118300 ) ) ;
#457 = CARTESIAN_POINT ( 'NONE',  ( -0.6785254037844389300, -1.175240473580835500, 2.020833333333332600 ) ) ;
#458 = CARTESIAN_POINT ( 'NONE',  ( -1.017788105676658000, 0.5876202367904178600, -5.666666666666666100 ) ) ;
#459 = ORIENTED_EDGE ( 'NONE', *, *, #657, .T. ) ;
#460 = CARTESIAN_POINT ( 'NONE',  ( 0.6785254037844393700, 1.175240473580835300, 2.770833333333333500 ) ) ;
#461 = ORIENTED_EDGE ( 'NONE', *, *, #2926, .T. ) ;
#462 = CARTESIAN_POINT ( 'NONE',  ( 0.0000000000000000000, 1.500000000000000900, -3.499999999999981300 ) ) ;
#463 = CARTESIAN_POINT ( 'NONE',  ( -0.6785254037844383700, 1.175240473580835500, -4.645833333333333000 ) ) ;
#464 = CARTESIAN_POINT ( 'NONE',  ( 1.763300807568877000, -3.239131034884752100E-016, -1.578125000000023100 ) ) ;
#465 = CARTESIAN_POINT ( 'NONE',  ( -1.439254484199189600E-016, -1.175240473580835500, -3.437500000000000000 ) ) ;
#466 = CARTESIAN_POINT ( 'NONE',  ( -0.7364247641451126000, -1.018200637156976700, 5.198642010119640700 ) ) ;
#467 = CARTESIAN_POINT ( 'NONE',  ( -0.8660254037844448100, 1.499999999999990700, -2.958333333333313100 ) ) ;
#468 = CARTESIAN_POINT ( 'NONE',  ( 0.6785254037844393700, 1.175240473580835300, 1.270833333333333000 ) ) ;
#469 = CARTESIAN_POINT ( 'NONE',  ( 1.017788105676658200, 0.5876202367904168600, -5.333333333333333000 ) ) ;
#470 = CARTESIAN_POINT ( 'NONE',  ( -1.017788105676658000, 0.5876202367904178600, 2.395833333333333000 ) ) ;
#471 = CARTESIAN_POINT ( 'NONE',  ( 0.0000000000000000000, 1.500000000000000900, -0.9999999999999815700 ) ) ;
#472 = CARTESIAN_POINT ( 'NONE',  ( 1.299038105676659300, 0.7499999999999993300, -2.583333333333315300 ) ) ;
#473 = CARTESIAN_POINT ( 'NONE',  ( 0.6785254037844382600, -1.175240473580835500, -1.895833333333333500 ) ) ;
#474 = AXIS2_PLACEMENT_3D ( 'NONE', #1920, #1337, #3640 ) ;
#475 = CARTESIAN_POINT ( 'NONE',  ( 1.322475605676658400, 0.7635316469341306700, -1.036458333333356100 ) ) ;
#476 = CARTESIAN_POINT ( 'NONE',  ( 0.6785254037844382600, -1.175240473580835700, -2.895833333333333500 ) ) ;
#477 = CARTESIAN_POINT ( 'NONE',  ( -0.8660254037844448100, 1.499999999999990700, -4.458333333333314400 ) ) ;
#478 = CARTESIAN_POINT ( 'NONE',  ( 1.299038105676658400, -0.7500000000000011100, -4.666666666666648300 ) ) ;
#479 = CARTESIAN_POINT ( 'NONE',  ( 0.0000000000000000000, 1.175240473580835500, 0.8124999999999998900 ) ) ;
#480 = CARTESIAN_POINT ( 'NONE',  ( -1.836970198721030900E-016, -1.500000000000000900, 1.250000000000018400 ) ) ;
#481 = AXIS2_PLACEMENT_3D ( 'NONE', #3287, #1830, #1527 ) ;
#482 = LINE ( 'NONE', #3180, #297 ) ;
#483 = CARTESIAN_POINT ( 'NONE',  ( -1.017788105676658000, 0.5876202367904178600, -0.1666666666666665200 ) ) ;
#484 = DIRECTION ( 'NONE',  ( -0.0000000000000000000, 1.178500973792491200E-056, -1.000000000000000000 ) ) ;
#485 = CARTESIAN_POINT ( 'NONE',  ( -1.732050807568878500, 1.060575238724907400E-016, 0.1874999999999778500 ) ) ;
#486 = CARTESIAN_POINT ( 'NONE',  ( 0.8660254037844400400, 1.500000000000000700, -2.541666666666647900 ) ) ;
#487 = CARTESIAN_POINT ( 'NONE',  ( -1.836970198721030900E-016, -1.500000000000000900, -3.749999999999981800 ) ) ;
#488 = CARTESIAN_POINT ( 'NONE',  ( -1.439254484199189600E-016, -1.175240473580835500, -0.4375000000000003900 ) ) ;
#489 = SECURITY_CLASSIFICATION_LEVEL ( 'unclassified' ) ;
#490 = CARTESIAN_POINT ( 'NONE',  ( -0.8816504037844382600, 1.527063293868263300, 0.08854166666664389800 ) ) ;
#491 = CARTESIAN_POINT ( 'NONE',  ( -1.439254484199189600E-016, -1.175240473580835500, -2.937500000000000000 ) ) ;
#492 = VERTEX_POINT ( 'NONE', #1818 ) ;
#493 = EDGE_CURVE ( 'NONE', #2222, #361, #3313, .T. ) ;
#494 = CARTESIAN_POINT ( 'NONE',  ( -1.836970198721030900E-016, -1.500000000000000900, -0.7499999999999814600 ) ) ;
#495 = CARTESIAN_POINT ( 'NONE',  ( -1.439254484199189600E-016, -1.175240473580835500, 1.562499999999999600 ) ) ;
#496 = CARTESIAN_POINT ( 'NONE',  ( 1.357050807568877200, -2.492861891654333800E-016, -3.375000000000000000 ) ) ;
#497 = ORIENTED_EDGE ( 'NONE', *, *, #3238, .F. ) ;
#498 = CARTESIAN_POINT ( 'NONE',  ( 0.6785254037844392600, 1.175240473580835100, -0.7916666666666670700 ) ) ;
#499 = LOCAL_TIME ( 8, 29, 13.00000000000000000, #1517 ) ;
#500 = DIRECTION ( 'NONE',  ( -0.0000000000000000000, 1.178500973792491200E-056, -1.000000000000000000 ) ) ;
#501 = ORIENTED_EDGE ( 'NONE', *, *, #610, .F. ) ;
#502 = ADVANCED_FACE ( 'NONE', ( #819 ), #3458, .T. ) ;
#503 = AXIS2_PLACEMENT_3D ( 'NONE', #3605, #1256, #683 ) ;
#504 = CARTESIAN_POINT ( 'NONE',  ( -1.299038105676658700, -0.7500000000000001100, -3.770833333333355200 ) ) ;
#505 = CONICAL_SURFACE ( 'NONE', #1454, 2.600000000000000100, 0.7853981633974453900 ) ;
#506 = CARTESIAN_POINT ( 'NONE',  ( -1.017788105676658200, -0.5876202367904175300, -1.020833333333333700 ) ) ;
#507 = ORIENTED_EDGE ( 'NONE', *, *, #2987, .F. ) ;
#508 = CARTESIAN_POINT ( 'NONE',  ( -0.8816504037844389300, -1.527063293868263100, 1.255208333333310600 ) ) ;
#509 = CARTESIAN_POINT ( 'NONE',  ( -0.6785254037844389300, -1.175240473580835500, -1.479166666666666700 ) ) ;
#510 = LINE ( 'NONE', #2174, #321 ) ;
#511 = AXIS2_PLACEMENT_3D ( 'NONE', #2387, #934, #56 ) ;
#512 = DIRECTION ( 'NONE',  ( 0.0000000000000000000, 1.000000000000000000, 0.0000000000000000000 ) ) ;
#513 = ORIENTED_EDGE ( 'NONE', *, *, #1125, .F. ) ;
#514 = CARTESIAN_POINT ( 'NONE',  ( 1.357050807568877200, -2.492861891654333800E-016, 0.1875000000000001900 ) ) ;
#515 = CARTESIAN_POINT ( 'NONE',  ( -0.6785254037844384900, 1.175240473580835700, -2.208333333333333500 ) ) ;
#516 = CARTESIAN_POINT ( 'NONE',  ( -0.8816504037844382600, 1.527063293868263300, -4.442708333333314400 ) ) ;
#517 = CARTESIAN_POINT ( 'NONE',  ( -0.6785254037844389300, -1.175240473580835300, 0.4583333333333332000 ) ) ;
#518 = CARTESIAN_POINT ( 'NONE',  ( -1.439254484199189600E-016, -1.175240473580835500, 0.5624999999999996700 ) ) ;
#519 = CARTESIAN_POINT ( 'NONE',  ( -1.836970198721030900E-016, -1.500000000000000900, 0.3124999999999779600 ) ) ;
#520 = CARTESIAN_POINT ( 'NONE',  ( 0.1094472602488748700, -1.337241637125295100, -5.337998836456156600 ) ) ;
#521 = B_SPLINE_CURVE_WITH_KNOTS ( 'NONE', 3,
 ( #2654, #1743, #2944, #534, #3226, #1773 ),
 .UNSPECIFIED., .F., .F.,
 ( 4, 2, 4 ),
 ( 0.004964432020857171400, 0.005631479194613396600, 0.006298526368369621700 ),
 .UNSPECIFIED. ) ;
#522 = CARTESIAN_POINT ( 'NONE',  ( -0.6785254037844389300, -1.175240473580835300, 0.02083333333333363700 ) ) ;
#523 = APPROVAL_ROLE ( '' ) ;
#524 = CARTESIAN_POINT ( 'NONE',  ( -1.322475605676657800, 0.7635316469341318900, 1.130208333333310400 ) ) ;
#525 = CARTESIAN_POINT ( 'NONE',  ( -1.299038105676658700, -0.7500000000000001100, -3.833333333333314400 ) ) ;
#526 = ADVANCED_FACE ( 'NONE', ( #3732 ), #167, .T. ) ;
#527 = CARTESIAN_POINT ( 'NONE',  ( 0.0000000000000000000, 1.500000000000000900, -4.499999999999981300 ) ) ;
#528 = CARTESIAN_POINT ( 'NONE',  ( 0.6785254037844382600, -1.175240473580835700, -4.958333333333333900 ) ) ;
#529 = CARTESIAN_POINT ( 'NONE',  ( -1.357050807568877200, 8.309539638847781400E-017, -2.625000000000000000 ) ) ;
#530 = CARTESIAN_POINT ( 'NONE',  ( -0.8816504037844389300, -1.527063293868263100, -3.276041666666647000 ) ) ;
#531 = LINE ( 'NONE', #925, #2798 ) ;
#532 = EDGE_CURVE ( 'NONE', #1763, #842, #767, .T. ) ;
#533 = CARTESIAN_POINT ( 'NONE',  ( 0.6785254037844382600, -1.175240473580835500, -1.458333333333333300 ) ) ;
#534 = CARTESIAN_POINT ( 'NONE',  ( 0.8111586062014317600, 0.9123518281211587800, 2.176950773438785200 ) ) ;
#535 = CARTESIAN_POINT ( 'NONE',  ( 0.8660254037844498100, -1.499999999999981300, -2.708333333333313900 ) ) ;
#536 = CARTESIAN_POINT ( 'NONE',  ( -1.017788105676658000, 0.5876202367904178600, -2.104166666666666500 ) ) ;
#537 = CYLINDRICAL_SURFACE ( 'NONE', #1104, 1.500000000000000900 ) ;
#538 = CARTESIAN_POINT ( 'NONE',  ( 1.017788105676657800, -0.5876202367904183000, -4.916666666666666100 ) ) ;
#539 = CARTESIAN_POINT ( 'NONE',  ( -1.017788105676658000, 0.5876202367904178600, -1.666666666666667000 ) ) ;
#540 = CARTESIAN_POINT ( 'NONE',  ( 1.322475605676657300, -0.7635316469341323400, -4.151041666666647400 ) ) ;
#541 = CARTESIAN_POINT ( 'NONE',  ( 1.017788105676658200, 0.5876202367904168600, -0.3333333333333330400 ) ) ;
#542 = DIRECTION ( 'NONE',  ( -0.0000000000000000000, 1.178500973792491200E-056, -1.000000000000000000 ) ) ;
#543 = ORIENTED_EDGE ( 'NONE', *, *, #2926, .F. ) ;
#544 = DIRECTION ( 'NONE',  ( -1.000000000000000000, -1.502314598737160000E-016, 0.0000000000000000000 ) ) ;
#545 = ORIENTED_EDGE ( 'NONE', *, *, #2655, .F. ) ;
#546 = PRODUCT ( '91290A113_Alloy Steel Socket Head Screw', '91290A113_Alloy Steel Socket Head Screw', '', ( #1369 ) ) ;
#547 = ORIENTED_EDGE ( 'NONE', *, *, #2480, .T. ) ;
#548 = EDGE_CURVE ( 'NONE', #1239, #1442, #3017, .T. ) ;
#549 = CARTESIAN_POINT ( 'NONE',  ( 0.8660254037844342700, 1.500000000000010700, -3.041666666666647000 ) ) ;
#550 = CARTESIAN_POINT ( 'NONE',  ( 0.6785254037844393700, 1.175240473580835300, -4.291666666666667000 ) ) ;
#551 = CARTESIAN_POINT ( 'NONE',  ( -1.357050807568877200, 8.309539638847781400E-017, -1.624999999999999800 ) ) ;
#552 = VECTOR ( 'NONE', #1937, 1000.000000000000000 ) ;
#553 = CARTESIAN_POINT ( 'NONE',  ( 1.322475605676658400, 0.7635316469341306700, -4.067708333333313500 ) ) ;
#554 = VERTEX_POINT ( 'NONE', #709 ) ;
#555 = CARTESIAN_POINT ( 'NONE',  ( -1.439254484199189600E-016, -1.175240473580835500, 1.000000000000000000 ) ) ;
#556 = CARTESIAN_POINT ( 'NONE',  ( 0.8660254037844443700, -1.499999999999991300, -2.208333333333313900 ) ) ;
#557 = ORIENTED_EDGE ( 'NONE', *, *, #3745, .T. ) ;
#558 = CARTESIAN_POINT ( 'NONE',  ( -3.274958559820810500E-012, -1.323117061316950900, -5.352123412263880600 ) ) ;
#559 = VERTEX_POINT ( 'NONE', #418 ) ;
#560 = CARTESIAN_POINT ( 'NONE',  ( 0.8660254037844400400, 1.500000000000000700, 1.520833333333311700 ) ) ;
#561 = ADVANCED_FACE ( 'NONE', ( #575 ), #2162, .T. ) ;
#562 = CARTESIAN_POINT ( 'NONE',  ( 1.299038105676658400, -0.7500000000000011100, -0.1041666666666888200 ) ) ;
#563 = CARTESIAN_POINT ( 'NONE',  ( 1.017788105676657800, -0.5876202367904183000, -4.416666666666667000 ) ) ;
#564 = CARTESIAN_POINT ( 'NONE',  ( -1.439254484199189600E-016, -1.175240473580835500, -1.000000000000000000 ) ) ;
#565 = CARTESIAN_POINT ( 'NONE',  ( 1.322475605676658400, 0.7635316469341306700, -1.067708333333313700 ) ) ;
#566 = CARTESIAN_POINT ( 'NONE',  ( -0.6785254037844389300, -1.175240473580835300, 1.458333333333333300 ) ) ;
#567 = CARTESIAN_POINT ( 'NONE',  ( -1.299038105676658700, 0.7500000000000005600, -2.354166666666688300 ) ) ;
#568 = CARTESIAN_POINT ( 'NONE',  ( -3.274958559820810500E-012, -1.323117061316950900, -5.352123412263880600 ) ) ;
#569 = EDGE_CURVE ( 'NONE', #238, #2126, #867, .T. ) ;
#570 = CARTESIAN_POINT ( 'NONE',  ( -1.017788105676658200, -0.5876202367904175300, -5.583333333333333000 ) ) ;
#571 = CARTESIAN_POINT ( 'NONE',  ( -1.357050807568877200, 8.309539638847781400E-017, 0.8749999999999998900 ) ) ;
#572 = CARTESIAN_POINT ( 'NONE',  ( 0.8816504037844392600, 1.527063293868263100, -2.026041666666647400 ) ) ;
#573 = VECTOR ( 'NONE', #3370, 1000.000000000000000 ) ;
#574 = CARTESIAN_POINT ( 'NONE',  ( 0.8616491584828152000, -1.179052947606506800, -5.231492511271178500 ) ) ;
#575 = FACE_OUTER_BOUND ( 'NONE', #1952, .T. ) ;
#576 = CARTESIAN_POINT ( 'NONE',  ( -1.732050807568878500, 1.060575238724907400E-016, -3.312500000000021800 ) ) ;
#577 = CARTESIAN_POINT ( 'NONE',  ( 1.017788105676658200, 0.5876202367904168600, -0.8333333333333334800 ) ) ;
#578 = CARTESIAN_POINT ( 'NONE',  ( -1.439254484199189600E-016, -1.175240473580835500, 0.4999999999999995600 ) ) ;
#579 = ORIENTED_EDGE ( 'NONE', *, *, #2836, .T. ) ;
#580 = CARTESIAN_POINT ( 'NONE',  ( 0.0000000000000000000, 1.527063293868263300, -2.984374999999980500 ) ) ;
#581 = CARTESIAN_POINT ( 'NONE',  ( -0.6785254037844383700, 1.175240473580835500, 1.291666666666666700 ) ) ;
#582 = CARTESIAN_POINT ( 'NONE',  ( 0.0000000000000000000, 3.358727775308597400E-056, 2.650000000000001200 ) ) ;
#583 =( BOUNDED_CURVE ( )  B_SPLINE_CURVE ( 2, ( #3206, #879, #2913, #2341, #1723, #556, #3541 ),
 .UNSPECIFIED., .F., .T. ) 
 B_SPLINE_CURVE_WITH_KNOTS ( ( 3, 2, 2, 3 ),
 ( 0.5882352941176469700, 0.5980392156862743800, 0.6078431372549019100, 0.6176470588235293300 ),
 .UNSPECIFIED. ) 
 CURVE ( )  GEOMETRIC_REPRESENTATION_ITEM ( )  RATIONAL_B_SPLINE_CURVE ( ( 1.000000000000001600, 0.8660254037844371500, 1.000000000000000000, 0.8660254037844387100, 1.000000000000000000, 0.8660254037844402600, 0.9999999999999984500 ) ) 
 REPRESENTATION_ITEM ( '' )  );
#584 = ORIENTED_EDGE ( 'NONE', *, *, #344, .F. ) ;
#585 = EDGE_CURVE ( 'NONE', #2220, #1145, #2583, .T. ) ;
#586 = EDGE_LOOP ( 'NONE', ( #1169, #3317, #86, #1736 ) ) ;
#587 = CARTESIAN_POINT ( 'NONE',  ( 1.121107958840559700, -0.3525721420742978800, 2.162499999999996500 ) ) ;
#588 = CARTESIAN_POINT ( 'NONE',  ( 0.0000000000000000000, 1.296351071171740300E-055, -5.500000000000000000 ) ) ;
#589 = DIRECTION ( 'NONE',  ( -0.0000000000000000000, 1.178500973792491200E-056, -1.000000000000000000 ) ) ;
#590 = EDGE_LOOP ( 'NONE', ( #1854, #1117, #285, #3000 ) ) ;
#591 = CARTESIAN_POINT ( 'NONE',  ( 0.6785254037844382600, -1.175240473580835700, -1.458333333333333300 ) ) ;
#592 = CARTESIAN_POINT ( 'NONE',  ( -1.017788105676658200, -0.5876202367904175300, -0.5833333333333332600 ) ) ;
#593 = CARTESIAN_POINT ( 'NONE',  ( -0.8816504037844389300, -1.527063293868263100, -0.7760416666666470900 ) ) ;
#594 = FACE_OUTER_BOUND ( 'NONE', #2320, .T. ) ;
#595 = EDGE_LOOP ( 'NONE', ( #2818, #2646, #1482, #1996, #3610, #2279 ) ) ;
#596 = CARTESIAN_POINT ( 'NONE',  ( -0.8660254037844391500, 1.500000000000000700, -1.395833333333354600 ) ) ;
#597 = CARTESIAN_POINT ( 'NONE',  ( -1.070362740504780400, 0.8742104013332260300, -5.296314430106422200 ) ) ;
#598 = AXIS2_PLACEMENT_3D ( 'NONE', #2854, #2793, #3690 ) ;
#599 = CARTESIAN_POINT ( 'NONE',  ( -1.836970198721030900E-016, -1.500000000000000900, 1.312499999999978000 ) ) ;
#600 = CARTESIAN_POINT ( 'NONE',  ( -1.357050807568877200, 8.309539638847781400E-017, 1.937500000000000000 ) ) ;
#601 = CARTESIAN_POINT ( 'NONE',  ( -1.017788105676658200, -0.5876202367904175300, -5.083333333333333000 ) ) ;
#602 = CARTESIAN_POINT ( 'NONE',  ( -1.017788105676658000, 0.5876202367904178600, -2.666666666666666500 ) ) ;
#603 = CARTESIAN_POINT ( 'NONE',  ( 0.0000000000000000000, 1.175240473580835500, 0.7499999999999997800 ) ) ;
#604 =( BOUNDED_CURVE ( )  B_SPLINE_CURVE ( 2, ( #351, #2425, #2149, #2747, #2821, #3404, #3706 ),
 .UNSPECIFIED., .F., .T. ) 
 B_SPLINE_CURVE_WITH_KNOTS ( ( 3, 2, 2, 3 ),
 ( 0.1176470588235293000, 0.1274509803921567200, 0.1372549019607841600, 0.1470588235294116900 ),
 .UNSPECIFIED. ) 
 CURVE ( )  GEOMETRIC_REPRESENTATION_ITEM ( )  RATIONAL_B_SPLINE_CURVE ( ( 1.000000000000002000, 0.8660254037844368200, 1.000000000000000000, 0.8660254037844387100, 1.000000000000000000, 0.8660254037844402600, 0.9999999999999984500 ) ) 
 REPRESENTATION_ITEM ( '' )  );
#605 = CARTESIAN_POINT ( 'NONE',  ( -1.870113174931182600E-016, -1.527063293868263300, -1.734374999999980700 ) ) ;
#606 = CARTESIAN_POINT ( 'NONE',  ( -0.8660254037844448100, 1.499999999999990700, -1.958333333333314200 ) ) ;
#607 = CARTESIAN_POINT ( 'NONE',  ( -1.059242689020385400, -0.9952887622699060400, -5.224706723958787400 ) ) ;
#608 = CARTESIAN_POINT ( 'NONE',  ( 1.322475605676657300, -0.7635316469341323400, 2.380208333333310400 ) ) ;
#609 = CARTESIAN_POINT ( 'NONE',  ( 1.357050807568877200, -2.492861891654333800E-016, -0.8124999999999998900 ) ) ;
#610 = EDGE_CURVE ( 'NONE', #620, #3707, #3633, .T. ) ;
#611 = DIRECTION ( 'NONE',  ( 0.0000000000000000000, 1.000000000000000000, 0.0000000000000000000 ) ) ;
#612 = CARTESIAN_POINT ( 'NONE',  ( 1.299038105676659300, 0.7499999999999993300, -3.083333333333314800 ) ) ;
#613 = CARTESIAN_POINT ( 'NONE',  ( 0.6785254037844382600, -1.175240473580835700, -1.958333333333333300 ) ) ;
#614 = CARTESIAN_POINT ( 'NONE',  ( 1.017788105676657800, -0.5876202367904183000, 2.583333333333333500 ) ) ;
#615 = CARTESIAN_POINT ( 'NONE',  ( 0.8816504037844392600, 1.527063293868263100, 1.473958333333352400 ) ) ;
#616 = CARTESIAN_POINT ( 'NONE',  ( -1.836970198721030900E-016, -1.500000000000000900, -1.749999999999981600 ) ) ;
#617 = CARTESIAN_POINT ( 'NONE',  ( -1.232026448779560200, 0.6468837417060283600, -5.286792306851039800 ) ) ;
#618 = VECTOR ( 'NONE', #3178, 1000.000000000000000 ) ;
#619 = CARTESIAN_POINT ( 'NONE',  ( 0.8816504037844380400, -1.527063293868264000, 1.838541666666643600 ) ) ;
#620 = VERTEX_POINT ( 'NONE', #1876 ) ;
#621 = CARTESIAN_POINT ( 'NONE',  ( 1.017788105676657800, -0.5876202367904183000, -0.3541666666666666900 ) ) ;
#622 = CC_DESIGN_SECURITY_CLASSIFICATION ( #1033, ( #1693 ) ) ;
#623 = CARTESIAN_POINT ( 'NONE',  ( 0.6785254037844382600, -1.175240473580835500, 1.104166666666666500 ) ) ;
#624 = EDGE_LOOP ( 'NONE', ( #3236, #2309, #1778 ) ) ;
#625 = CARTESIAN_POINT ( 'NONE',  ( -1.732050807568878500, 1.060575238724907400E-016, -2.812500000000022600 ) ) ;
#626 = CARTESIAN_POINT ( 'NONE',  ( 0.0000000000000000000, 1.175240473580835500, 1.812499999999999800 ) ) ;
#627 = CARTESIAN_POINT ( 'NONE',  ( 1.017788105676657800, -0.5876202367904183000, -4.916666666666666100 ) ) ;
#628 = CARTESIAN_POINT ( 'NONE',  ( 1.017788105676658200, 0.5876202367904168600, -1.333333333333333000 ) ) ;
#629 = CARTESIAN_POINT ( 'NONE',  ( -0.8816504037844382600, 1.527063293868263300, -5.911458333333356100 ) ) ;
#630 = CARTESIAN_POINT ( 'NONE',  ( 0.8816504037844392600, 1.527063293868263100, 0.4739583333333522400 ) ) ;
#631 =( BOUNDED_CURVE ( )  B_SPLINE_CURVE ( 2, ( #519, #2600, #3179, #3443, #806, #1972, #2275 ),
 .UNSPECIFIED., .F., .T. ) 
 B_SPLINE_CURVE_WITH_KNOTS ( ( 3, 2, 2, 3 ),
 ( 0.7352941176470586500, 0.7450980392156861800, 0.7549019607843136000, 0.7647058823529411200 ),
 .UNSPECIFIED. ) 
 CURVE ( )  GEOMETRIC_REPRESENTATION_ITEM ( )  RATIONAL_B_SPLINE_CURVE ( ( 1.000000000000003100, 0.8660254037844357100, 1.000000000000000000, 0.8660254037844387100, 1.000000000000000000, 0.8660254037844387100, 1.000000000000000000 ) ) 
 REPRESENTATION_ITEM ( '' )  );
#632 = EDGE_LOOP ( 'NONE', ( #928, #3250, #2038, #1894 ) ) ;
#633 = CARTESIAN_POINT ( 'NONE',  ( -1.836970198721030900E-016, -1.500000000000000900, -1.687500000000022200 ) ) ;
#634 = FACE_OUTER_BOUND ( 'NONE', #3064, .T. ) ;
#635 = VERTEX_POINT ( 'NONE', #2467 ) ;
#636 = LINE ( 'NONE', #41, #2725 ) ;
#637 = CARTESIAN_POINT ( 'NONE',  ( -1.732050807568878500, 1.060575238724907400E-016, 0.6250000000000179900 ) ) ;
#638 = VERTEX_POINT ( 'NONE', #3381 ) ;
#639 = CARTESIAN_POINT ( 'NONE',  ( -1.836970198721030900E-016, -1.500000000000000900, -0.2499999999999819000 ) ) ;
#640 = CARTESIAN_POINT ( 'NONE',  ( 1.017788105676658200, 0.5876202367904168600, -5.333333333333333000 ) ) ;
#641 = EDGE_CURVE ( 'NONE', #3154, #918, #2338, .T. ) ;
#642 = ORIENTED_EDGE ( 'NONE', *, *, #2093, .T. ) ;
#643 = CARTESIAN_POINT ( 'NONE',  ( -1.357050807568877200, 8.309539638847781400E-017, -0.6249999999999997800 ) ) ;
#644 = CARTESIAN_POINT ( 'NONE',  ( 0.6785254037844382600, -1.175240473580835700, 1.541666666666667000 ) ) ;
#645 = CARTESIAN_POINT ( 'NONE',  ( 0.0000000000000000000, 1.527063293868263300, 2.015625000000019100 ) ) ;
#646 = CARTESIAN_POINT ( 'NONE',  ( -1.249999999999999600, 0.2504277741562460600, 5.217920748920272800 ) ) ;
#647 = CARTESIAN_POINT ( 'NONE',  ( 0.0000000000000000000, 1.500000000000000900, -5.500000000000000000 ) ) ;
#648 = CARTESIAN_POINT ( 'NONE',  ( -0.8660254037844336000, -1.500000000000010700, -4.791666666666647400 ) ) ;
#649 = CARTESIAN_POINT ( 'NONE',  ( -0.8660254037844391500, 1.500000000000000700, 1.604166666666644500 ) ) ;
#650 = CARTESIAN_POINT ( 'NONE',  ( -0.6785254037844383700, 1.175240473580835500, 0.8541666666666663000 ) ) ;
#651 = CARTESIAN_POINT ( 'NONE',  ( 1.299038105676659300, 0.7499999999999993300, -3.020833333333354800 ) ) ;
#652 = CARTESIAN_POINT ( 'NONE',  ( -1.017788105676658000, 0.5876202367904178600, -4.166666666666667000 ) ) ;
#653 = CIRCLE ( 'NONE', #3197, 1.551628848447119000 ) ;
#654 = CARTESIAN_POINT ( 'NONE',  ( -0.6785254037844389300, -1.175240473580835500, 0.4583333333333332000 ) ) ;
#655 = CARTESIAN_POINT ( 'NONE',  ( -0.8816504037844389300, -1.527063293868263100, -5.244791666666689200 ) ) ;
#656 = CARTESIAN_POINT ( 'NONE',  ( 0.0000000000000000000, 1.527063293868263300, 0.01562500000001909600 ) ) ;
#657 = EDGE_CURVE ( 'NONE', #1432, #1394, #1886, .T. ) ;
#658 = DIRECTION ( 'NONE',  ( -0.0000000000000000000, 1.178500973792491200E-056, -1.000000000000000000 ) ) ;
#659 = CARTESIAN_POINT ( 'NONE',  ( 0.0000000000000000000, 2.750000000000000000, 5.350000000000000500 ) ) ;
#660 = CARTESIAN_POINT ( 'NONE',  ( 1.299038105676658400, -0.7500000000000011100, -4.604166666666688300 ) ) ;
#661 = CARTESIAN_POINT ( 'NONE',  ( 1.357050807568877200, -2.492861891654333800E-016, 0.1875000000000001900 ) ) ;
#662 = CARTESIAN_POINT ( 'NONE',  ( 1.732050807568878500, -3.181725716174723000E-016, -3.062500000000020900 ) ) ;
#663 = CARTESIAN_POINT ( 'NONE',  ( 0.0000000000000000000, 1.175240473580835500, -3.250000000000000000 ) ) ;
#664 = CARTESIAN_POINT ( 'NONE',  ( -0.6785254037844389300, -1.175240473580835500, 1.458333333333333300 ) ) ;
#665 = CARTESIAN_POINT ( 'NONE',  ( -1.763300807568877000, 1.079710344961584000E-016, -3.328125000000023100 ) ) ;
#666 = ORIENTED_EDGE ( 'NONE', *, *, #259, .T. ) ;
#667 = CARTESIAN_POINT ( 'NONE',  ( -0.8816504037844389300, -1.527063293868263100, 2.223958333333352100 ) ) ;
#668 = CARTESIAN_POINT ( 'NONE',  ( 0.0000000000000000000, 1.500000000000000900, 2.062499999999978200 ) ) ;
#669 = VERTEX_POINT ( 'NONE', #3089 ) ;
#670 = CARTESIAN_POINT ( 'NONE',  ( -1.017788105676658200, -0.5876202367904175300, 1.479166666666666700 ) ) ;
#671 = ORIENTED_EDGE ( 'NONE', *, *, #2295, .T. ) ;
#672 = CARTESIAN_POINT ( 'NONE',  ( 1.357050807568877200, -2.492861891654333800E-016, -4.812500000000000000 ) ) ;
#673 = CARTESIAN_POINT ( 'NONE',  ( -1.017788105676658200, -0.5876202367904175300, -2.583333333333333500 ) ) ;
#674 = VERTEX_POINT ( 'NONE', #3069 ) ;
#675 = CARTESIAN_POINT ( 'NONE',  ( -1.357050807568877200, 8.309539638847781400E-017, 1.374999999999999600 ) ) ;
#676 = CARTESIAN_POINT ( 'NONE',  ( -1.763300807568877000, 1.079710344961584000E-016, -2.828125000000023100 ) ) ;
#677 = CARTESIAN_POINT ( 'NONE',  ( 0.0000000000000000000, 1.527063293868263300, 2.515625000000019500 ) ) ;
#678 = LINE ( 'NONE', #2731, #2089 ) ;
#679 = ORIENTED_EDGE ( 'NONE', *, *, #3663, .F. ) ;
#680 = CARTESIAN_POINT ( 'NONE',  ( 1.204193495294828600, -0.8943813649051658400, -5.175240473580831900 ) ) ;
#681 = PLANE ( 'NONE',  #1685 ) ;
#682 = CARTESIAN_POINT ( 'NONE',  ( -0.6785254037844389300, -1.175240473580835500, -1.479166666666666700 ) ) ;
#683 = DIRECTION ( 'NONE',  ( 0.0000000000000000000, 1.000000000000000000, 0.0000000000000000000 ) ) ;
#684 = LINE ( 'NONE', #2577, #2730 ) ;
#685 = EDGE_CURVE ( 'NONE', #2389, #1432, #1651, .T. ) ;
#686 = EDGE_LOOP ( 'NONE', ( #3104, #722, #924, #513 ) ) ;
#687 = CARTESIAN_POINT ( 'NONE',  ( -1.017788105676658000, 0.5876202367904178600, -0.1041666666666664600 ) ) ;
#688 = CARTESIAN_POINT ( 'NONE',  ( 0.8660254037844370400, 1.500000000000005300, -0.04166666666664784600 ) ) ;
#689 = CARTESIAN_POINT ( 'NONE',  ( 0.6785254037844392600, 1.175240473580835100, 1.270833333333333000 ) ) ;
#690 = CARTESIAN_POINT ( 'NONE',  ( -0.6785254037844389300, -1.175240473580835500, -3.979166666666666100 ) ) ;
#691 = CARTESIAN_POINT ( 'NONE',  ( 1.357050807568877200, -2.492861891654334300E-016, -3.875000000000000000 ) ) ;
#692 = CARTESIAN_POINT ( 'NONE',  ( 1.017788105676657800, -0.5876202367904183000, 1.583333333333333300 ) ) ;
#693 = CARTESIAN_POINT ( 'NONE',  ( 1.763300807568877000, -3.239131034884752100E-016, -4.078125000000023100 ) ) ;
#694 = CARTESIAN_POINT ( 'NONE',  ( 1.017788105676658200, 0.5876202367904168600, -4.270833333333333000 ) ) ;
#695 = CARTESIAN_POINT ( 'NONE',  ( 0.0000000000000000000, 1.296351071171740300E-055, -5.500000000000000000 ) ) ;
#696 = DIRECTION ( 'NONE',  ( -0.0000000000000000000, 1.178500973792491200E-056, -1.000000000000000000 ) ) ;
#697 = DIRECTION ( 'NONE',  ( -0.0000000000000000000, 1.178500973792491200E-056, -1.000000000000000000 ) ) ;
#698 = CARTESIAN_POINT ( 'NONE',  ( -0.6785254037844384900, 1.175240473580835700, -0.6458333333333333700 ) ) ;
#699 =( BOUNDED_SURFACE ( )  B_SPLINE_SURFACE ( 1, 2, ( 
 ( #1116, #3471, #1424, #1708, #845, #1151, #3503, #3526, #2911, #2620, #3802, #1131, #2925, #218, #2609, #815, #2002, #2300, #258, #3203, #3775, #2941, #2028, #1141, #2339, #516, #250, #2595, #3214, #3491, #2017, #2899, #540, #3812, #553, #3224, #3189, #1739, #855, #803, #1437, #1101, #1412, #1449, #3515, #237, #3176, #1398, #1721, #1748, #1757, #147, #2312, #530, #831, #2229, #2039, #440, #2523, #2959, #580, #1207, #2671, #300, #864, #2386, #2660, #889, #3570, #1494, #1470, #2982, #2052, #3248, #3255, #2684, #282, #3579, #1802, #3823, #1194, #2356, #3265, #572, #2099, #23, #2950, #2990, #2085, #315, #605, #1783, #898, #908, #1791, #3277, #1502, #270, #1814, #1183, #3549, #3539, #2345, #3832, #1770, #2652, #565, #2635, #1163, #2379, #1459, #3237, #12, #593, #2369, #2063, #876, #1175, #2075, #292, #2970, #1485, #3559, #3290, #2414, #2745, #2147, #45, #933, #1518, #1237, #3586, #656, #974, #3314, #3336, #2718, #2437, #3623, #945, #2735, #2123, #2423, #630, #1825, #340, #75, #3026, #3600, #3050, #3614, #956, #2157, #2705, #65, #3012, #3037, #3302, #1834, #1222, #364, #3634, #378, #1261, #1532, #1540, #2453, #615, #1846, #2694, #55, #1566, #1253, #2136, #922, #3001, #348, #3325, #33, #2109, #645, #1213, #1552, #329, #1861, #667, #2398, #2773, #415, #1039, #2506, #127, #677, #2225, #2488, #706, #3390, #1315, #1291, #2803, #1873, #3077, #3087, #2521, #105 ),
 ( #3648, #3360, #1592, #145, #2475, #2757, #2791, #737, #984, #1303, #3659, #1579, #2817, #386, #998, #1606, #1901, #93, #2463, #437, #1887, #1636, #1014, #3118, #115, #3379, #1327, #3402, #2171, #3067, #1277, #3348, #2190, #399, #694, #3671, #2202, #1915, #2214, #425, #721, #1029, #3102, #1624, #3687, #1925, #3759, #3129, #3415, #2281, #1669, #3705, #3184, #2251, #465, #2893, #3170, #1978, #172, #3448, #3482, #1939, #203, #1371, #811, #1390, #491, #476, #157, #2835, #3463, #2574, #1652, #3433, #3142, #190, #2850, #2588, #3157, #1688, #2263, #1357, #1050, #3717, #797, #1108, #211, #1407, #2531, #2878, #1701, #2241, #1345, #2563, #454, #1994, #3742, #2545, #1084, #2294, #3729, #509, #1095, #1966, #750, #2867, #780, #1955, #763, #1067, #2934, #1455, #2115, #3354, #1586, #2067, #262, #609, #3019, #1021, #1295, #1509, #1819, #3297, #2724, #1246, #2677, #915, #621, #3592, #1545, #421, #2750, #964, #687, #3094, #3043, #3353, #3341, #1867, #1309, #661, #3057, #1892, #1878, #372, #2739, #713, #82, #1919, #992, #2497, #3639, #3654, #2796, #3384, #1257, #2151, #3330, #3678, #1615, #1558, #3627, #108, #2163, #2197, #406, #98, #2482, #380, #700, #2458, #670, #2784, #2207, #977, #1268, #1005, #2179, #1572, #392, #2469, #1284, #3082, #1599, #1298, #3368, #3664, #1910, #138, #2253, #1659, #1090, #1679, #470, #757, #430, #3111, #3736, #2858, #1932, #3710, #3408, #460, #3124 ) ),
 .UNSPECIFIED., .F., .F., .T. ) 
 B_SPLINE_SURFACE_WITH_KNOTS ( ( 2, 2 ),
 ( 3, 2, 2, 2, 2, 2, 2, 2, 2, 2, 2, 2, 2, 2, 2, 2, 2, 2, 2, 2, 2, 2, 2, 2, 2, 2, 2, 2, 2, 2, 2, 2, 2, 2, 2, 2, 2, 2, 2, 2, 2, 2, 2, 2, 2, 2, 2, 2, 2, 2, 2, 2, 2, 2, 2, 2, 2, 2, 2, 2, 2, 2, 2, 2, 2, 2, 2, 2, 2, 2, 2, 2, 2, 2, 2, 2, 2, 2, 2, 2, 2, 2, 2, 2, 2, 2, 2, 2, 2, 2, 2, 2, 2, 2, 2, 2, 2, 2, 2, 2, 2, 2, 3 ),
 ( 0.0000000000000000000, 1.000000000000000000 ),
 ( 0.0000000000000000000, 0.009803921568627450800, 0.01960784313725490200, 0.02941176470588235300, 0.03921568627450980300, 0.04901960784313725400, 0.05882352941176470500, 0.06862745098039216300, 0.07843137254901960700, 0.08823529411764706500, 0.09803921568627450800, 0.1078431372549019700, 0.1176470588235294100, 0.1274509803921568500, 0.1372549019607843300, 0.1470588235294117700, 0.1568627450980392100, 0.1666666666666666600, 0.1764705882352941300, 0.1862745098039215700, 0.1960784313725490200, 0.2058823529411764600, 0.2156862745098039300, 0.2254901960784313800, 0.2352941176470588200, 0.2450980392156862600, 0.2549019607843137100, 0.2647058823529411800, 0.2745098039215686500, 0.2843137254901960700, 0.2941176470588235400, 0.3039215686274509600, 0.3137254901960784300, 0.3235294117647059000, 0.3333333333333333100, 0.3431372549019607900, 0.3529411764705882600, 0.3627450980392156700, 0.3725490196078431500, 0.3823529411764705600, 0.3921568627450980300, 0.4019607843137255100, 0.4117647058823529200, 0.4215686274509803900, 0.4313725490196078600, 0.4411764705882352800, 0.4509803921568627500, 0.4607843137254901700, 0.4705882352941176400, 0.4803921568627451100, 0.4901960784313725300, 0.5000000000000000000, 0.5098039215686274200, 0.5196078431372549400, 0.5294117647058823600, 0.5392156862745097800, 0.5490196078431373000, 0.5588235294117647200, 0.5686274509803921400, 0.5784313725490196600, 0.5882352941176470800, 0.5980392156862744900, 0.6078431372549019100, 0.6176470588235294400, 0.6274509803921568500, 0.6372549019607842700, 0.6470588235294118000, 0.6568627450980392100, 0.6666666666666666300, 0.6764705882352941600, 0.6862745098039215700, 0.6960784313725489900, 0.7058823529411765200, 0.7156862745098039300, 0.7254901960784313500, 0.7352941176470588800, 0.7450980392156862900, 0.7549019607843137100, 0.7647058823529411200, 0.7745098039215686500, 0.7843137254901960700, 0.7941176470588234800, 0.8039215686274510100, 0.8137254901960784300, 0.8235294117647058400, 0.8333333333333333700, 0.8431372549019607900, 0.8529411764705882000, 0.8627450980392157300, 0.8725490196078431500, 0.8823529411764705600, 0.8921568627450980900, 0.9019607843137255100, 0.9117647058823529200, 0.9215686274509803400, 0.9313725490196078600, 0.9411764705882352800, 0.9509803921568627000, 0.9607843137254902200, 0.9705882352941176400, 0.9803921568627450600, 0.9901960784313725800, 1.000000000000000000 ),
 .UNSPECIFIED. ) 
 GEOMETRIC_REPRESENTATION_ITEM ( )  RATIONAL_B_SPLINE_SURFACE ( (
 ( 1.000000000000000000, 0.8660254037844387100, 1.000000000000000000, 0.8660254037844387100, 1.000000000000000000, 0.8660254037844387100, 1.000000000000000000, 0.8660254037844387100, 1.000000000000000000, 0.8660254037844387100, 1.000000000000000000, 0.8660254037844387100, 1.000000000000000000, 0.8660254037844387100, 1.000000000000000000, 0.8660254037844387100, 1.000000000000000000, 0.8660254037844387100, 1.000000000000000000, 0.8660254037844387100, 1.000000000000000000, 0.8660254037844387100, 1.000000000000000000, 0.8660254037844387100, 1.000000000000000000, 0.8660254037844387100, 1.000000000000000000, 0.8660254037844387100, 1.000000000000000000, 0.8660254037844387100, 1.000000000000000000, 0.8660254037844387100, 1.000000000000000000, 0.8660254037844387100, 1.000000000000000000, 0.8660254037844387100, 1.000000000000000000, 0.8660254037844387100, 1.000000000000000000, 0.8660254037844387100, 1.000000000000000000, 0.8660254037844387100, 1.000000000000000000, 0.8660254037844387100, 1.000000000000000000, 0.8660254037844387100, 1.000000000000000000, 0.8660254037844387100, 1.000000000000000000, 0.8660254037844387100, 1.000000000000000000, 0.8660254037844387100, 1.000000000000000000, 0.8660254037844387100, 1.000000000000000000, 0.8660254037844387100, 1.000000000000000000, 0.8660254037844387100, 1.000000000000000000, 0.8660254037844387100, 1.000000000000000000, 0.8660254037844387100, 1.000000000000000000, 0.8660254037844387100, 1.000000000000000000, 0.8660254037844387100, 1.000000000000000000, 0.8660254037844387100, 1.000000000000000000, 0.8660254037844387100, 1.000000000000000000, 0.8660254037844387100, 1.000000000000000000, 0.8660254037844387100, 1.000000000000000000, 0.8660254037844387100, 1.000000000000000000, 0.8660254037844387100, 1.000000000000000000, 0.8660254037844387100, 1.000000000000000000, 0.8660254037844387100, 1.000000000000000000, 0.8660254037844387100, 1.000000000000000000, 0.8660254037844387100, 1.000000000000000000, 0.8660254037844387100, 1.000000000000000000, 0.8660254037844387100, 1.000000000000000000, 0.8660254037844387100, 1.000000000000000000, 0.8660254037844387100, 1.000000000000000000, 0.8660254037844387100, 1.000000000000000000, 0.8660254037844387100, 1.000000000000000000, 0.8660254037844387100, 1.000000000000000000, 0.8660254037844387100, 1.000000000000000000, 0.8660254037844387100, 1.000000000000000000, 0.8660254037844387100, 1.000000000000000000, 0.8660254037844387100, 1.000000000000000000, 0.8660254037844387100, 1.000000000000000000, 0.8660254037844387100, 1.000000000000000000, 0.8660254037844387100, 1.000000000000000000, 0.8660254037844387100, 1.000000000000000000, 0.8660254037844387100, 1.000000000000000000, 0.8660254037844387100, 1.000000000000000000, 0.8660254037844387100, 1.000000000000000000, 0.8660254037844387100, 1.000000000000000000, 0.8660254037844387100, 1.000000000000000000, 0.8660254037844387100, 1.000000000000000000, 0.8660254037844387100, 1.000000000000000000, 0.8660254037844387100, 1.000000000000000000, 0.8660254037844387100, 1.000000000000000000, 0.8660254037844387100, 1.000000000000000000, 0.8660254037844387100, 1.000000000000000000, 0.8660254037844387100, 1.000000000000000000, 0.8660254037844387100, 1.000000000000000000, 0.8660254037844387100, 1.000000000000000000, 0.8660254037844387100, 1.000000000000000000, 0.8660254037844387100, 1.000000000000000000, 0.8660254037844387100, 1.000000000000000000, 0.8660254037844387100, 1.000000000000000000, 0.8660254037844387100, 1.000000000000000000, 0.8660254037844387100, 1.000000000000000000, 0.8660254037844387100, 1.000000000000000000, 0.8660254037844387100, 1.000000000000000000, 0.8660254037844387100, 1.000000000000000000, 0.8660254037844387100, 1.000000000000000000, 0.8660254037844387100, 1.000000000000000000, 0.8660254037844387100, 1.000000000000000000, 0.8660254037844387100, 1.000000000000000000, 0.8660254037844387100, 1.000000000000000000, 0.8660254037844387100, 1.000000000000000000, 0.8660254037844387100, 1.000000000000000000, 0.8660254037844387100, 1.000000000000000000, 0.8660254037844387100, 1.000000000000000000, 0.8660254037844387100, 1.000000000000000000, 0.8660254037844387100, 1.000000000000000000, 0.8660254037844387100, 1.000000000000000000, 0.8660254037844387100, 1.000000000000000000, 0.8660254037844387100, 1.000000000000000000, 0.8660254037844387100, 1.000000000000000000, 0.8660254037844387100, 1.000000000000000000, 0.8660254037844387100, 1.000000000000000000, 0.8660254037844387100, 1.000000000000000000, 0.8660254037844387100, 1.000000000000000000, 0.8660254037844387100, 1.000000000000000000, 0.8660254037844387100, 1.000000000000000000),
 ( 1.000000000000000000, 0.8660254037844387100, 1.000000000000000000, 0.8660254037844387100, 1.000000000000000000, 0.8660254037844387100, 1.000000000000000000, 0.8660254037844387100, 1.000000000000000000, 0.8660254037844387100, 1.000000000000000000, 0.8660254037844387100, 1.000000000000000000, 0.8660254037844387100, 1.000000000000000000, 0.8660254037844387100, 1.000000000000000000, 0.8660254037844387100, 1.000000000000000000, 0.8660254037844387100, 1.000000000000000000, 0.8660254037844387100, 1.000000000000000000, 0.8660254037844387100, 1.000000000000000000, 0.8660254037844387100, 1.000000000000000000, 0.8660254037844387100, 1.000000000000000000, 0.8660254037844387100, 1.000000000000000000, 0.8660254037844387100, 1.000000000000000000, 0.8660254037844387100, 1.000000000000000000, 0.8660254037844387100, 1.000000000000000000, 0.8660254037844387100, 1.000000000000000000, 0.8660254037844387100, 1.000000000000000000, 0.8660254037844387100, 1.000000000000000000, 0.8660254037844387100, 1.000000000000000000, 0.8660254037844387100, 1.000000000000000000, 0.8660254037844387100, 1.000000000000000000, 0.8660254037844387100, 1.000000000000000000, 0.8660254037844387100, 1.000000000000000000, 0.8660254037844387100, 1.000000000000000000, 0.8660254037844387100, 1.000000000000000000, 0.8660254037844387100, 1.000000000000000000, 0.8660254037844387100, 1.000000000000000000, 0.8660254037844387100, 1.000000000000000000, 0.8660254037844387100, 1.000000000000000000, 0.8660254037844387100, 1.000000000000000000, 0.8660254037844387100, 1.000000000000000000, 0.8660254037844387100, 1.000000000000000000, 0.8660254037844387100, 1.000000000000000000, 0.8660254037844387100, 1.000000000000000000, 0.8660254037844387100, 1.000000000000000000, 0.8660254037844387100, 1.000000000000000000, 0.8660254037844387100, 1.000000000000000000, 0.8660254037844387100, 1.000000000000000000, 0.8660254037844387100, 1.000000000000000000, 0.8660254037844387100, 1.000000000000000000, 0.8660254037844387100, 1.000000000000000000, 0.8660254037844387100, 1.000000000000000000, 0.8660254037844387100, 1.000000000000000000, 0.8660254037844387100, 1.000000000000000000, 0.8660254037844387100, 1.000000000000000000, 0.8660254037844387100, 1.000000000000000000, 0.8660254037844387100, 1.000000000000000000, 0.8660254037844387100, 1.000000000000000000, 0.8660254037844387100, 1.000000000000000000, 0.8660254037844387100, 1.000000000000000000, 0.8660254037844387100, 1.000000000000000000, 0.8660254037844387100, 1.000000000000000000, 0.8660254037844387100, 1.000000000000000000, 0.8660254037844387100, 1.000000000000000000, 0.8660254037844387100, 1.000000000000000000, 0.8660254037844387100, 1.000000000000000000, 0.8660254037844387100, 1.000000000000000000, 0.8660254037844387100, 1.000000000000000000, 0.8660254037844387100, 1.000000000000000000, 0.8660254037844387100, 1.000000000000000000, 0.8660254037844387100, 1.000000000000000000, 0.8660254037844387100, 1.000000000000000000, 0.8660254037844387100, 1.000000000000000000, 0.8660254037844387100, 1.000000000000000000, 0.8660254037844387100, 1.000000000000000000, 0.8660254037844387100, 1.000000000000000000, 0.8660254037844387100, 1.000000000000000000, 0.8660254037844387100, 1.000000000000000000, 0.8660254037844387100, 1.000000000000000000, 0.8660254037844387100, 1.000000000000000000, 0.8660254037844387100, 1.000000000000000000, 0.8660254037844387100, 1.000000000000000000, 0.8660254037844387100, 1.000000000000000000, 0.8660254037844387100, 1.000000000000000000, 0.8660254037844387100, 1.000000000000000000, 0.8660254037844387100, 1.000000000000000000, 0.8660254037844387100, 1.000000000000000000, 0.8660254037844387100, 1.000000000000000000, 0.8660254037844387100, 1.000000000000000000, 0.8660254037844387100, 1.000000000000000000, 0.8660254037844387100, 1.000000000000000000, 0.8660254037844387100, 1.000000000000000000, 0.8660254037844387100, 1.000000000000000000, 0.8660254037844387100, 1.000000000000000000, 0.8660254037844387100, 1.000000000000000000, 0.8660254037844387100, 1.000000000000000000, 0.8660254037844387100, 1.000000000000000000, 0.8660254037844387100, 1.000000000000000000, 0.8660254037844387100, 1.000000000000000000, 0.8660254037844387100, 1.000000000000000000, 0.8660254037844387100, 1.000000000000000000, 0.8660254037844387100, 1.000000000000000000, 0.8660254037844387100, 1.000000000000000000, 0.8660254037844387100, 1.000000000000000000, 0.8660254037844387100, 1.000000000000000000, 0.8660254037844387100, 1.000000000000000000, 0.8660254037844387100, 1.000000000000000000, 0.8660254037844387100, 1.000000000000000000, 0.8660254037844387100, 1.000000000000000000) ) ) 
 REPRESENTATION_ITEM ( '' )  SURFACE ( )  );
#700 = CARTESIAN_POINT ( 'NONE',  ( -1.017788105676658000, 0.5876202367904178600, 1.395833333333333000 ) ) ;
#701 = CARTESIAN_POINT ( 'NONE',  ( 3.367778697655221000E-016, -2.750000000000000000, 5.350000000000000500 ) ) ;
#702 = CARTESIAN_POINT ( 'NONE',  ( -1.357050807568877200, 8.309539638847781400E-017, -5.562499999999999100 ) ) ;
#703 = CARTESIAN_POINT ( 'NONE',  ( -1.439254484199189600E-016, -1.175240473580835500, -4.437500000000000000 ) ) ;
#704 = CARTESIAN_POINT ( 'NONE',  ( 0.6785254037844393700, 1.175240473580835300, 2.208333333333333000 ) ) ;
#705 = CARTESIAN_POINT ( 'NONE',  ( -1.763300807568877000, 1.079710344961584000E-016, -3.828125000000023100 ) ) ;
#706 = CARTESIAN_POINT ( 'NONE',  ( -1.763300807568877000, 1.079710344961584000E-016, 2.640625000000019500 ) ) ;
#707 = CARTESIAN_POINT ( 'NONE',  ( 0.8660254037844287200, 1.500000000000020400, -5.041666666666647400 ) ) ;
#708 = CARTESIAN_POINT ( 'NONE',  ( 1.430908802125315100, -0.4500000000003321300, 2.349999999999999600 ) ) ;
#709 = CARTESIAN_POINT ( 'NONE',  ( -1.836970198721030900E-016, -1.500000000000000900, -0.7499999999999814600 ) ) ;
#710 = CARTESIAN_POINT ( 'NONE',  ( 0.6785254037844382600, -1.175240473580835700, -0.8958333333333334800 ) ) ;
#711 = CARTESIAN_POINT ( 'NONE',  ( 1.732050807568878500, -3.181725716174722500E-016, -4.124999999999982200 ) ) ;
#712 = ORIENTED_EDGE ( 'NONE', *, *, #1740, .F. ) ;
#713 = CARTESIAN_POINT ( 'NONE',  ( -1.357050807568877200, 8.309539638847781400E-017, 0.4374999999999995000 ) ) ;
#714 = CARTESIAN_POINT ( 'NONE',  ( -1.732050807568878500, 1.060575238724907400E-016, 1.625000000000018000 ) ) ;
#715 = EDGE_CURVE ( 'NONE', #1244, #2316, #1881, .T. ) ;
#716 = ORIENTED_EDGE ( 'NONE', *, *, #532, .T. ) ;
#717 = CARTESIAN_POINT ( 'NONE',  ( 0.6785254037844393700, 1.175240473580835300, -4.729166666666666100 ) ) ;
#718 = CARTESIAN_POINT ( 'NONE',  ( 0.6785254037844392600, 1.175240473580835100, -2.729166666666666500 ) ) ;
#719 = CARTESIAN_POINT ( 'NONE',  ( 0.0000000000000000000, 3.535502921377472600E-056, 2.500000000000000400 ) ) ;
#720 = CARTESIAN_POINT ( 'NONE',  ( -1.870113174931182600E-016, -1.527063293868263300, -2.203125000000022600 ) ) ;
#721 = CARTESIAN_POINT ( 'NONE',  ( -1.017788105676658200, -0.5876202367904175300, -4.020833333333333000 ) ) ;
#722 = ORIENTED_EDGE ( 'NONE', *, *, #121, .T. ) ;
#723 = CARTESIAN_POINT ( 'NONE',  ( -1.052468259152689300, -0.8357328402387224100, 5.287417583756786500 ) ) ;
#724 =( BOUNDED_CURVE ( )  B_SPLINE_CURVE ( 2, ( #2408, #1231, #2729, #625, #929, #941, #3308 ),
 .UNSPECIFIED., .F., .F. ) 
 B_SPLINE_CURVE_WITH_KNOTS ( ( 3, 2, 2, 3 ),
 ( 0.3529411764705882000, 0.3627450980392156200, 0.3725490196078431500, 0.3823529411764705600 ),
 .UNSPECIFIED. ) 
 CURVE ( )  GEOMETRIC_REPRESENTATION_ITEM ( )  RATIONAL_B_SPLINE_CURVE ( ( 1.000000000000000900, 0.8660254037844380400, 1.000000000000000000, 0.8660254037844387100, 1.000000000000000000, 0.8660254037844387100, 1.000000000000000000 ) ) 
 REPRESENTATION_ITEM ( '' )  );
#725 = CALENDAR_DATE ( 2025, 16, 7 ) ;
#726 = CARTESIAN_POINT ( 'NONE',  ( 1.017788105676657800, -0.5876202367904183000, -1.354166666666666700 ) ) ;
#727 = CARTESIAN_POINT ( 'NONE',  ( 1.017788105676657800, -0.5876202367904183000, -4.416666666666667000 ) ) ;
#728 = EDGE_LOOP ( 'NONE', ( #371, #1716, #193, #3520 ) ) ;
#729 = DIRECTION ( 'NONE',  ( 0.0000000000000000000, -1.178500973792491200E-056, 1.000000000000000000 ) ) ;
#730 = VERTEX_POINT ( 'NONE', #3764 ) ;
#731 = ADVANCED_FACE ( 'NONE', ( #2623 ), #699, .T. ) ;
#732 = CARTESIAN_POINT ( 'NONE',  ( -1.357050807568877200, 8.309539638847781400E-017, -5.062500000000000000 ) ) ;
#733 = CARTESIAN_POINT ( 'NONE',  ( 0.6785254037844392600, 1.175240473580835100, -4.729166666666666100 ) ) ;
#734 = EDGE_LOOP ( 'NONE', ( #3240, #1329, #2874, #3488 ) ) ;
#735 = CARTESIAN_POINT ( 'NONE',  ( 0.0000000000000000000, 1.500000000000000900, -5.500000000000000000 ) ) ;
#736 = CARTESIAN_POINT ( 'NONE',  ( 1.322475605676657300, -0.7635316469341323400, -1.119791666666689200 ) ) ;
#737 = CARTESIAN_POINT ( 'NONE',  ( 0.6785254037844382600, -1.175240473580835700, -5.395833333333333000 ) ) ;
#738 = CARTESIAN_POINT ( 'NONE',  ( -0.8660254037844281600, -1.500000000000020400, -4.291666666666645600 ) ) ;
#739 = CARTESIAN_POINT ( 'NONE',  ( 0.0000000000000000000, 1.296351071171740100E-055, -5.499999999999998200 ) ) ;
#740 = ORIENTED_EDGE ( 'NONE', *, *, #939, .T. ) ;
#741 = CARTESIAN_POINT ( 'NONE',  ( -1.439254484199189600E-016, -1.175240473580835500, -2.437500000000000000 ) ) ;
#742 = CARTESIAN_POINT ( 'NONE',  ( 0.6785254037844382600, -1.175240473580835700, -4.458333333333333000 ) ) ;
#743 = EDGE_CURVE ( 'NONE', #1442, #1244, #1637, .T. ) ;
#744 = CARTESIAN_POINT ( 'NONE',  ( 1.017788105676657800, -0.5876202367904183000, -5.354166666666667000 ) ) ;
#745 = PLANE ( 'NONE',  #474 ) ;
#746 = CARTESIAN_POINT ( 'NONE',  ( 0.0000000000000000000, -1.873300550168571900E-016, 1.483974596215550800 ) ) ;
#747 = CARTESIAN_POINT ( 'NONE',  ( -0.6785254037844383700, 1.175240473580835500, -3.645833333333333000 ) ) ;
#748 = DIRECTION ( 'NONE',  ( -0.0000000000000000000, 1.178500973792491200E-056, -1.000000000000000000 ) ) ;
#749 = CARTESIAN_POINT ( 'NONE',  ( -1.870113174931182600E-016, -1.527063293868263300, -0.2031250000000227300 ) ) ;
#750 = CARTESIAN_POINT ( 'NONE',  ( 1.017788105676657800, -0.5876202367904183000, -1.354166666666666700 ) ) ;
#751 = PLANE ( 'NONE',  #3305 ) ;
#752 = ADVANCED_FACE ( 'NONE', ( #2809 ), #3228, .F. ) ;
#753 = CARTESIAN_POINT ( 'NONE',  ( 0.0000000000000000000, 1.500000000000000900, 0.5624999999999781300 ) ) ;
#754 = CARTESIAN_POINT ( 'NONE',  ( 1.357050807568877200, -2.492861891654333800E-016, 1.187500000000000200 ) ) ;
#755 = CARTESIAN_POINT ( 'NONE',  ( 1.017788105676658200, 0.5876202367904168600, -4.833333333333333900 ) ) ;
#756 =( BOUNDED_CURVE ( )  B_SPLINE_CURVE ( 2, ( #244, #2601, #3241, #1462, #2931, #3506, #252 ),
 .UNSPECIFIED., .F., .T. ) 
 B_SPLINE_CURVE_WITH_KNOTS ( ( 3, 2, 2, 3 ),
 ( 0.2352941176470587100, 0.2450980392156861800, 0.2549019607843136500, 0.2647058823529411200 ),
 .UNSPECIFIED. ) 
 CURVE ( )  GEOMETRIC_REPRESENTATION_ITEM ( )  RATIONAL_B_SPLINE_CURVE ( ( 1.000000000000002400, 0.8660254037844364900, 1.000000000000000000, 0.8660254037844387100, 1.000000000000000000, 0.8660254037844387100, 1.000000000000000000 ) ) 
 REPRESENTATION_ITEM ( '' )  );
#757 = CARTESIAN_POINT ( 'NONE',  ( -1.357050807568877200, 8.309539638847781400E-017, 2.437500000000000400 ) ) ;
#758 = CARTESIAN_POINT ( 'NONE',  ( 1.299038105676658400, -0.7500000000000011100, -1.166666666666648100 ) ) ;
#759 = CARTESIAN_POINT ( 'NONE',  ( -0.6785254037844389300, -1.175240473580835300, -4.479166666666666100 ) ) ;
#760 = CARTESIAN_POINT ( 'NONE',  ( 0.0000000000000000000, 1.500000000000000900, 1.500000000000018700 ) ) ;
#761 = CARTESIAN_POINT ( 'NONE',  ( -0.8816504037844382600, 1.527063293868263300, 0.5885416666666435400 ) ) ;
#762 = FACE_OUTER_BOUND ( 'NONE', #1990, .T. ) ;
#763 = CARTESIAN_POINT ( 'NONE',  ( 0.0000000000000000000, 1.175240473580835500, -1.187500000000000200 ) ) ;
#764 = EDGE_CURVE ( 'NONE', #792, #405, #1751, .T. ) ;
#765 = CARTESIAN_POINT ( 'NONE',  ( -1.249999999999999600, -0.7216878364870322700, 5.391746824526944900 ) ) ;
#766 = CARTESIAN_POINT ( 'NONE',  ( 1.836970198721030900E-016, -1.500000000000000900, -5.500000000000000000 ) ) ;
#767 = LINE ( 'NONE', #95, #3826 ) ;
#768 = CARTESIAN_POINT ( 'NONE',  ( -1.439254484199189600E-016, -1.175240473580835500, 0.5624999999999996700 ) ) ;
#769 = CARTESIAN_POINT ( 'NONE',  ( -1.299038105676658700, -0.7500000000000001100, -0.7708333333333549100 ) ) ;
#770 = CARTESIAN_POINT ( 'NONE',  ( 1.357050807568877200, -2.492861891654334300E-016, 0.1250000000000001100 ) ) ;
#771 = CARTESIAN_POINT ( 'NONE',  ( -1.836970198721030900E-016, -1.500000000000000900, 0.3124999999999779600 ) ) ;
#772 = EDGE_LOOP ( 'NONE', ( #2235, #2049, #3242, #400 ) ) ;
#773 = CARTESIAN_POINT ( 'NONE',  ( 0.1964808569473854300, 1.329937397324883100, 5.278308548877047800 ) ) ;
#774 = AXIS2_PLACEMENT_3D ( 'NONE', #2794, #3055, #2805 ) ;
#775 = DIRECTION ( 'NONE',  ( -0.0000000000000000000, 1.178500973792491200E-056, -1.000000000000000000 ) ) ;
#776 = ORIENTED_EDGE ( 'NONE', *, *, #2261, .T. ) ;
#777 = CARTESIAN_POINT ( 'NONE',  ( 0.0000000000000000000, 1.175240473580835500, -0.6874999999999997800 ) ) ;
#778 =( LENGTH_UNIT ( ) NAMED_UNIT ( * ) SI_UNIT ( .MILLI., .METRE. ) );
#779 = CARTESIAN_POINT ( 'NONE',  ( -1.322475605676657800, -0.7635316469341314500, -1.286458333333356400 ) ) ;
#780 = CARTESIAN_POINT ( 'NONE',  ( 1.017788105676658200, 0.5876202367904168600, -1.270833333333333000 ) ) ;
#781 = ADVANCED_BREP_SHAPE_REPRESENTATION ( '91290A113_Alloy Steel Socket Head Screw', ( #2992, #2152 ), #2350 ) ;
#782 = VERTEX_POINT ( 'NONE', #3440 ) ;
#783 = CARTESIAN_POINT ( 'NONE',  ( -1.017788105676658000, 0.5876202367904178600, 1.895833333333333500 ) ) ;
#784 = CARTESIAN_POINT ( 'NONE',  ( -1.836970198721030900E-016, -1.500000000000000900, -0.6875000000000220900 ) ) ;
#785 = CIRCLE ( 'NONE', #2058, 1.500000000000001800 ) ;
#786 = ORIENTED_EDGE ( 'NONE', *, *, #3296, .T. ) ;
#787 = CARTESIAN_POINT ( 'NONE',  ( 1.017788105676657800, -0.5876202367904183000, 0.08333333333333282900 ) ) ;
#788 = CARTESIAN_POINT ( 'NONE',  ( 1.117880872539451600, 0.3932020740959863400, 2.162499999999997000 ) ) ;
#789 = CARTESIAN_POINT ( 'NONE',  ( 0.0000000000000000000, 1.500000000000000900, -0.9999999999999815700 ) ) ;
#790 = LINE ( 'NONE', #3535, #2830 ) ;
#791 = CARTESIAN_POINT ( 'NONE',  ( 0.8455873006056740000, 0.9551756173460492800, 5.218916260448520600 ) ) ;
#792 = VERTEX_POINT ( 'NONE', #1380 ) ;
#793 = CARTESIAN_POINT ( 'NONE',  ( 3.367778697655221000E-016, -2.750000000000000000, -5.500000000000000000 ) ) ;
#794 = CARTESIAN_POINT ( 'NONE',  ( 0.0000000000000000000, 1.175240473580835500, -2.187499999999999600 ) ) ;
#795 = DATE_TIME_ROLE ( 'creation_date' ) ;
#796 = CARTESIAN_POINT ( 'NONE',  ( -1.870113174931182600E-016, -1.527063293868263300, 0.2968749999999768500 ) ) ;
#797 = CARTESIAN_POINT ( 'NONE',  ( 0.0000000000000000000, 1.175240473580835500, -2.187499999999999600 ) ) ;
#798 = CARTESIAN_POINT ( 'NONE',  ( 1.299038105676658400, -0.7500000000000011100, -0.6666666666666477600 ) ) ;
#799 = ADVANCED_FACE ( 'NONE', ( #2032 ), #537, .T. ) ;
#800 = CARTESIAN_POINT ( 'NONE',  ( -1.836970198721030900E-016, -1.500000000000000900, -0.1875000000000216500 ) ) ;
#801 = CARTESIAN_POINT ( 'NONE',  ( -1.439254484199189600E-016, -1.175240473580835500, 1.062500000000000000 ) ) ;
#802 = CARTESIAN_POINT ( 'NONE',  ( 0.0000000000000000000, 1.175240473580835500, -2.750000000000000000 ) ) ;
#803 = CARTESIAN_POINT ( 'NONE',  ( -1.763300807568877000, 1.079710344961584000E-016, -3.859374999999980500 ) ) ;
#804 = CARTESIAN_POINT ( 'NONE',  ( 0.0000000000000000000, 1.175240473580835500, -0.7499999999999997800 ) ) ;
#805 = CARTESIAN_POINT ( 'NONE',  ( -1.836970198721030900E-016, -1.500000000000000900, -1.249999999999981800 ) ) ;
#806 = CARTESIAN_POINT ( 'NONE',  ( 1.299038105676659300, 0.7499999999999993300, 0.4791666666666453100 ) ) ;
#807 = CARTESIAN_POINT ( 'NONE',  ( 0.0000000000000000000, 1.175240473580835500, -1.187500000000000200 ) ) ;
#808 = AXIS2_PLACEMENT_3D ( 'NONE', #3615, #3636, #1533 ) ;
#809 = DIRECTION ( 'NONE',  ( 1.000000000000000000, 0.0000000000000000000, 0.0000000000000000000 ) ) ;
#810 = CARTESIAN_POINT ( 'NONE',  ( -1.870113174931182600E-016, -1.527063293868263300, 1.296874999999976900 ) ) ;
#811 = CARTESIAN_POINT ( 'NONE',  ( -1.017788105676658200, -0.5876202367904175300, -3.020833333333333500 ) ) ;
#812 = CARTESIAN_POINT ( 'NONE',  ( 0.2433378840058284300, -1.480130627413529500, -5.175240473580831100 ) ) ;
#813 = CARTESIAN_POINT ( 'NONE',  ( 1.017788105676658200, 0.5876202367904168600, 1.229166666666666500 ) ) ;
#814 = CARTESIAN_POINT ( 'NONE',  ( -1.017788105676658000, 0.5876202367904178600, -2.166666666666666500 ) ) ;
#815 = CARTESIAN_POINT ( 'NONE',  ( -1.763300807568877000, 1.079710344961584000E-016, -4.859374999999980500 ) ) ;
#816 = CARTESIAN_POINT ( 'NONE',  ( -1.357050807568877200, 8.309539638847781400E-017, -1.125000000000000200 ) ) ;
#817 = CARTESIAN_POINT ( 'NONE',  ( 0.6785254037844382600, -1.175240473580835500, 0.6041666666666669600 ) ) ;
#818 = ADVANCED_FACE ( 'NONE', ( #1217 ), #2866, .T. ) ;
#819 = FACE_OUTER_BOUND ( 'NONE', #1024, .T. ) ;
#820 = CARTESIAN_POINT ( 'NONE',  ( 1.732050807568878500, -3.181725716174723000E-016, -0.5625000000000219800 ) ) ;
#821 = B_SPLINE_CURVE_WITH_KNOTS ( 'NONE', 3,
 ( #35, #2416, #3266, #2373, #3280, #1208, #2088, #607, #1503, #2706, #3581, #935, #2696, #3257, #891, #331, #3573, #1792, #617, #2102, #597, #3016, #302, #1223, #2984, #900 ),
 .UNSPECIFIED., .F., .F.,
 ( 4, 2, 2, 2, 2, 2, 2, 2, 2, 2, 2, 2, 4 ),
 ( 0.0002431180028850652500, 0.0007971034884261944200, 0.001074096231196758900, 0.001351088973967323500, 0.001628081716737888200, 0.001905074459508453300, 0.002459059945049583300, 0.002736052687820148200, 0.003013045430590713000, 0.003290038173361278400, 0.003567030916131843200, 0.004121016401672974300, 0.004675001887214104100 ),
 .UNSPECIFIED. ) ;
#822 = CARTESIAN_POINT ( 'NONE',  ( -0.6785254037844389300, -1.175240473580835300, -0.9791666666666664100 ) ) ;
#823 = CARTESIAN_POINT ( 'NONE',  ( 1.763300807568877000, -3.239131034884752100E-016, 0.9218749999999774600 ) ) ;
#824 = ORIENTED_EDGE ( 'NONE', *, *, #1283, .F. ) ;
#825 = EDGE_CURVE ( 'NONE', #3210, #405, #940, .T. ) ;
#826 = CARTESIAN_POINT ( 'NONE',  ( 0.0000000000000000000, 1.500000000000000900, -3.999999999999981800 ) ) ;
#827 = CARTESIAN_POINT ( 'NONE',  ( 1.250000000000000200, 0.2504277741562460100, 5.217920748920273700 ) ) ;
#828 = CARTESIAN_POINT ( 'NONE',  ( 0.6785254037844382600, -1.175240473580835700, -3.458333333333333000 ) ) ;
#829 = CARTESIAN_POINT ( 'NONE',  ( 0.6785254037844393700, 1.175240473580835300, -3.791666666666667000 ) ) ;
#830 = VERTEX_POINT ( 'NONE', #1697 ) ;
#831 = CARTESIAN_POINT ( 'NONE',  ( -1.870113174931182600E-016, -1.527063293868263300, -3.234374999999980900 ) ) ;
#832 = CARTESIAN_POINT ( 'NONE',  ( 0.6785254037844392600, 1.175240473580835100, -1.791666666666667000 ) ) ;
#833 = DIRECTION ( 'NONE',  ( 1.000000000000000000, 0.0000000000000000000, 0.0000000000000000000 ) ) ;
#834 = ORIENTED_EDGE ( 'NONE', *, *, #1170, .T. ) ;
#835 = AXIS2_PLACEMENT_3D ( 'NONE', #1242, #3316, #2441 ) ;
#836 = CARTESIAN_POINT ( 'NONE',  ( 0.0000000000000000000, -2.750000000000000000, 2.650000000000001200 ) ) ;
#837 = CARTESIAN_POINT ( 'NONE',  ( -1.017788105676658200, -0.5876202367904175300, -1.520833333333333300 ) ) ;
#838 = ORIENTED_EDGE ( 'NONE', *, *, #2702, .F. ) ;
#839 = PERSON_AND_ORGANIZATION_ROLE ( 'creator' ) ;
#840 = FACE_OUTER_BOUND ( 'NONE', #243, .T. ) ;
#841 = DIRECTION ( 'NONE',  ( 0.0000000000000000000, 1.000000000000000000, 0.0000000000000000000 ) ) ;
#842 = VERTEX_POINT ( 'NONE', #3444 ) ;
#843 = CARTESIAN_POINT ( 'NONE',  ( 0.0000000000000000000, 1.175240473580835500, -4.250000000000000000 ) ) ;
#844 = CARTESIAN_POINT ( 'NONE',  ( -1.017788105676658200, -0.5876202367904175300, -1.583333333333333300 ) ) ;
#845 = CARTESIAN_POINT ( 'NONE',  ( -1.322475605676657800, -0.7635316469341314500, -5.317708333333314400 ) ) ;
#846 = ORIENTED_EDGE ( 'NONE', *, *, #2864, .F. ) ;
#847 = CARTESIAN_POINT ( 'NONE',  ( -1.017788105676658000, 0.5876202367904178600, 0.8333333333333334800 ) ) ;
#848 = CARTESIAN_POINT ( 'NONE',  ( -0.8660254037844396000, -1.500000000000000700, -2.229166666666688700 ) ) ;
#849 = CARTESIAN_POINT ( 'NONE',  ( 0.8660254037844329300, -1.500000000000010900, -0.6458333333333552400 ) ) ;
#850 = PERSON ( 'UNSPECIFIED', 'UNSPECIFIED', 'UNSPECIFIED', ('UNSPECIFIED'), ('UNSPECIFIED'), ('UNSPECIFIED') ) ;
#851 = CARTESIAN_POINT ( 'NONE',  ( 1.299038105676659300, 0.7499999999999993300, -5.020833333333355200 ) ) ;
#852 = DIRECTION ( 'NONE',  ( -0.0000000000000000000, 1.178500973792491200E-056, -1.000000000000000000 ) ) ;
#853 = CARTESIAN_POINT ( 'NONE',  ( 1.017788105676657800, -0.5876202367904183000, 2.645833333333333500 ) ) ;
#854 = CARTESIAN_POINT ( 'NONE',  ( 1.017788105676657800, -0.5876202367904183000, -0.4166666666666667400 ) ) ;
#855 = CARTESIAN_POINT ( 'NONE',  ( -1.322475605676657800, 0.7635316469341318900, -3.901041666666647400 ) ) ;
#856 = EDGE_CURVE ( 'NONE', #39, #3154, #2954, .T. ) ;
#857 = CARTESIAN_POINT ( 'NONE',  ( -0.6785254037844389300, -1.175240473580835300, 0.9583333333333337000 ) ) ;
#858 =( BOUNDED_CURVE ( )  B_SPLINE_CURVE ( 2, ( #3015, #2415, #24, #2720, #3291, #606, #2991 ),
 .UNSPECIFIED., .F., .T. ) 
 B_SPLINE_CURVE_WITH_KNOTS ( ( 3, 2, 2, 3 ),
 ( 0.5588235294117646100, 0.5686274509803920200, 0.5784313725490194400, 0.5882352941176469700 ),
 .UNSPECIFIED. ) 
 CURVE ( )  GEOMETRIC_REPRESENTATION_ITEM ( )  RATIONAL_B_SPLINE_CURVE ( ( 1.000000000000001600, 0.8660254037844371500, 1.000000000000000000, 0.8660254037844387100, 1.000000000000000000, 0.8660254037844402600, 0.9999999999999984500 ) ) 
 REPRESENTATION_ITEM ( '' )  );
#859 = CARTESIAN_POINT ( 'NONE',  ( 0.0000000000000000000, 1.500000000000000900, -4.437500000000022200 ) ) ;
#860 = CARTESIAN_POINT ( 'NONE',  ( -1.299038105676658700, 0.7500000000000005600, -0.3541666666666881700 ) ) ;
#861 = CARTESIAN_POINT ( 'NONE',  ( 1.732050807568878500, -3.181725716174722500E-016, 1.375000000000018700 ) ) ;
#862 = CARTESIAN_POINT ( 'NONE',  ( 0.6785254037844382600, -1.175240473580835700, -3.958333333333332600 ) ) ;
#863 = CARTESIAN_POINT ( 'NONE',  ( -1.017788105676658200, -0.5876202367904175300, 0.4166666666666667400 ) ) ;
#864 = CARTESIAN_POINT ( 'NONE',  ( -1.322475605676657800, -0.7635316469341314500, -2.817708333333313900 ) ) ;
#865 = CARTESIAN_POINT ( 'NONE',  ( 1.017788105676657800, -0.5876202367904183000, 1.583333333333333300 ) ) ;
#866 = CARTESIAN_POINT ( 'NONE',  ( -1.732050807568878500, 1.060575238724907400E-016, -2.312500000000022200 ) ) ;
#867 = CIRCLE ( 'NONE', #3217, 0.1499999999999999700 ) ;
#868 = EDGE_CURVE ( 'NONE', #3787, #2442, #3817, .T. ) ;
#869 = CARTESIAN_POINT ( 'NONE',  ( -1.249999999999999800, 0.7216878364870317200, -1.318813079129866200 ) ) ;
#870 = ORIENTED_EDGE ( 'NONE', *, *, #3372, .F. ) ;
#871 = ORIENTED_EDGE ( 'NONE', *, *, #2328, .T. ) ;
#872 = CARTESIAN_POINT ( 'NONE',  ( 0.0000000000000000000, 1.296351071171740300E-055, -5.500000000000000000 ) ) ;
#873 = CARTESIAN_POINT ( 'NONE',  ( 0.0000000000000000000, 1.175240473580835500, -3.750000000000000000 ) ) ;
#874 = CARTESIAN_POINT ( 'NONE',  ( -1.357050807568877200, 8.309539638847781400E-017, 0.3749999999999994400 ) ) ;
#875 = FACE_OUTER_BOUND ( 'NONE', #3606, .T. ) ;
#876 = CARTESIAN_POINT ( 'NONE',  ( 1.322475605676657300, -0.7635316469341323400, -0.6510416666666469800 ) ) ;
#877 = ORIENTED_EDGE ( 'NONE', *, *, #3516, .T. ) ;
#878 = CARTESIAN_POINT ( 'NONE',  ( -1.357050807568877200, 8.309539638847781400E-017, 0.8749999999999998900 ) ) ;
#879 = CARTESIAN_POINT ( 'NONE',  ( 0.8660254037844342700, 1.500000000000010700, -2.041666666666647400 ) ) ;
#880 =( BOUNDED_CURVE ( )  B_SPLINE_CURVE ( 2, ( #1880, #2514, #393, #714, #2181, #1320, #3679 ),
 .UNSPECIFIED., .F., .T. ) 
 B_SPLINE_CURVE_WITH_KNOTS ( ( 3, 2, 2, 3 ),
 ( 0.1470588235294116900, 0.1568627450980390700, 0.1666666666666664600, 0.1764705882352939600 ),
 .UNSPECIFIED. ) 
 CURVE ( )  GEOMETRIC_REPRESENTATION_ITEM ( )  RATIONAL_B_SPLINE_CURVE ( ( 1.000000000000001600, 0.8660254037844371500, 1.000000000000000000, 0.8660254037844387100, 1.000000000000000000, 0.8660254037844413700, 0.9999999999999973400 ) ) 
 REPRESENTATION_ITEM ( '' )  );
#881 = FACE_OUTER_BOUND ( 'NONE', #1986, .T. ) ;
#882 = ORIENTED_EDGE ( 'NONE', *, *, #1843, .F. ) ;
#883 = VECTOR ( 'NONE', #3661, 1000.000000000000000 ) ;
#884 = ORIENTED_EDGE ( 'NONE', *, *, #3052, .T. ) ;
#885 = CARTESIAN_POINT ( 'NONE',  ( 0.0000000000000000000, 1.500000000000000900, -3.937500000000021800 ) ) ;
#886 = CARTESIAN_POINT ( 'NONE',  ( 0.0000000000000000000, 1.500000000000000900, -2.437500000000021300 ) ) ;
#887 = CARTESIAN_POINT ( 'NONE',  ( -1.357050807568877200, 8.309539638847781400E-017, -3.125000000000000000 ) ) ;
#888 = CARTESIAN_POINT ( 'NONE',  ( -0.6785254037844384900, 1.175240473580835700, 1.291666666666666700 ) ) ;
#889 = CARTESIAN_POINT ( 'NONE',  ( 0.8816504037844380400, -1.527063293868264000, -2.692708333333313500 ) ) ;
#890 = CARTESIAN_POINT ( 'NONE',  ( -2.168404344971008900E-016, 1.443375672974063900, 3.500000000000000400 ) ) ;
#891 = CARTESIAN_POINT ( 'NONE',  ( -1.406069951205873600, 0.1225691023330959400, -5.266848979815545600 ) ) ;
#892 = ADVANCED_FACE ( 'NONE', ( #2072 ), #3677, .T. ) ;
#893 = EDGE_CURVE ( 'NONE', #1432, #2719, #482, .T. ) ;
#894 = CARTESIAN_POINT ( 'NONE',  ( 1.299038105676658400, -0.7500000000000011100, -2.604166666666688300 ) ) ;
#895 = DIRECTION ( 'NONE',  ( 0.0000000000000000000, 1.000000000000000000, 0.0000000000000000000 ) ) ;
#896 = CARTESIAN_POINT ( 'NONE',  ( 1.357050807568877200, -2.492861891654333800E-016, -1.375000000000000400 ) ) ;
#897 = CARTESIAN_POINT ( 'NONE',  ( 1.017788105676657800, -0.5876202367904183000, 0.08333333333333282900 ) ) ;
#898 = CARTESIAN_POINT ( 'NONE',  ( 1.322475605676657300, -0.7635316469341323400, -1.651041666666647400 ) ) ;
#899 = CARTESIAN_POINT ( 'NONE',  ( -1.299038105676658700, -0.7500000000000001100, -1.270833333333355200 ) ) ;
#900 = CARTESIAN_POINT ( 'NONE',  ( 0.0000000000000000000, 1.333734122634717900, -5.341506350946115600 ) ) ;
#901 = DIRECTION ( 'NONE',  ( 0.0000000000000000000, -1.000000000000000000, -1.281975124255724200E-016 ) ) ;
#902 = CYLINDRICAL_SURFACE ( 'NONE', #185, 1.500000000000000900 ) ;
#903 = CARTESIAN_POINT ( 'NONE',  ( 1.732050807568878500, -3.181725716174723000E-016, 1.437499999999978000 ) ) ;
#904 = CARTESIAN_POINT ( 'NONE',  ( 0.6785254037844382600, -1.175240473580835500, -4.458333333333333000 ) ) ;
#905 = CARTESIAN_POINT ( 'NONE',  ( -1.017788105676658200, -0.5876202367904175300, -1.583333333333333300 ) ) ;
#906 = CARTESIAN_POINT ( 'NONE',  ( -1.763300807568877000, 1.079710344961584000E-016, -4.828125000000023100 ) ) ;
#907 = ORIENTED_EDGE ( 'NONE', *, *, #1490, .T. ) ;
#908 = CARTESIAN_POINT ( 'NONE',  ( 1.763300807568877000, -3.239131034884752100E-016, -1.609374999999980700 ) ) ;
#909 = DIRECTION ( 'NONE',  ( -0.0000000000000000000, 1.178500973792491200E-056, -1.000000000000000000 ) ) ;
#910 = CARTESIAN_POINT ( 'NONE',  ( -1.322475605676657800, -0.7635316469341314500, 2.213541666666643000 ) ) ;
#911 = EDGE_LOOP ( 'NONE', ( #2869, #273, #884, #1233 ) ) ;
#912 = CARTESIAN_POINT ( 'NONE',  ( -1.732050807568878500, 1.060575238724907400E-016, -0.3749999999999811300 ) ) ;
#913 = EDGE_CURVE ( 'NONE', #140, #1121, #3135, .T. ) ;
#914 = PERSON_AND_ORGANIZATION ( #850, #3642 ) ;
#915 = CARTESIAN_POINT ( 'NONE',  ( 0.6785254037844382600, -1.175240473580835700, -0.3958333333333331500 ) ) ;
#916 = EDGE_LOOP ( 'NONE', ( #971, #1526, #276, #2404 ) ) ;
#917 = CARTESIAN_POINT ( 'NONE',  ( -1.732050807568878500, 1.060575238724907400E-016, -1.374999999999981300 ) ) ;
#918 = VERTEX_POINT ( 'NONE', #487 ) ;
#919 = EDGE_CURVE ( 'NONE', #3045, #1121, #1265, .T. ) ;
#920 = CARTESIAN_POINT ( 'NONE',  ( -0.6785254037844389300, -1.175240473580835500, -1.541666666666667000 ) ) ;
#921 = CARTESIAN_POINT ( 'NONE',  ( -0.6785254037844389300, -1.175240473580835500, 2.458333333333333000 ) ) ;
#922 = CARTESIAN_POINT ( 'NONE',  ( -1.870113174931182600E-016, -1.527063293868263300, 1.765625000000018900 ) ) ;
#923 = LINE ( 'NONE', #2687, #1286 ) ;
#924 = ORIENTED_EDGE ( 'NONE', *, *, #3776, .F. ) ;
#925 = CARTESIAN_POINT ( 'NONE',  ( 0.0000000000000000000, 1.500000000000000900, -5.500000000000000000 ) ) ;
#926 = CARTESIAN_POINT ( 'NONE',  ( 0.9990264287929679900, 0.8310590614052245600, -5.386319063870307600 ) ) ;
#927 = DIRECTION ( 'NONE',  ( 0.0000000000000000000, -1.000000000000000000, -1.281975124255724200E-016 ) ) ;
#928 = ORIENTED_EDGE ( 'NONE', *, *, #3006, .F. ) ;
#929 = CARTESIAN_POINT ( 'NONE',  ( -1.299038105676658700, -0.7500000000000001100, -2.770833333333355200 ) ) ;
#930 = CARTESIAN_POINT ( 'NONE',  ( 0.0000000000000000000, 1.175240473580835500, -4.750000000000000000 ) ) ;
#931 = CARTESIAN_POINT ( 'NONE',  ( -0.6785254037844389300, -1.175240473580835500, -1.041666666666666500 ) ) ;
#932 = CARTESIAN_POINT ( 'NONE',  ( 1.322475605676658400, 0.7635316469341306700, -5.536458333333356100 ) ) ;
#933 = CARTESIAN_POINT ( 'NONE',  ( 1.322475605676657300, -0.7635316469341323400, -0.1510416666666474200 ) ) ;
#934 = DIRECTION ( 'NONE',  ( -0.0000000000000000000, 1.178500973792491200E-056, -1.000000000000000000 ) ) ;
#935 = CARTESIAN_POINT ( 'NONE',  ( -1.374771283976271400, -0.4318766620713537800, -5.246265466261858600 ) ) ;
#936 = CARTESIAN_POINT ( 'NONE',  ( -1.870113174931182600E-016, -1.527063293868263300, 1.796874999999977400 ) ) ;
#937 = DIRECTION ( 'NONE',  ( 0.0000000000000000000, -1.178500973792491200E-056, 1.000000000000000000 ) ) ;
#938 = CARTESIAN_POINT ( 'NONE',  ( -1.836970198721030900E-016, -1.500000000000000900, 0.2500000000000184900 ) ) ;
#939 = EDGE_CURVE ( 'NONE', #554, #1571, #1453, .T. ) ;
#940 =( BOUNDED_CURVE ( )  B_SPLINE_CURVE ( 2, ( #1630, #1365, #444, #2526, #744, #2245, #14, #1496, #1395, #2550, #2921, #1870, #1936, #2518, #3430, #1633, #1036, #3375, #3116, #733, #3100, #463, #2542, #3398, #3701, #759, #703, #124, #2788, #2211, #3126, #187, #169, #2502, #1648, #1027, #3713, #3387, #2847, #1951, #1300, #1620, #1603, #2813, #2260, #747, #142, #2485, #2238, #1324, #1340, #3139, #1063, #1354, #2831, #1964, #154, #2223, #451, #1048, #1665, #3725, #3412, #1011, #3085, #3668, #1912, #718, #3684, #433, #1684, #2022, #3496, #3740, #3780, #2614, #2862, #3755, #1729, #245, #794, #1699, #536, #1975, #200, #2904, #2292, #473, #3795, #2876, #1093, #3508, #2317, #2603, #2009, #1991, #837, #1745, #2277, #2891, #3770, #2917, #1135, #1416, #807, #3209, #2034, #208, #506, #822, #1713, #1431, #2585, #254, #2560, #3168, #777, #1368, #1080, #3153, #1123, #3196, #488, #3445, #1387, #2571, #3460, #1106, #3181, #1404, #3478, #227, #2305, #522, #1795, #3544, #2643, #287, #2656, #2006, #166, #1352, #222, #2303, #3442, #1681, #518, #817, #1119, #358, #979, #2165, #2727, #650, #3059, #1271, #70, #3343, #334, #623, #2699, #3083, #2182, #689, #3666, #2766, #2209, #3680, #2890, #2117, #2394, #2409, #3022, #1797, #2143, #310, #626, #2431, #2666, #600, #3272, #1810, #28, #2326, #2884, #990, #587 ),
 .UNSPECIFIED., .F., .T. ) 
 B_SPLINE_CURVE_WITH_KNOTS ( ( 3, 2, 2, 2, 2, 2, 2, 2, 2, 2, 2, 2, 2, 2, 2, 2, 2, 2, 2, 2, 2, 2, 2, 2, 2, 2, 2, 2, 2, 2, 2, 2, 2, 2, 2, 2, 2, 2, 2, 2, 2, 2, 2, 2, 2, 2, 2, 2, 2, 2, 2, 2, 2, 2, 2, 2, 2, 2, 2, 2, 2, 2, 2, 2, 2, 2, 2, 2, 2, 2, 2, 2, 2, 2, 2, 2, 2, 2, 2, 2, 2, 2, 2, 2, 2, 2, 2, 2, 2, 2, 2, 2, 2, 3 ),
 ( 0.02218611467960168700, 0.02941176470588235300, 0.03921568627450980300, 0.04901960784313725400, 0.05882352941176470500, 0.06862745098039216300, 0.07843137254901960700, 0.08823529411764706500, 0.09803921568627450800, 0.1078431372549019700, 0.1176470588235294100, 0.1274509803921568500, 0.1372549019607843300, 0.1470588235294117700, 0.1568627450980392100, 0.1666666666666666600, 0.1764705882352941300, 0.1862745098039215700, 0.1960784313725490200, 0.2058823529411764600, 0.2156862745098039300, 0.2254901960784313800, 0.2352941176470587900, 0.2450980392156862600, 0.2549019607843137100, 0.2647058823529411800, 0.2745098039215686500, 0.2843137254901960700, 0.2941176470588235400, 0.3039215686274509600, 0.3137254901960784300, 0.3235294117647058400, 0.3333333333333333100, 0.3431372549019607900, 0.3529411764705882600, 0.3627450980392156700, 0.3725490196078431500, 0.3823529411764705600, 0.3921568627450980300, 0.4019607843137255600, 0.4117647058823529200, 0.4215686274509803900, 0.4313725490196078600, 0.4411764705882352800, 0.4509803921568627500, 0.4607843137254901700, 0.4705882352941176400, 0.4803921568627451100, 0.4901960784313725300, 0.5000000000000000000, 0.5098039215686274200, 0.5196078431372549400, 0.5294117647058822500, 0.5392156862745096600, 0.5490196078431373000, 0.5588235294117647200, 0.5686274509803921400, 0.5784313725490195500, 0.5882352941176469700, 0.5980392156862743800, 0.6078431372549018000, 0.6176470588235296600, 0.6274509803921568500, 0.6372549019607842700, 0.6470588235294116900, 0.6568627450980391000, 0.6666666666666665200, 0.6764705882352941600, 0.6862745098039215700, 0.6960784313725489900, 0.7058823529411764100, 0.7156862745098038200, 0.7254901960784312400, 0.7352941176470588800, 0.7450980392156862900, 0.7549019607843137100, 0.7647058823529411200, 0.7745098039215685400, 0.7843137254901959600, 0.7941176470588233700, 0.8039215686274510100, 0.8137254901960784300, 0.8235294117647058400, 0.8333333333333332600, 0.8431372549019606800, 0.8529411764705880900, 0.8627450980392157300, 0.8725490196078431500, 0.8823529411764707800, 0.8921568627450979800, 0.9019607843137253900, 0.9117647058823528100, 0.9215686274509802300, 0.9236617444354708900 ),
 .UNSPECIFIED. ) 
 CURVE ( )  GEOMETRIC_REPRESENTATION_ITEM ( )  RATIONAL_B_SPLINE_CURVE ( ( 0.9480652107226094100, 0.9012585384440770000, 1.000000000000000000, 0.8660254037844387100, 1.000000000000000000, 0.8660254037844387100, 1.000000000000000000, 0.8660254037844387100, 1.000000000000000000, 0.8660254037844387100, 1.000000000000000000, 0.8660254037844387100, 1.000000000000000000, 0.8660254037844387100, 1.000000000000000000, 0.8660254037844387100, 1.000000000000000000, 0.8660254037844387100, 1.000000000000000000, 0.8660254037844387100, 1.000000000000000000, 0.8660254037844387100, 1.000000000000000000, 0.8660254037844387100, 1.000000000000000000, 0.8660254037844387100, 1.000000000000000000, 0.8660254037844387100, 1.000000000000000000, 0.8660254037844387100, 1.000000000000000000, 0.8660254037844387100, 1.000000000000000000, 0.8660254037844387100, 1.000000000000000000, 0.8660254037844387100, 1.000000000000000000, 0.8660254037844387100, 1.000000000000000000, 0.8660254037844387100, 1.000000000000000000, 0.8660254037844387100, 1.000000000000000000, 0.8660254037844387100, 1.000000000000000000, 0.8660254037844387100, 1.000000000000000000, 0.8660254037844387100, 1.000000000000000000, 0.8660254037844387100, 1.000000000000000000, 0.8660254037844387100, 1.000000000000000000, 0.8660254037844387100, 1.000000000000000000, 0.8660254037844387100, 1.000000000000000000, 0.8660254037844387100, 1.000000000000000000, 0.8660254037844387100, 1.000000000000000000, 0.8660254037844387100, 1.000000000000000000, 0.8660254037844387100, 1.000000000000000000, 0.8660254037844387100, 1.000000000000000000, 0.8660254037844387100, 1.000000000000000000, 0.8660254037844387100, 1.000000000000000000, 0.8660254037844387100, 1.000000000000000000, 0.8660254037844387100, 1.000000000000000000, 0.8660254037844387100, 1.000000000000000000, 0.8660254037844387100, 1.000000000000000000, 0.8660254037844387100, 1.000000000000000000, 0.8660254037844387100, 1.000000000000000000, 0.8660254037844387100, 1.000000000000000000, 0.8660254037844387100, 1.000000000000000000, 0.8660254037844387100, 1.000000000000000000, 0.8660254037844387100, 1.000000000000000000, 0.8660254037844387100, 1.000000000000000000, 0.8660254037844387100, 1.000000000000000000, 0.8660254037844387100, 1.000000000000000000, 0.8660254037844387100, 1.000000000000000000, 0.8660254037844387100, 1.000000000000000000, 0.8660254037844387100, 1.000000000000000000, 0.8660254037844387100, 1.000000000000000000, 0.8660254037844387100, 1.000000000000000000, 0.8660254037844387100, 1.000000000000000000, 0.8660254037844387100, 1.000000000000000000, 0.8660254037844387100, 1.000000000000000000, 0.8660254037844387100, 1.000000000000000000, 0.8660254037844387100, 1.000000000000000000, 0.8660254037844387100, 1.000000000000000000, 0.8660254037844387100, 1.000000000000000000, 0.8660254037844387100, 1.000000000000000000, 0.8660254037844387100, 1.000000000000000000, 0.8660254037844387100, 1.000000000000000000, 0.8660254037844387100, 1.000000000000000000, 0.8660254037844387100, 1.000000000000000000, 0.8660254037844387100, 1.000000000000000000, 0.8660254037844387100, 1.000000000000000000, 0.8660254037844387100, 1.000000000000000000, 0.8660254037844387100, 1.000000000000000000, 0.8660254037844387100, 1.000000000000000000, 0.8660254037844387100, 1.000000000000000000, 0.8660254037844387100, 1.000000000000000000, 0.8660254037844387100, 1.000000000000000000, 0.8660254037844387100, 1.000000000000000000, 0.8660254037844387100, 1.000000000000000000, 0.8660254037844387100, 1.000000000000000000, 0.8660254037844387100, 1.000000000000000000, 0.8660254037844387100, 1.000000000000000000, 0.8660254037844387100, 1.000000000000000000, 0.8660254037844387100, 1.000000000000000000, 0.8660254037844387100, 1.000000000000000000, 0.8660254037844387100, 1.000000000000000000, 0.8660254037844387100, 1.000000000000000000, 0.8660254037844387100, 1.000000000000000000, 0.8660254037844387100, 1.000000000000000000, 0.8660254037844387100, 1.000000000000000000, 0.8660254037844387100, 1.000000000000000000, 0.8660254037844387100, 1.000000000000000000, 0.8660254037844387100, 1.000000000000000000, 0.8660254037844387100, 1.000000000000000000, 0.8660254037844387100, 1.000000000000000000, 0.8660254037844387100, 1.000000000000000000, 0.9713967007114365800, 0.9550068919397583000 ) ) 
 REPRESENTATION_ITEM ( '' )  );
#941 = CARTESIAN_POINT ( 'NONE',  ( -0.8660254037844396000, -1.500000000000000700, -2.729166666666687800 ) ) ;
#942 = CARTESIAN_POINT ( 'NONE',  ( 0.6785254037844382600, -1.175240473580835500, -4.958333333333333900 ) ) ;
#943 = CARTESIAN_POINT ( 'NONE',  ( -0.6785254037844384900, 1.175240473580835700, 0.2916666666666666900 ) ) ;
#944 = CARTESIAN_POINT ( 'NONE',  ( -1.017788105676658000, 0.5876202367904178600, 1.833333333333333500 ) ) ;
#945 = CARTESIAN_POINT ( 'NONE',  ( 0.8816504037844380400, -1.527063293868264000, 0.3072916666666857300 ) ) ;
#946 = CARTESIAN_POINT ( 'NONE',  ( -1.249999999999999800, 1.530534561345758100E-016, 5.198371151552881200 ) ) ;
#947 = LINE ( 'NONE', #2915, #2429 ) ;
#948 = CARTESIAN_POINT ( 'NONE',  ( 1.322475605676657300, -0.7635316469341323400, 1.880208333333310200 ) ) ;
#949 = ORIENTED_EDGE ( 'NONE', *, *, #3797, .F. ) ;
#950 = CARTESIAN_POINT ( 'NONE',  ( 0.8660254037844342700, 1.500000000000010700, 0.4583333333333519700 ) ) ;
#951 = VERTEX_POINT ( 'NONE', #1339 ) ;
#952 = CARTESIAN_POINT ( 'NONE',  ( 0.8660254037844428200, 1.499999999999995800, -2.979166666666688300 ) ) ;
#953 = CARTESIAN_POINT ( 'NONE',  ( -0.6785254037844389300, -1.175240473580835300, -3.541666666666666500 ) ) ;
#954 = CARTESIAN_POINT ( 'NONE',  ( 0.6785254037844393700, 1.175240473580835300, 0.7083333333333333700 ) ) ;
#955 = CARTESIAN_POINT ( 'NONE',  ( 0.0000000000000000000, 1.527063293868263300, -4.953125000000022200 ) ) ;
#956 = CARTESIAN_POINT ( 'NONE',  ( 0.8816504037844380400, -1.527063293868264000, 0.8072916666666861700 ) ) ;
#957 = EDGE_LOOP ( 'NONE', ( #1278, #136, #3638, #1187 ) ) ;
#958 = CARTESIAN_POINT ( 'NONE',  ( 1.250000000000000000, -0.7216878364870316100, 5.391746824526944900 ) ) ;
#959 = CYLINDRICAL_SURFACE ( 'NONE', #3093, 1.500000000000000900 ) ;
#960 = CARTESIAN_POINT ( 'NONE',  ( 0.0000000000000000000, 1.296351071171740300E-055, -5.500000000000000000 ) ) ;
#961 = CARTESIAN_POINT ( 'NONE',  ( 1.732050807568878500, -3.181725716174723000E-016, -4.562500000000021300 ) ) ;
#962 = ORIENTED_EDGE ( 'NONE', *, *, #641, .T. ) ;
#963 = EDGE_CURVE ( 'NONE', #1613, #3519, #1836, .T. ) ;
#964 = CARTESIAN_POINT ( 'NONE',  ( -0.6785254037844384900, 1.175240473580835700, -0.1458333333333337600 ) ) ;
#965 = VECTOR ( 'NONE', #2852, 1000.000000000000000 ) ;
#966 = CARTESIAN_POINT ( 'NONE',  ( 1.299038105676658400, -0.7500000000000011100, 0.3333333333333513000 ) ) ;
#967 = ORIENTED_EDGE ( 'NONE', *, *, #1209, .F. ) ;
#968 = DIRECTION ( 'NONE',  ( -0.0000000000000000000, 1.178500973792491200E-056, -1.000000000000000000 ) ) ;
#969 = CONICAL_SURFACE ( 'NONE', #1109, 1.175240473580835500, 0.7853981633974446200 ) ;
#970 = CARTESIAN_POINT ( 'NONE',  ( -0.6785254037844389300, -1.175240473580835300, -3.041666666666666500 ) ) ;
#971 = ORIENTED_EDGE ( 'NONE', *, *, #548, .F. ) ;
#972 = CARTESIAN_POINT ( 'NONE',  ( 0.6785254037844382600, -1.175240473580835700, -0.4583333333333332000 ) ) ;
#973 = CARTESIAN_POINT ( 'NONE',  ( 0.0000000000000000000, 1.527063293868263300, -2.953125000000022600 ) ) ;
#974 = CARTESIAN_POINT ( 'NONE',  ( -0.8816504037844382600, 1.527063293868263300, 0.05729166666668551000 ) ) ;
#975 = CARTESIAN_POINT ( 'NONE',  ( -1.836970198721030900E-016, -1.500000000000000900, 1.250000000000018400 ) ) ;
#976 = CARTESIAN_POINT ( 'NONE',  ( 0.3619740381478497300, -1.500000000000000900, 2.329915484030338700 ) ) ;
#977 = CARTESIAN_POINT ( 'NONE',  ( 0.6785254037844382600, -1.175240473580835700, 1.604166666666666700 ) ) ;
#978 = DIRECTION ( 'NONE',  ( -0.0000000000000000000, 1.178500973792491200E-056, -1.000000000000000000 ) ) ;
#979 = CARTESIAN_POINT ( 'NONE',  ( 1.017788105676658200, 0.5876202367904168600, 0.7291666666666670700 ) ) ;
#980 = CARTESIAN_POINT ( 'NONE',  ( -1.357050807568877200, 8.309539638847781400E-017, -4.062500000000000000 ) ) ;
#981 = CARTESIAN_POINT ( 'NONE',  ( -1.017788105676658000, 0.5876202367904178600, -2.666666666666666500 ) ) ;
#982 = CARTESIAN_POINT ( 'NONE',  ( -0.6785254037844384900, 1.175240473580835700, -0.2083333333333337900 ) ) ;
#983 = CARTESIAN_POINT ( 'NONE',  ( 0.8816504037844392600, 1.527063293868263100, -3.494791666666689600 ) ) ;
#984 = CARTESIAN_POINT ( 'NONE',  ( 1.017788105676657800, -0.5876202367904183000, -5.354166666666667000 ) ) ;
#985 = CARTESIAN_POINT ( 'NONE',  ( 0.0000000000000000000, 3.535502921377472600E-056, 2.500000000000000400 ) ) ;
#986 = DIRECTION ( 'NONE',  ( 0.0000000000000000000, 1.000000000000000000, 0.0000000000000000000 ) ) ;
#987 = CARTESIAN_POINT ( 'NONE',  ( 3.103284636243910000E-016, -1.443375672974064300, -1.318813079129866200 ) ) ;
#988 = CARTESIAN_POINT ( 'NONE',  ( -1.017788105676658000, 0.5876202367904178600, -2.104166666666666500 ) ) ;
#989 = DIRECTION ( 'NONE',  ( -0.0000000000000000000, 1.178500973792491200E-056, -1.000000000000000000 ) ) ;
#990 = CARTESIAN_POINT ( 'NONE',  ( 1.082363013904093600, -0.4757732148464017800, 2.153764123134676900 ) ) ;
#991 =( BOUNDED_CURVE ( )  B_SPLINE_CURVE ( 2, ( #859, #2639, #3505, #1154, #1426, #2357, #3790 ),
 .UNSPECIFIED., .F., .T. ) 
 B_SPLINE_CURVE_WITH_KNOTS ( ( 3, 2, 2, 3 ),
 ( 0.1764705882352940700, 0.1862745098039215200, 0.1960784313725489900, 0.2058823529411764300 ),
 .UNSPECIFIED. ) 
 CURVE ( )  GEOMETRIC_REPRESENTATION_ITEM ( )  RATIONAL_B_SPLINE_CURVE ( ( 1.000000000000000900, 0.8660254037844380400, 1.000000000000000000, 0.8660254037844387100, 1.000000000000000000, 0.8660254037844390400, 0.9999999999999996700 ) ) 
 REPRESENTATION_ITEM ( '' )  );
#992 = CARTESIAN_POINT ( 'NONE',  ( -1.439254484199189600E-016, -1.175240473580835500, 0.5624999999999996700 ) ) ;
#993 = CARTESIAN_POINT ( 'NONE',  ( 0.8660254037844413700, -1.499999999999996000, -0.2083333333333143600 ) ) ;
#994 = CARTESIAN_POINT ( 'NONE',  ( 1.017788105676657800, -0.5876202367904183000, -2.916666666666667000 ) ) ;
#995 = CARTESIAN_POINT ( 'NONE',  ( 1.357050807568877200, -2.492861891654333800E-016, -0.3750000000000003900 ) ) ;
#996 = CARTESIAN_POINT ( 'NONE',  ( 1.763300807568877000, -3.239131034884752100E-016, -3.078125000000022600 ) ) ;
#997 = VECTOR ( 'NONE', #2195, 1000.000000000000000 ) ;
#998 = CARTESIAN_POINT ( 'NONE',  ( -1.017788105676658000, 0.5876202367904178600, -5.104166666666667000 ) ) ;
#999 = AXIS2_PLACEMENT_3D ( 'NONE', #261, #1749, #1134 ) ;
#1000 = DIRECTION ( 'NONE',  ( 0.0000000000000000000, 1.000000000000000000, 0.0000000000000000000 ) ) ;
#1001 = DIRECTION ( 'NONE',  ( -0.0000000000000000000, 1.178500973792491200E-056, -1.000000000000000000 ) ) ;
#1002 = ORIENTED_EDGE ( 'NONE', *, *, #2507, .T. ) ;
#1003 = CARTESIAN_POINT ( 'NONE',  ( -1.017788105676658000, 0.5876202367904178600, -1.104166666666666500 ) ) ;
#1004 = CARTESIAN_POINT ( 'NONE',  ( 0.8660254037844342700, 1.500000000000010700, -4.041666666666647400 ) ) ;
#1005 = CARTESIAN_POINT ( 'NONE',  ( 1.357050807568877200, -2.492861891654333800E-016, 1.687499999999999800 ) ) ;
#1006 = CARTESIAN_POINT ( 'NONE',  ( 0.0000000000000000000, 1.500000000000000900, -1.937500000000021500 ) ) ;
#1007 = ORIENTED_EDGE ( 'NONE', *, *, #2383, .T. ) ;
#1008 = LOCAL_TIME ( 8, 29, 13.00000000000000000, #3054 ) ;
#1009 = CARTESIAN_POINT ( 'NONE',  ( -1.439254484199189600E-016, -1.175240473580835500, -4.437500000000000000 ) ) ;
#1010 = ORIENTED_EDGE ( 'NONE', *, *, #493, .T. ) ;
#1011 = CARTESIAN_POINT ( 'NONE',  ( 0.6785254037844382600, -1.175240473580835500, -2.895833333333333500 ) ) ;
#1012 = DIRECTION ( 'NONE',  ( -0.0000000000000000000, 1.178500973792491200E-056, -1.000000000000000000 ) ) ;
#1013 = CARTESIAN_POINT ( 'NONE',  ( -1.322475605676657800, -0.7635316469341314500, -3.786458333333356100 ) ) ;
#1014 = CARTESIAN_POINT ( 'NONE',  ( 1.017788105676658200, 0.5876202367904168600, -4.770833333333333900 ) ) ;
#1015 = ORIENTED_EDGE ( 'NONE', *, *, #3617, .T. ) ;
#1016 = DIRECTION ( 'NONE',  ( -0.0000000000000000000, 1.178500973792491200E-056, -1.000000000000000000 ) ) ;
#1017 = CARTESIAN_POINT ( 'NONE',  ( 0.0000000000000000000, 1.500000000000000900, 0.06249999999997857300 ) ) ;
#1018 =( BOUNDED_CURVE ( )  B_SPLINE_CURVE ( 2, ( #812, #2616, #2576, #2025, #851, #2334, #2590 ),
 .UNSPECIFIED., .F., .T. ) 
 B_SPLINE_CURVE_WITH_KNOTS ( ( 3, 2, 2, 3 ),
 ( 0.08980206246310568100, 0.09803921568627450800, 0.1078431372549019700, 0.1176470588235294100 ),
 .UNSPECIFIED. ) 
 CURVE ( )  GEOMETRIC_REPRESENTATION_ITEM ( )  RATIONAL_B_SPLINE_CURVE ( ( 0.9640221895667575600, 0.8874359337419450700, 1.000000000000000000, 0.8660254037844387100, 1.000000000000000000, 0.8660254037844387100, 1.000000000000000000 ) ) 
 REPRESENTATION_ITEM ( '' )  );
#1019 = CARTESIAN_POINT ( 'NONE',  ( 0.0000000000000000000, 1.296351071171740300E-055, -5.500000000000000000 ) ) ;
#1020 = CARTESIAN_POINT ( 'NONE',  ( -0.6785254037844384900, 1.175240473580835700, -2.645833333333333500 ) ) ;
#1021 = CARTESIAN_POINT ( 'NONE',  ( 0.6785254037844393700, 1.175240473580835300, -0.7291666666666671800 ) ) ;
#1022 = FACE_OUTER_BOUND ( 'NONE', #2839, .T. ) ;
#1023 = EDGE_CURVE ( 'NONE', #3051, #238, #436, .T. ) ;
#1024 = EDGE_LOOP ( 'NONE', ( #347, #3020, #1064, #2216 ) ) ;
#1025 = CARTESIAN_POINT ( 'NONE',  ( 1.250000000000000000, -2.739268375193305200E-020, 5.198371151552881200 ) ) ;
#1026 = CARTESIAN_POINT ( 'NONE',  ( -1.017788105676658200, -0.5876202367904175300, -5.020833333333333000 ) ) ;
#1027 = CARTESIAN_POINT ( 'NONE',  ( -1.357050807568877200, 8.309539638847781400E-017, -4.062500000000000000 ) ) ;
#1028 = CARTESIAN_POINT ( 'NONE',  ( -1.763300807568877000, 1.079710344961584000E-016, -4.328125000000023100 ) ) ;
#1029 = CARTESIAN_POINT ( 'NONE',  ( -0.6785254037844389300, -1.175240473580835500, -3.979166666666666100 ) ) ;
#1030 = CARTESIAN_POINT ( 'NONE',  ( 0.0000000000000000000, 1.500000000000000900, -5.500000000000000000 ) ) ;
#1031 = CARTESIAN_POINT ( 'NONE',  ( 1.357050807568877200, -2.492861891654333800E-016, -1.312500000000000200 ) ) ;
#1032 = CARTESIAN_POINT ( 'NONE',  ( 1.017788105676657800, -0.5876202367904183000, -4.916666666666666100 ) ) ;
#1033 = SECURITY_CLASSIFICATION ( '', '', #489 ) ;
#1034 = CARTESIAN_POINT ( 'NONE',  ( -1.439254484199189600E-016, -1.175240473580835500, -5.500000000000000000 ) ) ;
#1035 = CARTESIAN_POINT ( 'NONE',  ( -1.017788105676658200, -0.5876202367904175300, -4.020833333333333000 ) ) ;
#1036 = CARTESIAN_POINT ( 'NONE',  ( 1.017788105676657800, -0.5876202367904183000, -4.854166666666666100 ) ) ;
#1037 = CARTESIAN_POINT ( 'NONE',  ( 1.357050807568877200, -2.492861891654333800E-016, 2.625000000000000400 ) ) ;
#1038 = CARTESIAN_POINT ( 'NONE',  ( -1.322475605676657800, 0.7635316469341318900, 0.1302083333333103300 ) ) ;
#1039 = CARTESIAN_POINT ( 'NONE',  ( 1.763300807568877000, -3.239131034884752100E-016, 2.390625000000019500 ) ) ;
#1040 = EDGE_CURVE ( 'NONE', #2732, #638, #137, .T. ) ;
#1041 = CARTESIAN_POINT ( 'NONE',  ( 2.833373647570990600E-014, 1.251017696411969700, 2.206249999999996300 ) ) ;
#1042 = CARTESIAN_POINT ( 'NONE',  ( -0.6785254037844389300, -1.175240473580835500, -1.979166666666666700 ) ) ;
#1043 = CARTESIAN_POINT ( 'NONE',  ( 0.6785254037844382600, -1.175240473580835700, -4.958333333333333900 ) ) ;
#1044 = CYLINDRICAL_SURFACE ( 'NONE', #3726, 1.500000000000000900 ) ;
#1045 = CARTESIAN_POINT ( 'NONE',  ( 1.250000000000000200, -0.2534697143641934700, 5.198371151552880300 ) ) ;
#1046 = EDGE_CURVE ( 'NONE', #3518, #2274, #756, .T. ) ;
#1047 = CARTESIAN_POINT ( 'NONE',  ( 3.367778697655221000E-016, 2.750000000000000000, 2.650000000000001200 ) ) ;
#1048 = CARTESIAN_POINT ( 'NONE',  ( -1.357050807568877200, 8.309539638847781400E-017, -3.062500000000000000 ) ) ;
#1049 = CARTESIAN_POINT ( 'NONE',  ( 0.0000000000000000000, 1.527063293868263300, -1.453125000000022900 ) ) ;
#1050 = CARTESIAN_POINT ( 'NONE',  ( 1.017788105676658200, 0.5876202367904168600, -2.270833333333333500 ) ) ;
#1051 = VERTEX_POINT ( 'NONE', #3459 ) ;
#1052 = AXIS2_PLACEMENT_3D ( 'NONE', #1071, #3363, #1594 ) ;
#1053 = DIRECTION ( 'NONE',  ( 0.0000000000000000000, 1.000000000000000000, 0.0000000000000000000 ) ) ;
#1054 = CARTESIAN_POINT ( 'NONE',  ( 0.0000000000000000000, 1.175240473580835500, 0.3125000000000002800 ) ) ;
#1055 = CARTESIAN_POINT ( 'NONE',  ( -0.6785254037844389300, -1.175240473580835500, -4.041666666666666100 ) ) ;
#1056 = VERTEX_POINT ( 'NONE', #1047 ) ;
#1057 = DIRECTION ( 'NONE',  ( 0.0000000000000000000, 1.000000000000000000, 1.178500973792491200E-056 ) ) ;
#1058 = VECTOR ( 'NONE', #2376, 1000.000000000000000 ) ;
#1059 = CARTESIAN_POINT ( 'NONE',  ( -0.8660254037844391500, 1.500000000000000700, 1.104166666666645000 ) ) ;
#1060 = ORIENTED_EDGE ( 'NONE', *, *, #1838, .T. ) ;
#1061 = CARTESIAN_POINT ( 'NONE',  ( -1.299038105676658700, -0.7500000000000001100, -0.8333333333333151600 ) ) ;
#1062 = CYLINDRICAL_SURFACE ( 'NONE', #1373, 1.500000000000000900 ) ;
#1063 = CARTESIAN_POINT ( 'NONE',  ( 1.017788105676657800, -0.5876202367904183000, -3.354166666666667000 ) ) ;
#1064 = ORIENTED_EDGE ( 'NONE', *, *, #3231, .F. ) ;
#1065 = CARTESIAN_POINT ( 'NONE',  ( -3.204619126434813600E-016, 1.443375672974063900, -1.318813079129866200 ) ) ;
#1066 = CARTESIAN_POINT ( 'NONE',  ( -1.763300807568877000, 1.079710344961584000E-016, -0.3281250000000228700 ) ) ;
#1067 = CARTESIAN_POINT ( 'NONE',  ( -0.6785254037844384900, 1.175240473580835700, -1.145833333333332800 ) ) ;
#1068 =( BOUNDED_CURVE ( )  B_SPLINE_CURVE ( 2, ( #3007, #50, #61, #662, #651, #952, #3619 ),
 .UNSPECIFIED., .F., .T. ) 
 B_SPLINE_CURVE_WITH_KNOTS ( ( 3, 2, 2, 3 ),
 ( 0.3235294117647059000, 0.3333333333333333100, 0.3431372549019607300, 0.3529411764705882000 ),
 .UNSPECIFIED. ) 
 CURVE ( )  GEOMETRIC_REPRESENTATION_ITEM ( )  RATIONAL_B_SPLINE_CURVE ( ( 1.000000000000000000, 0.8660254037844387100, 1.000000000000000000, 0.8660254037844387100, 1.000000000000000000, 0.8660254037844394800, 0.9999999999999992200 ) ) 
 REPRESENTATION_ITEM ( '' )  );
#1069 = CARTESIAN_POINT ( 'NONE',  ( -1.836970198721030900E-016, -1.500000000000000900, -2.187500000000021300 ) ) ;
#1070 = ADVANCED_FACE ( 'NONE', ( #1179 ), #2628, .F. ) ;
#1071 = CARTESIAN_POINT ( 'NONE',  ( 0.0000000000000000000, 1.296351071171740300E-055, -5.500000000000000000 ) ) ;
#1072 = ORIENTED_EDGE ( 'NONE', *, *, #3340, .F. ) ;
#1073 = CARTESIAN_POINT ( 'NONE',  ( -1.017788105676658200, -0.5876202367904175300, 1.479166666666666700 ) ) ;
#1074 = CARTESIAN_POINT ( 'NONE',  ( 0.0000000000000000000, 1.175240473580835500, -5.249999999999999100 ) ) ;
#1075 = ORIENTED_EDGE ( 'NONE', *, *, #2383, .F. ) ;
#1076 = CARTESIAN_POINT ( 'NONE',  ( 1.357050807568877200, -2.492861891654334300E-016, -1.875000000000000000 ) ) ;
#1077 = CARTESIAN_POINT ( 'NONE',  ( -1.299038105676658700, 0.7500000000000005600, 1.145833333333311500 ) ) ;
#1078 = CARTESIAN_POINT ( 'NONE',  ( -0.1975317408473106800, 1.329330669222374100, 5.287417583756784700 ) ) ;
#1079 = CARTESIAN_POINT ( 'NONE',  ( 0.0000000000000000000, 1.500000000000000900, -0.9999999999999815700 ) ) ;
#1080 = CARTESIAN_POINT ( 'NONE',  ( -1.017788105676658000, 0.5876202367904178600, -0.6041666666666669600 ) ) ;
#1081 = AXIS2_PLACEMENT_3D ( 'NONE', #2736, #367, #986 ) ;
#1082 = APPLICATION_CONTEXT ( 'configuration controlled 3d designs of mechanical parts and assemblies' ) ;
#1083 = CARTESIAN_POINT ( 'NONE',  ( -0.8816504037844382600, 1.527063293868263300, -1.911458333333356100 ) ) ;
#1084 = CARTESIAN_POINT ( 'NONE',  ( -1.017788105676658000, 0.5876202367904178600, -1.604166666666667000 ) ) ;
#1085 = DIRECTION ( 'NONE',  ( 1.000000000000000000, 1.224646799147353200E-016, 1.443247445347013200E-072 ) ) ;
#1086 = CARTESIAN_POINT ( 'NONE',  ( -1.017788105676658200, -0.5876202367904175300, 1.979166666666666300 ) ) ;
#1087 = CARTESIAN_POINT ( 'NONE',  ( 1.357050807568877200, -2.492861891654333800E-016, -1.875000000000000000 ) ) ;
#1088 = AXIS2_PLACEMENT_3D ( 'NONE', #40, #359, #3595 ) ;
#1089 = CARTESIAN_POINT ( 'NONE',  ( -1.439254484199189600E-016, -1.175240473580835500, -1.000000000000000000 ) ) ;
#1090 = CARTESIAN_POINT ( 'NONE',  ( 0.0000000000000000000, 1.175240473580835500, 2.312500000000000400 ) ) ;
#1091 = CARTESIAN_POINT ( 'NONE',  ( -0.8660254037844508100, -1.499999999999980900, 0.2708333333333104400 ) ) ;
#1092 = CARTESIAN_POINT ( 'NONE',  ( 0.0000000000000000000, -6.481755355858701300E-056, 5.500000000000000000 ) ) ;
#1093 = CARTESIAN_POINT ( 'NONE',  ( 1.017788105676658200, 0.5876202367904168600, -1.770833333333333500 ) ) ;
#1094 = CARTESIAN_POINT ( 'NONE',  ( 0.8816504037844380400, -1.527063293868264000, 0.3385416666666441500 ) ) ;
#1095 = CARTESIAN_POINT ( 'NONE',  ( -1.439254484199189600E-016, -1.175240473580835500, -1.437500000000000400 ) ) ;
#1096 = EDGE_CURVE ( 'NONE', #3210, #303, #3453, .T. ) ;
#1097 = CARTESIAN_POINT ( 'NONE',  ( -1.249999999999999600, -0.7216878364870323900, 3.500000000000000400 ) ) ;
#1098 = EDGE_LOOP ( 'NONE', ( #2264, #2594, #3405 ) ) ;
#1099 = CARTESIAN_POINT ( 'NONE',  ( 0.6785254037844382600, -1.175240473580835700, 1.604166666666666700 ) ) ;
#1100 = CARTESIAN_POINT ( 'NONE',  ( 1.357050807568877200, -2.492861891654333800E-016, -2.875000000000000000 ) ) ;
#1101 = CARTESIAN_POINT ( 'NONE',  ( -0.8816504037844389300, -1.527063293868263100, -3.776041666666647900 ) ) ;
#1102 = CARTESIAN_POINT ( 'NONE',  ( -1.017788105676658000, 0.5876202367904178600, -0.6666666666666669600 ) ) ;
#1103 = ORIENTED_EDGE ( 'NONE', *, *, #3052, .F. ) ;
#1104 = AXIS2_PLACEMENT_3D ( 'NONE', #1319, #484, #3166 ) ;
#1105 = VERTEX_POINT ( 'NONE', #3125 ) ;
#1106 = CARTESIAN_POINT ( 'NONE',  ( 0.6785254037844392600, 1.175240473580835100, -0.2291666666666666000 ) ) ;
#1107 = CARTESIAN_POINT ( 'NONE',  ( 1.322475605676657300, -0.7635316469341323400, 1.380208333333310600 ) ) ;
#1108 = CARTESIAN_POINT ( 'NONE',  ( -0.6785254037844384900, 1.175240473580835700, -2.145833333333333500 ) ) ;
#1109 = AXIS2_PLACEMENT_3D ( 'NONE', #739, #1409, #2880 ) ;
#1110 = VERTEX_POINT ( 'NONE', #3229 ) ;
#1111 = DIRECTION ( 'NONE',  ( 0.0000000000000000000, 1.000000000000000000, 0.0000000000000000000 ) ) ;
#1112 = CARTESIAN_POINT ( 'NONE',  ( -1.836970198721030900E-016, -1.500000000000000900, -4.749999999999981300 ) ) ;
#1113 = CARTESIAN_POINT ( 'NONE',  ( -1.357050807568877200, 8.309539638847781400E-017, 2.437500000000000400 ) ) ;
#1114 = CARTESIAN_POINT ( 'NONE',  ( 1.017788105676657800, -0.5876202367904183000, -1.916666666666666700 ) ) ;
#1115 = CYLINDRICAL_SURFACE ( 'NONE', #3219, 1.500000000000000900 ) ;
#1116 = CARTESIAN_POINT ( 'NONE',  ( 0.0000000000000000000, 1.527063293868263300, -5.484374999999980500 ) ) ;
#1117 = ORIENTED_EDGE ( 'NONE', *, *, #764, .T. ) ;
#1118 = CARTESIAN_POINT ( 'NONE',  ( 1.017788105676658200, 0.5876202367904168600, -0.8333333333333334800 ) ) ;
#1119 = CARTESIAN_POINT ( 'NONE',  ( 1.017788105676657800, -0.5876202367904183000, 0.6458333333333333700 ) ) ;
#1120 = CARTESIAN_POINT ( 'NONE',  ( 0.0000000000000000000, 1.500000000000000900, -3.437500000000021800 ) ) ;
#1121 = VERTEX_POINT ( 'NONE', #836 ) ;
#1122 = B_SPLINE_CURVE_WITH_KNOTS ( 'NONE', 3,
 ( #3466, #3161, #2308, #1705 ),
 .UNSPECIFIED., .F., .F.,
 ( 4, 4 ),
 ( 0.001512921290015668600, 0.002260257827930993200 ),
 .UNSPECIFIED. ) ;
#1123 = CARTESIAN_POINT ( 'NONE',  ( -1.017788105676658200, -0.5876202367904175300, -0.5208333333333332600 ) ) ;
#1124 = DIRECTION ( 'NONE',  ( -0.0000000000000000000, 1.178500973792491200E-056, -1.000000000000000000 ) ) ;
#1125 = EDGE_CURVE ( 'NONE', #1677, #2713, #947, .T. ) ;
#1126 = CARTESIAN_POINT ( 'NONE',  ( -1.322475605676657800, -0.7635316469341314500, 1.213541666666644100 ) ) ;
#1127 = ORIENTED_EDGE ( 'NONE', *, *, #2433, .F. ) ;
#1128 = CARTESIAN_POINT ( 'NONE',  ( 1.299038105676659300, 0.7499999999999993300, -0.5833333333333149400 ) ) ;
#1129 = CARTESIAN_POINT ( 'NONE',  ( -0.6785254037844389300, -1.175240473580835500, -5.041666666666667000 ) ) ;
#1130 = CARTESIAN_POINT ( 'NONE',  ( -1.439254484199189600E-016, -1.175240473580835500, -3.500000000000000000 ) ) ;
#1131 = CARTESIAN_POINT ( 'NONE',  ( 0.8816504037844392600, 1.527063293868263100, -5.026041666666647400 ) ) ;
#1132 = EDGE_CURVE ( 'NONE', #1051, #3536, #2489, .T. ) ;
#1133 = CARTESIAN_POINT ( 'NONE',  ( -0.6785254037844383700, 1.175240473580835500, -1.208333333333333000 ) ) ;
#1134 = DIRECTION ( 'NONE',  ( 0.0000000000000000000, 1.000000000000000000, 0.0000000000000000000 ) ) ;
#1135 = CARTESIAN_POINT ( 'NONE',  ( 1.017788105676658200, 0.5876202367904168600, -1.270833333333333000 ) ) ;
#1136 = CARTESIAN_POINT ( 'NONE',  ( -0.1774736784806992000, 1.259884161640530700, 2.211369056086081000 ) ) ;
#1137 = CARTESIAN_POINT ( 'NONE',  ( -1.836970198721030900E-016, -1.500000000000000900, -2.687500000000021300 ) ) ;
#1138 = CARTESIAN_POINT ( 'NONE',  ( 0.8660254037844303800, 1.500000000000018000, 1.458333333333352800 ) ) ;
#1139 = CARTESIAN_POINT ( 'NONE',  ( -1.017788105676658200, -0.5876202367904175300, -4.583333333333333000 ) ) ;
#1140 = CARTESIAN_POINT ( 'NONE',  ( 1.017788105676657800, -0.5876202367904183000, -2.416666666666667000 ) ) ;
#1141 = CARTESIAN_POINT ( 'NONE',  ( 0.8816504037844392600, 1.527063293868263100, -4.526041666666647400 ) ) ;
#1142 = CARTESIAN_POINT ( 'NONE',  ( -1.357050807568877200, 8.309539638847781400E-017, -3.062500000000000000 ) ) ;
#1143 =( BOUNDED_CURVE ( )  B_SPLINE_CURVE ( 2, ( #800, #1788, #562, #3798, #296, #2352, #1753 ),
 .UNSPECIFIED., .F., .T. ) 
 B_SPLINE_CURVE_WITH_KNOTS ( ( 3, 2, 2, 3 ),
 ( 0.6764705882352941600, 0.6862745098039215700, 0.6960784313725488800, 0.7058823529411764100 ),
 .UNSPECIFIED. ) 
 CURVE ( )  GEOMETRIC_REPRESENTATION_ITEM ( )  RATIONAL_B_SPLINE_CURVE ( ( 1.000000000000000000, 0.8660254037844387100, 1.000000000000000000, 0.8660254037844387100, 1.000000000000000000, 0.8660254037844402600, 0.9999999999999984500 ) ) 
 REPRESENTATION_ITEM ( '' )  );
#1144 = CARTESIAN_POINT ( 'NONE',  ( 1.299038105676658400, -0.7500000000000011100, -0.6041666666666883900 ) ) ;
#1145 = VERTEX_POINT ( 'NONE', #3816 ) ;
#1146 = EDGE_CURVE ( 'NONE', #2606, #2765, #2418, .T. ) ;
#1147 = DIRECTION ( 'NONE',  ( 0.0000000000000000000, 0.7071067811865495700, -0.7071067811865454600 ) ) ;
#1148 = CARTESIAN_POINT ( 'NONE',  ( 1.357050807568877200, -2.492861891654333800E-016, -4.375000000000000000 ) ) ;
#1149 = CARTESIAN_POINT ( 'NONE',  ( -1.017788105676658000, 0.5876202367904178600, 0.8333333333333334800 ) ) ;
#1150 = ORIENTED_EDGE ( 'NONE', *, *, #2261, .F. ) ;
#1151 = CARTESIAN_POINT ( 'NONE',  ( -0.8816504037844389300, -1.527063293868263100, -5.276041666666648300 ) ) ;
#1152 = CARTESIAN_POINT ( 'NONE',  ( -1.017788105676658200, -0.5876202367904175300, 1.416666666666666700 ) ) ;
#1153 = PERSON_AND_ORGANIZATION ( #850, #3642 ) ;
#1154 = CARTESIAN_POINT ( 'NONE',  ( -1.732050807568878500, 1.060575238724907400E-016, -4.312500000000022200 ) ) ;
#1155 = ORIENTED_EDGE ( 'NONE', *, *, #3818, .F. ) ;
#1156 = VECTOR ( 'NONE', #3485, 1000.000000000000000 ) ;
#1157 = VERTEX_POINT ( 'NONE', #558 ) ;
#1158 = AXIS2_PLACEMENT_3D ( 'NONE', #3155, #1124, #1355 ) ;
#1159 = DIRECTION ( 'NONE',  ( -0.0000000000000000000, 1.178500973792491200E-056, -1.000000000000000000 ) ) ;
#1160 = ORIENTED_EDGE ( 'NONE', *, *, #2564, .F. ) ;
#1161 = CARTESIAN_POINT ( 'NONE',  ( -0.6785254037844389300, -1.175240473580835500, -5.541666666666667000 ) ) ;
#1162 = CARTESIAN_POINT ( 'NONE',  ( -1.017788105676658000, 0.5876202367904178600, -1.166666666666666500 ) ) ;
#1163 = CARTESIAN_POINT ( 'NONE',  ( 0.0000000000000000000, 1.527063293868263300, -0.9843749999999809000 ) ) ;
#1164 = FACE_OUTER_BOUND ( 'NONE', #686, .T. ) ;
#1165 = ORIENTED_EDGE ( 'NONE', *, *, #325, .F. ) ;
#1166 = CARTESIAN_POINT ( 'NONE',  ( 0.0000000000000000000, 1.175240473580835500, 0.7499999999999997800 ) ) ;
#1167 = CARTESIAN_POINT ( 'NONE',  ( -1.299038105676658700, -0.7500000000000001100, -2.270833333333355200 ) ) ;
#1168 =( BOUNDED_CURVE ( )  B_SPLINE_CURVE ( 2, ( #1827, #648, #2403, #3258, #38, #2113, #2127 ),
 .UNSPECIFIED., .F., .T. ) 
 B_SPLINE_CURVE_WITH_KNOTS ( ( 3, 2, 2, 3 ),
 ( 0.9117647058823528100, 0.9215686274509803400, 0.9313725490196076400, 0.9411764705882350600 ),
 .UNSPECIFIED. ) 
 CURVE ( )  GEOMETRIC_REPRESENTATION_ITEM ( )  RATIONAL_B_SPLINE_CURVE ( ( 1.000000000000001600, 0.8660254037844371500, 1.000000000000000000, 0.8660254037844387100, 1.000000000000000000, 0.8660254037844417100, 0.9999999999999970000 ) ) 
 REPRESENTATION_ITEM ( '' )  );
#1169 = ORIENTED_EDGE ( 'NONE', *, *, #52, .F. ) ;
#1170 = EDGE_CURVE ( 'NONE', #3536, #620, #66, .T. ) ;
#1171 = CARTESIAN_POINT ( 'NONE',  ( -1.836970198721030900E-016, -1.500000000000000900, -4.187500000000022200 ) ) ;
#1172 = CARTESIAN_POINT ( 'NONE',  ( -1.836970198721030900E-016, -1.500000000000000900, 0.2500000000000184900 ) ) ;
#1173 = CARTESIAN_POINT ( 'NONE',  ( -0.6785254037844384900, 1.175240473580835700, -5.708333333333333000 ) ) ;
#1174 = CARTESIAN_POINT ( 'NONE',  ( -1.017788105676658000, 0.5876202367904178600, 1.333333333333333000 ) ) ;
#1175 = CARTESIAN_POINT ( 'NONE',  ( 1.763300807568877000, -3.239131034884752100E-016, -0.6093749999999805700 ) ) ;
#1176 = CARTESIAN_POINT ( 'NONE',  ( -1.299038105676658700, -0.7500000000000001100, -4.770833333333355200 ) ) ;
#1177 = CARTESIAN_POINT ( 'NONE',  ( -1.732050807568878500, 1.060575238724907400E-016, 1.687499999999978200 ) ) ;
#1178 = CARTESIAN_POINT ( 'NONE',  ( 0.0000000000000000000, 1.500000000000000900, -5.500000000000000000 ) ) ;
#1179 = FACE_OUTER_BOUND ( 'NONE', #1504, .T. ) ;
#1180 = CARTESIAN_POINT ( 'NONE',  ( -1.439254484199189600E-016, -1.175240473580835500, -2.500000000000000000 ) ) ;
#1181 = CARTESIAN_POINT ( 'NONE',  ( -1.357050807568877200, 8.309539638847781400E-017, 1.374999999999999600 ) ) ;
#1182 =( BOUNDED_SURFACE ( )  B_SPLINE_SURFACE ( 1, 2, ( 
 ( #2448, #3114, #2787, #702, #410, #3643, #2800, #2167, #2471, #100, #2459, #3061, #2517, #1632, #87, #732, #1026, #382, #1273, #141, #423, #672, #2768, #717, #3073, #1618, #2199, #3683, #3357, #2484, #1009, #3344, #3084, #3386, #2221, #3098, #1312, #2752, #395, #980, #1035, #690, #3655, #122, #1895, #110, #1588, #1299, #1922, #2812, #1882, #1322, #3397, #1575, #3373, #1602, #3667, #2210, #2184, #3609, #1680, #1785, #301, #1142, #175, #3160, #151, #2233, #3455, #1917, #2795, #404, #2511, #1020, #134, #3107, #1611, #1596, #741, #3662, #2524, #419, #1584, #2468, #428, #1317, #988, #3080, #107, #1042, #3394, #3651, #3675, #2806, #3352, #2780, #118, #1296, #3406, #1890, #3365, #682, #2217, #1877, #726, #1031, #2822, #1629, #1307, #1906, #1003, #2206, #1930, #2493, #1642, #710, #2196, #2479, #3091, #96, #3692, #698, #148, #3382, #3122, #2230, #442, #1332, #2176, #391, #2762, #3070, #1281, #1942, #2252, #3719, #2244, #2840, #216, #1410, #3708, #514, #2578, #161, #1054, #3762, #205, #3489, #2551, #2284, #768, #1396, #1969, #3467, #2855, #2267, #479, #3133, #2565, #3174, #1999, #2881, #801, #2535, #177, #754, #813, #468, #3437, #3748, #1674, #3733, #1073, #194, #495, #1099, #3420, #1706, #2592, #2298, #3145, #1361, #783, #2870, #1086, #457, #3163, #1376, #3451, #1691, #1349, #1983, #1657, #1960, #2896, #1113, #3187, #2624, #248, #2343, #853, #3810, #2948, #1447, #1434 ),
 ( #2957, #1173, #1746, #3501, #570, #1161, #3234, #2632, #2036, #3513, #3200, #1737, #3222, #2026, #3523, #3246, #3785, #1129, #2324, #528, #538, #1422, #2909, #2922, #3800, #2050, #2650, #2618, #1139, #1755, #280, #267, #563, #1148, #1467, #550, #843, #1718, #3212, #2061, #3773, #256, #2015, #862, #2336, #2939, #1457, #3537, #873, #1767, #3821, #2353, #235, #2310, #2607, #828, #3830, #2692, #1799, #2668, #1789, #21, #2097, #887, #1515, #2120, #2968, #3300, #338, #2396, #3556, #3288, #2367, #1205, #602, #1483, #1812, #1191, #1180, #312, #30, #2082, #2107, #326, #3253, #2412, #1211, #10, #3584, #3547, #43, #613, #2682, #1823, #3577, #2998, #1781, #1492, #1500, #298, #905, #920, #2377, #591, #2384, #896, #628, #3568, #2703, #2980, #3263, #2988, #2073, #931, #3274, #3010, #1219, #290, #577, #2658, #2169, #3334, #1235, #643, #63, #3310, #1275, #972, #2771, #995, #1549, #1538, #397, #982, #3065, #2461, #1859, #3323, #3024, #3612, #3048, #1844, #1564, #3075, #2145, #943, #362, #345, #2434, #654, #2715, #2733, #1251, #1871, #2473, #954, #3034, #1259, #103, #91, #384, #3631, #1289, #375, #3621, #1530, #73, #1884, #3597, #2155, #1832, #675, #2451, #664, #2743, #2754, #692, #3346, #1577, #3646, #2188, #53, #2134, #2421, #3657, #2528, #1622, #2504, #1604, #3685, #1923, #704, #1342, #1953, #2789, #3140, #170, #2239, #3377, #3127, #2200, #1037, #434, #1301, #1634 ) ),
 .UNSPECIFIED., .F., .F., .T. ) 
 B_SPLINE_SURFACE_WITH_KNOTS ( ( 2, 2 ),
 ( 3, 2, 2, 2, 2, 2, 2, 2, 2, 2, 2, 2, 2, 2, 2, 2, 2, 2, 2, 2, 2, 2, 2, 2, 2, 2, 2, 2, 2, 2, 2, 2, 2, 2, 2, 2, 2, 2, 2, 2, 2, 2, 2, 2, 2, 2, 2, 2, 2, 2, 2, 2, 2, 2, 2, 2, 2, 2, 2, 2, 2, 2, 2, 2, 2, 2, 2, 2, 2, 2, 2, 2, 2, 2, 2, 2, 2, 2, 2, 2, 2, 2, 2, 2, 2, 2, 2, 2, 2, 2, 2, 2, 2, 2, 2, 2, 2, 2, 2, 2, 2, 2, 3 ),
 ( 0.0000000000000000000, 1.000000000000000000 ),
 ( 0.0000000000000000000, 0.009803921568627450800, 0.01960784313725490200, 0.02941176470588235300, 0.03921568627450980300, 0.04901960784313725400, 0.05882352941176470500, 0.06862745098039216300, 0.07843137254901960700, 0.08823529411764706500, 0.09803921568627450800, 0.1078431372549019700, 0.1176470588235294100, 0.1274509803921568500, 0.1372549019607843300, 0.1470588235294117700, 0.1568627450980392100, 0.1666666666666666600, 0.1764705882352941300, 0.1862745098039215700, 0.1960784313725490200, 0.2058823529411764600, 0.2156862745098039300, 0.2254901960784313800, 0.2352941176470588200, 0.2450980392156862600, 0.2549019607843137100, 0.2647058823529411800, 0.2745098039215686500, 0.2843137254901960700, 0.2941176470588235400, 0.3039215686274509600, 0.3137254901960784300, 0.3235294117647059000, 0.3333333333333333100, 0.3431372549019607900, 0.3529411764705882600, 0.3627450980392156700, 0.3725490196078431500, 0.3823529411764705600, 0.3921568627450980300, 0.4019607843137255100, 0.4117647058823529200, 0.4215686274509803900, 0.4313725490196078600, 0.4411764705882352800, 0.4509803921568627500, 0.4607843137254901700, 0.4705882352941176400, 0.4803921568627451100, 0.4901960784313725300, 0.5000000000000000000, 0.5098039215686274200, 0.5196078431372549400, 0.5294117647058823600, 0.5392156862745097800, 0.5490196078431373000, 0.5588235294117647200, 0.5686274509803921400, 0.5784313725490196600, 0.5882352941176470800, 0.5980392156862744900, 0.6078431372549019100, 0.6176470588235294400, 0.6274509803921568500, 0.6372549019607842700, 0.6470588235294118000, 0.6568627450980392100, 0.6666666666666666300, 0.6764705882352941600, 0.6862745098039215700, 0.6960784313725489900, 0.7058823529411765200, 0.7156862745098039300, 0.7254901960784313500, 0.7352941176470588800, 0.7450980392156862900, 0.7549019607843137100, 0.7647058823529411200, 0.7745098039215686500, 0.7843137254901960700, 0.7941176470588234800, 0.8039215686274510100, 0.8137254901960784300, 0.8235294117647058400, 0.8333333333333333700, 0.8431372549019607900, 0.8529411764705882000, 0.8627450980392157300, 0.8725490196078431500, 0.8823529411764705600, 0.8921568627450980900, 0.9019607843137255100, 0.9117647058823529200, 0.9215686274509803400, 0.9313725490196078600, 0.9411764705882352800, 0.9509803921568627000, 0.9607843137254902200, 0.9705882352941176400, 0.9803921568627450600, 0.9901960784313725800, 1.000000000000000000 ),
 .UNSPECIFIED. ) 
 GEOMETRIC_REPRESENTATION_ITEM ( )  RATIONAL_B_SPLINE_SURFACE ( (
 ( 1.000000000000000000, 0.8660254037844387100, 1.000000000000000000, 0.8660254037844387100, 1.000000000000000000, 0.8660254037844387100, 1.000000000000000000, 0.8660254037844387100, 1.000000000000000000, 0.8660254037844387100, 1.000000000000000000, 0.8660254037844387100, 1.000000000000000000, 0.8660254037844387100, 1.000000000000000000, 0.8660254037844387100, 1.000000000000000000, 0.8660254037844387100, 1.000000000000000000, 0.8660254037844387100, 1.000000000000000000, 0.8660254037844387100, 1.000000000000000000, 0.8660254037844387100, 1.000000000000000000, 0.8660254037844387100, 1.000000000000000000, 0.8660254037844387100, 1.000000000000000000, 0.8660254037844387100, 1.000000000000000000, 0.8660254037844387100, 1.000000000000000000, 0.8660254037844387100, 1.000000000000000000, 0.8660254037844387100, 1.000000000000000000, 0.8660254037844387100, 1.000000000000000000, 0.8660254037844387100, 1.000000000000000000, 0.8660254037844387100, 1.000000000000000000, 0.8660254037844387100, 1.000000000000000000, 0.8660254037844387100, 1.000000000000000000, 0.8660254037844387100, 1.000000000000000000, 0.8660254037844387100, 1.000000000000000000, 0.8660254037844387100, 1.000000000000000000, 0.8660254037844387100, 1.000000000000000000, 0.8660254037844387100, 1.000000000000000000, 0.8660254037844387100, 1.000000000000000000, 0.8660254037844387100, 1.000000000000000000, 0.8660254037844387100, 1.000000000000000000, 0.8660254037844387100, 1.000000000000000000, 0.8660254037844387100, 1.000000000000000000, 0.8660254037844387100, 1.000000000000000000, 0.8660254037844387100, 1.000000000000000000, 0.8660254037844387100, 1.000000000000000000, 0.8660254037844387100, 1.000000000000000000, 0.8660254037844387100, 1.000000000000000000, 0.8660254037844387100, 1.000000000000000000, 0.8660254037844387100, 1.000000000000000000, 0.8660254037844387100, 1.000000000000000000, 0.8660254037844387100, 1.000000000000000000, 0.8660254037844387100, 1.000000000000000000, 0.8660254037844387100, 1.000000000000000000, 0.8660254037844387100, 1.000000000000000000, 0.8660254037844387100, 1.000000000000000000, 0.8660254037844387100, 1.000000000000000000, 0.8660254037844387100, 1.000000000000000000, 0.8660254037844387100, 1.000000000000000000, 0.8660254037844387100, 1.000000000000000000, 0.8660254037844387100, 1.000000000000000000, 0.8660254037844387100, 1.000000000000000000, 0.8660254037844387100, 1.000000000000000000, 0.8660254037844387100, 1.000000000000000000, 0.8660254037844387100, 1.000000000000000000, 0.8660254037844387100, 1.000000000000000000, 0.8660254037844387100, 1.000000000000000000, 0.8660254037844387100, 1.000000000000000000, 0.8660254037844387100, 1.000000000000000000, 0.8660254037844387100, 1.000000000000000000, 0.8660254037844387100, 1.000000000000000000, 0.8660254037844387100, 1.000000000000000000, 0.8660254037844387100, 1.000000000000000000, 0.8660254037844387100, 1.000000000000000000, 0.8660254037844387100, 1.000000000000000000, 0.8660254037844387100, 1.000000000000000000, 0.8660254037844387100, 1.000000000000000000, 0.8660254037844387100, 1.000000000000000000, 0.8660254037844387100, 1.000000000000000000, 0.8660254037844387100, 1.000000000000000000, 0.8660254037844387100, 1.000000000000000000, 0.8660254037844387100, 1.000000000000000000, 0.8660254037844387100, 1.000000000000000000, 0.8660254037844387100, 1.000000000000000000, 0.8660254037844387100, 1.000000000000000000, 0.8660254037844387100, 1.000000000000000000, 0.8660254037844387100, 1.000000000000000000, 0.8660254037844387100, 1.000000000000000000, 0.8660254037844387100, 1.000000000000000000, 0.8660254037844387100, 1.000000000000000000, 0.8660254037844387100, 1.000000000000000000, 0.8660254037844387100, 1.000000000000000000, 0.8660254037844387100, 1.000000000000000000, 0.8660254037844387100, 1.000000000000000000, 0.8660254037844387100, 1.000000000000000000, 0.8660254037844387100, 1.000000000000000000, 0.8660254037844387100, 1.000000000000000000, 0.8660254037844387100, 1.000000000000000000, 0.8660254037844387100, 1.000000000000000000, 0.8660254037844387100, 1.000000000000000000, 0.8660254037844387100, 1.000000000000000000, 0.8660254037844387100, 1.000000000000000000, 0.8660254037844387100, 1.000000000000000000, 0.8660254037844387100, 1.000000000000000000, 0.8660254037844387100, 1.000000000000000000, 0.8660254037844387100, 1.000000000000000000, 0.8660254037844387100, 1.000000000000000000, 0.8660254037844387100, 1.000000000000000000, 0.8660254037844387100, 1.000000000000000000, 0.8660254037844387100, 1.000000000000000000, 0.8660254037844387100, 1.000000000000000000, 0.8660254037844387100, 1.000000000000000000),
 ( 1.000000000000000000, 0.8660254037844387100, 1.000000000000000000, 0.8660254037844387100, 1.000000000000000000, 0.8660254037844387100, 1.000000000000000000, 0.8660254037844387100, 1.000000000000000000, 0.8660254037844387100, 1.000000000000000000, 0.8660254037844387100, 1.000000000000000000, 0.8660254037844387100, 1.000000000000000000, 0.8660254037844387100, 1.000000000000000000, 0.8660254037844387100, 1.000000000000000000, 0.8660254037844387100, 1.000000000000000000, 0.8660254037844387100, 1.000000000000000000, 0.8660254037844387100, 1.000000000000000000, 0.8660254037844387100, 1.000000000000000000, 0.8660254037844387100, 1.000000000000000000, 0.8660254037844387100, 1.000000000000000000, 0.8660254037844387100, 1.000000000000000000, 0.8660254037844387100, 1.000000000000000000, 0.8660254037844387100, 1.000000000000000000, 0.8660254037844387100, 1.000000000000000000, 0.8660254037844387100, 1.000000000000000000, 0.8660254037844387100, 1.000000000000000000, 0.8660254037844387100, 1.000000000000000000, 0.8660254037844387100, 1.000000000000000000, 0.8660254037844387100, 1.000000000000000000, 0.8660254037844387100, 1.000000000000000000, 0.8660254037844387100, 1.000000000000000000, 0.8660254037844387100, 1.000000000000000000, 0.8660254037844387100, 1.000000000000000000, 0.8660254037844387100, 1.000000000000000000, 0.8660254037844387100, 1.000000000000000000, 0.8660254037844387100, 1.000000000000000000, 0.8660254037844387100, 1.000000000000000000, 0.8660254037844387100, 1.000000000000000000, 0.8660254037844387100, 1.000000000000000000, 0.8660254037844387100, 1.000000000000000000, 0.8660254037844387100, 1.000000000000000000, 0.8660254037844387100, 1.000000000000000000, 0.8660254037844387100, 1.000000000000000000, 0.8660254037844387100, 1.000000000000000000, 0.8660254037844387100, 1.000000000000000000, 0.8660254037844387100, 1.000000000000000000, 0.8660254037844387100, 1.000000000000000000, 0.8660254037844387100, 1.000000000000000000, 0.8660254037844387100, 1.000000000000000000, 0.8660254037844387100, 1.000000000000000000, 0.8660254037844387100, 1.000000000000000000, 0.8660254037844387100, 1.000000000000000000, 0.8660254037844387100, 1.000000000000000000, 0.8660254037844387100, 1.000000000000000000, 0.8660254037844387100, 1.000000000000000000, 0.8660254037844387100, 1.000000000000000000, 0.8660254037844387100, 1.000000000000000000, 0.8660254037844387100, 1.000000000000000000, 0.8660254037844387100, 1.000000000000000000, 0.8660254037844387100, 1.000000000000000000, 0.8660254037844387100, 1.000000000000000000, 0.8660254037844387100, 1.000000000000000000, 0.8660254037844387100, 1.000000000000000000, 0.8660254037844387100, 1.000000000000000000, 0.8660254037844387100, 1.000000000000000000, 0.8660254037844387100, 1.000000000000000000, 0.8660254037844387100, 1.000000000000000000, 0.8660254037844387100, 1.000000000000000000, 0.8660254037844387100, 1.000000000000000000, 0.8660254037844387100, 1.000000000000000000, 0.8660254037844387100, 1.000000000000000000, 0.8660254037844387100, 1.000000000000000000, 0.8660254037844387100, 1.000000000000000000, 0.8660254037844387100, 1.000000000000000000, 0.8660254037844387100, 1.000000000000000000, 0.8660254037844387100, 1.000000000000000000, 0.8660254037844387100, 1.000000000000000000, 0.8660254037844387100, 1.000000000000000000, 0.8660254037844387100, 1.000000000000000000, 0.8660254037844387100, 1.000000000000000000, 0.8660254037844387100, 1.000000000000000000, 0.8660254037844387100, 1.000000000000000000, 0.8660254037844387100, 1.000000000000000000, 0.8660254037844387100, 1.000000000000000000, 0.8660254037844387100, 1.000000000000000000, 0.8660254037844387100, 1.000000000000000000, 0.8660254037844387100, 1.000000000000000000, 0.8660254037844387100, 1.000000000000000000, 0.8660254037844387100, 1.000000000000000000, 0.8660254037844387100, 1.000000000000000000, 0.8660254037844387100, 1.000000000000000000, 0.8660254037844387100, 1.000000000000000000, 0.8660254037844387100, 1.000000000000000000, 0.8660254037844387100, 1.000000000000000000, 0.8660254037844387100, 1.000000000000000000, 0.8660254037844387100, 1.000000000000000000, 0.8660254037844387100, 1.000000000000000000, 0.8660254037844387100, 1.000000000000000000, 0.8660254037844387100, 1.000000000000000000, 0.8660254037844387100, 1.000000000000000000, 0.8660254037844387100, 1.000000000000000000, 0.8660254037844387100, 1.000000000000000000, 0.8660254037844387100, 1.000000000000000000, 0.8660254037844387100, 1.000000000000000000, 0.8660254037844387100, 1.000000000000000000, 0.8660254037844387100, 1.000000000000000000, 0.8660254037844387100, 1.000000000000000000) ) ) 
 REPRESENTATION_ITEM ( '' )  SURFACE ( )  );
#1183 = CARTESIAN_POINT ( 'NONE',  ( -1.763300807568877000, 1.079710344961584000E-016, -1.359374999999980500 ) ) ;
#1184 = CARTESIAN_POINT ( 'NONE',  ( -1.017788105676658200, -0.5876202367904175300, 1.916666666666666300 ) ) ;
#1185 = CARTESIAN_POINT ( 'NONE',  ( 1.430908802125315100, -0.4500000000003321300, 2.349999999999999600 ) ) ;
#1186 = EDGE_CURVE ( 'NONE', #2331, #2133, #3401, .T. ) ;
#1187 = ORIENTED_EDGE ( 'NONE', *, *, #493, .F. ) ;
#1188 = EDGE_LOOP ( 'NONE', ( #501, #1934, #871, #1529 ) ) ;
#1189 = CARTESIAN_POINT ( 'NONE',  ( -1.299038105676658700, 0.7500000000000005600, -3.354166666666688300 ) ) ;
#1190 = CARTESIAN_POINT ( 'NONE',  ( -1.836970198721030900E-016, -1.500000000000000900, -3.249999999999981300 ) ) ;
#1191 = CARTESIAN_POINT ( 'NONE',  ( -0.6785254037844389300, -1.175240473580835500, -2.541666666666666500 ) ) ;
#1192 = CARTESIAN_POINT ( 'NONE',  ( -0.6785254037844384900, 1.175240473580835700, -0.7083333333333333700 ) ) ;
#1193 = LOCAL_TIME ( 8, 29, 13.00000000000000000, #1381 ) ;
#1194 = CARTESIAN_POINT ( 'NONE',  ( 1.322475605676657300, -0.7635316469341323400, -2.151041666666647400 ) ) ;
#1195 = ORIENTED_EDGE ( 'NONE', *, *, #1418, .T. ) ;
#1196 = CARTESIAN_POINT ( 'NONE',  ( -1.836970198721030900E-016, -1.500000000000000900, -1.187500000000021800 ) ) ;
#1197 = DIRECTION ( 'NONE',  ( -0.0000000000000000000, 1.178500973792491200E-056, -1.000000000000000000 ) ) ;
#1198 = LINE ( 'NONE', #1232, #2046 ) ;
#1199 = CARTESIAN_POINT ( 'NONE',  ( 0.0000000000000000000, 1.296351071171740300E-055, -5.500000000000000000 ) ) ;
#1200 = ORIENTED_EDGE ( 'NONE', *, *, #3211, .F. ) ;
#1201 = CYLINDRICAL_SURFACE ( 'NONE', #2575, 1.500000000000000900 ) ;
#1202 = ORIENTED_EDGE ( 'NONE', *, *, #2406, .F. ) ;
#1203 = PLANE ( 'NONE',  #1879 ) ;
#1204 = CARTESIAN_POINT ( 'NONE',  ( -0.6785254037844383700, 1.175240473580835500, -5.208333333333333000 ) ) ;
#1205 = CARTESIAN_POINT ( 'NONE',  ( -0.6785254037844384900, 1.175240473580835700, -2.708333333333333500 ) ) ;
#1206 = CARTESIAN_POINT ( 'NONE',  ( 1.763300807568877000, -3.239131034884752100E-016, -5.078125000000023100 ) ) ;
#1207 = CARTESIAN_POINT ( 'NONE',  ( -0.8816504037844382600, 1.527063293868263300, -2.942708333333313900 ) ) ;
#1208 = CARTESIAN_POINT ( 'NONE',  ( -0.8580011907544790000, -1.185362104003039800, -5.214860533609543000 ) ) ;
#1209 = EDGE_CURVE ( 'NONE', #1157, #782, #1463, .T. ) ;
#1210 = CARTESIAN_POINT ( 'NONE',  ( -1.439254484199189600E-016, -1.175240473580835500, -5.500000000000000000 ) ) ;
#1211 = CARTESIAN_POINT ( 'NONE',  ( -1.017788105676658000, 0.5876202367904178600, -2.166666666666666500 ) ) ;
#1212 = CARTESIAN_POINT ( 'NONE',  ( -1.439254484199189600E-016, -1.175240473580835500, 1.499999999999999600 ) ) ;
#1213 = CARTESIAN_POINT ( 'NONE',  ( -0.8816504037844382600, 1.527063293868263300, 2.057291666666685600 ) ) ;
#1214 = AXIS2_PLACEMENT_3D ( 'NONE', #1019, #2175, #106 ) ;
#1215 = CARTESIAN_POINT ( 'NONE',  ( 0.8660254037844386000, -1.500000000000001100, 0.8541666666666447600 ) ) ;
#1216 = CARTESIAN_POINT ( 'NONE',  ( 0.0000000000000000000, -9.963129310404506200E-014, 1001.483974596215600 ) ) ;
#1217 = FACE_OUTER_BOUND ( 'NONE', #624, .T. ) ;
#1218 = CARTESIAN_POINT ( 'NONE',  ( -1.836970198721030900E-016, -1.500000000000000900, -2.749999999999981300 ) ) ;
#1219 = CARTESIAN_POINT ( 'NONE',  ( 1.017788105676657800, -0.5876202367904183000, -0.9166666666666663000 ) ) ;
#1220 = CARTESIAN_POINT ( 'NONE',  ( 1.017788105676658200, 0.5876202367904168600, 1.666666666666666100 ) ) ;
#1221 = VERTEX_POINT ( 'NONE', #3331 ) ;
#1222 = CARTESIAN_POINT ( 'NONE',  ( -1.763300807568877000, 1.079710344961584000E-016, 1.140625000000019300 ) ) ;
#1223 = CARTESIAN_POINT ( 'NONE',  ( -0.3719065127034338300, 1.307860721687141000, -5.328066811752290900 ) ) ;
#1224 = CARTESIAN_POINT ( 'NONE',  ( 0.4070412443560939000, -1.123760536281154900, -5.482850162829339300 ) ) ;
#1225 = ORIENTED_EDGE ( 'NONE', *, *, #2985, .T. ) ;
#1226 = EDGE_CURVE ( 'NONE', #2924, #1430, #1852, .T. ) ;
#1227 = COORDINATED_UNIVERSAL_TIME_OFFSET ( 6, 0, .BEHIND. ) ;
#1228 = CARTESIAN_POINT ( 'NONE',  ( -0.8660254037844394800, -1.500000000000000700, 0.7083333333333515800 ) ) ;
#1229 = ORIENTED_EDGE ( 'NONE', *, *, #2985, .F. ) ;
#1230 = FACE_OUTER_BOUND ( 'NONE', #412, .T. ) ;
#1231 = CARTESIAN_POINT ( 'NONE',  ( -0.8660254037844360400, 1.500000000000005600, -2.895833333333355700 ) ) ;
#1232 = CARTESIAN_POINT ( 'NONE',  ( 1.439254484199189600E-016, 1.175240473580835500, -5.499999999999998200 ) ) ;
#1233 = ORIENTED_EDGE ( 'NONE', *, *, #1146, .F. ) ;
#1234 = EDGE_CURVE ( 'NONE', #2274, #2924, #2259, .T. ) ;
#1235 = CARTESIAN_POINT ( 'NONE',  ( -1.017788105676658000, 0.5876202367904178600, -0.6666666666666669600 ) ) ;
#1236 = CARTESIAN_POINT ( 'NONE',  ( -0.6785254037844384900, 1.175240473580835700, 2.291666666666665600 ) ) ;
#1237 = CARTESIAN_POINT ( 'NONE',  ( 1.322475605676658400, 0.7635316469341306700, -0.06770833333331373300 ) ) ;
#1238 = FACE_OUTER_BOUND ( 'NONE', #3147, .T. ) ;
#1239 = VERTEX_POINT ( 'NONE', #1573 ) ;
#1240 = CARTESIAN_POINT ( 'NONE',  ( 1.732050807568878500, -3.181725716174723000E-016, 0.9374999999999784600 ) ) ;
#1241 = DIRECTION ( 'NONE',  ( 0.0000000000000000000, 1.000000000000000000, 0.0000000000000000000 ) ) ;
#1242 = CARTESIAN_POINT ( 'NONE',  ( 0.0000000000000000000, 3.535502921377472600E-056, 2.500000000000000400 ) ) ;
#1243 = CYLINDRICAL_SURFACE ( 'NONE', #2103, 1.500000000000000900 ) ;
#1244 = VERTEX_POINT ( 'NONE', #2164 ) ;
#1245 =( BOUNDED_CURVE ( )  B_SPLINE_CURVE ( 2, ( #3511, #549, #612, #2105, #51, #20, #1190 ),
 .UNSPECIFIED., .F., .T. ) 
 B_SPLINE_CURVE_WITH_KNOTS ( ( 3, 2, 2, 3 ),
 ( 0.7058823529411762900, 0.7156862745098038200, 0.7254901960784311300, 0.7352941176470586500 ),
 .UNSPECIFIED. ) 
 CURVE ( )  GEOMETRIC_REPRESENTATION_ITEM ( )  RATIONAL_B_SPLINE_CURVE ( ( 1.000000000000001600, 0.8660254037844371500, 1.000000000000000000, 0.8660254037844387100, 1.000000000000000000, 0.8660254037844417100, 0.9999999999999970000 ) ) 
 REPRESENTATION_ITEM ( '' )  );
#1246 = CARTESIAN_POINT ( 'NONE',  ( -0.6785254037844389300, -1.175240473580835500, -0.4791666666666668500 ) ) ;
#1247 = CARTESIAN_POINT ( 'NONE',  ( 0.0000000000000000000, 1.296351071171740300E-055, -5.500000000000000000 ) ) ;
#1248 = ORIENTED_EDGE ( 'NONE', *, *, #1740, .T. ) ;
#1249 = CARTESIAN_POINT ( 'NONE',  ( -1.836970198721030900E-016, -1.500000000000000900, 0.8124999999999783500 ) ) ;
#1250 = CARTESIAN_POINT ( 'NONE',  ( -1.357050807568877200, 8.309539638847781400E-017, -2.624999999999999600 ) ) ;
#1251 = CARTESIAN_POINT ( 'NONE',  ( 1.017788105676657800, -0.5876202367904183000, 0.5833333333333332600 ) ) ;
#1252 = CARTESIAN_POINT ( 'NONE',  ( 1.357050807568877200, -2.492861891654333800E-016, 1.624999999999999800 ) ) ;
#1253 = CARTESIAN_POINT ( 'NONE',  ( -1.322475605676657800, -0.7635316469341314500, 1.682291666666686100 ) ) ;
#1254 = DIRECTION ( 'NONE',  ( 0.0000000000000000000, 1.000000000000000000, 1.178500973792491200E-056 ) ) ;
#1255 = DIRECTION ( 'NONE',  ( -0.0000000000000000000, 1.178500973792491200E-056, -1.000000000000000000 ) ) ;
#1256 = DIRECTION ( 'NONE',  ( -0.0000000000000000000, 1.178500973792491200E-056, -1.000000000000000000 ) ) ;
#1257 = CARTESIAN_POINT ( 'NONE',  ( 0.0000000000000000000, 1.175240473580835500, 0.8124999999999998900 ) ) ;
#1258 = CARTESIAN_POINT ( 'NONE',  ( 1.357050807568877200, -2.492861891654334300E-016, -2.375000000000000400 ) ) ;
#1259 = CARTESIAN_POINT ( 'NONE',  ( -0.6785254037844384900, 1.175240473580835700, 0.7916666666666663000 ) ) ;
#1260 = CARTESIAN_POINT ( 'NONE',  ( 1.322475605676657300, -0.7635316469341323400, -3.119791666666689600 ) ) ;
#1261 = CARTESIAN_POINT ( 'NONE',  ( 0.8816504037844380400, -1.527063293868264000, 1.307291666666685600 ) ) ;
#1262 = AXIS2_PLACEMENT_3D ( 'NONE', #3053, #1864, #3350 ) ;
#1263 = CARTESIAN_POINT ( 'NONE',  ( 0.1163848120049605600, -1.472480729846829000, 2.334111741970343400 ) ) ;
#1264 = CARTESIAN_POINT ( 'NONE',  ( 0.0000000000000000000, 1.500000000000000900, -1.437500000000022000 ) ) ;
#1265 = LINE ( 'NONE', #793, #1363 ) ;
#1266 = DIRECTION ( 'NONE',  ( -0.0000000000000000000, 1.178500973792491200E-056, -1.000000000000000000 ) ) ;
#1267 =( BOUNDED_CURVE ( )  B_SPLINE_CURVE ( 2, ( #471, #2302, #1382, #2859, #758, #1645, #805 ),
 .UNSPECIFIED., .F., .T. ) 
 B_SPLINE_CURVE_WITH_KNOTS ( ( 3, 2, 2, 3 ),
 ( 0.4705882352941175300, 0.4803921568627449500, 0.4901960784313724700, 0.4999999999999998900 ),
 .UNSPECIFIED. ) 
 CURVE ( )  GEOMETRIC_REPRESENTATION_ITEM ( )  RATIONAL_B_SPLINE_CURVE ( ( 1.000000000000001600, 0.8660254037844371500, 1.000000000000000000, 0.8660254037844387100, 1.000000000000000000, 0.8660254037844402600, 0.9999999999999984500 ) ) 
 REPRESENTATION_ITEM ( '' )  );
#1268 = CARTESIAN_POINT ( 'NONE',  ( 1.017788105676657800, -0.5876202367904183000, 1.645833333333333300 ) ) ;
#1269 = AXIS2_PLACEMENT_3D ( 'NONE', #719, #3703, #1325 ) ;
#1270 = CARTESIAN_POINT ( 'NONE',  ( 0.2212008680999492900, -1.338497496291178000, -5.323019949084871500 ) ) ;
#1271 = CARTESIAN_POINT ( 'NONE',  ( -1.357050807568877200, 8.309539638847781400E-017, 0.9375000000000000000 ) ) ;
#1272 = EDGE_LOOP ( 'NONE', ( #3417, #3003, #3056, #1617 ) ) ;
#1273 = CARTESIAN_POINT ( 'NONE',  ( -1.439254484199189600E-016, -1.175240473580835500, -4.937500000000000000 ) ) ;
#1274 = CARTESIAN_POINT ( 'NONE',  ( 0.6785254037844382600, -1.175240473580835500, -3.458333333333333000 ) ) ;
#1275 = CARTESIAN_POINT ( 'NONE',  ( -1.439254484199189600E-016, -1.175240473580835500, -0.5000000000000004400 ) ) ;
#1276 = CARTESIAN_POINT ( 'NONE',  ( -1.322475605676657800, -0.7635316469341314500, -2.286458333333356100 ) ) ;
#1277 = CARTESIAN_POINT ( 'NONE',  ( -1.439254484199189600E-016, -1.175240473580835500, -4.437500000000000000 ) ) ;
#1278 = ORIENTED_EDGE ( 'NONE', *, *, #2480, .F. ) ;
#1279 = DIRECTION ( 'NONE',  ( 0.0000000000000000000, 1.000000000000000000, 1.178500973792491200E-056 ) ) ;
#1280 = APPROVAL_DATE_TIME ( #3789, #2286 ) ;
#1281 = CARTESIAN_POINT ( 'NONE',  ( 0.0000000000000000000, 1.175240473580835500, -0.1875000000000001700 ) ) ;
#1282 = ORIENTED_EDGE ( 'NONE', *, *, #2406, .T. ) ;
#1283 = EDGE_CURVE ( 'NONE', #3210, #1157, #1776, .T. ) ;
#1284 = CARTESIAN_POINT ( 'NONE',  ( -1.017788105676658000, 0.5876202367904178600, 1.895833333333333500 ) ) ;
#1285 = ORIENTED_EDGE ( 'NONE', *, *, #1418, .F. ) ;
#1286 = VECTOR ( 'NONE', #3551, 1000.000000000000000 ) ;
#1287 = CARTESIAN_POINT ( 'NONE',  ( -0.6785254037844383700, 1.175240473580835500, -2.708333333333333500 ) ) ;
#1288 = EDGE_LOOP ( 'NONE', ( #264, #2681, #3376, #2824 ) ) ;
#1289 = CARTESIAN_POINT ( 'NONE',  ( -1.439254484199189600E-016, -1.175240473580835500, 1.000000000000000000 ) ) ;
#1290 = CARTESIAN_POINT ( 'NONE',  ( 0.8816504037844392600, 1.527063293868263100, -4.494791666666689200 ) ) ;
#1291 = CARTESIAN_POINT ( 'NONE',  ( -1.870113174931182600E-016, -1.527063293868263300, 2.765625000000020000 ) ) ;
#1292 = CARTESIAN_POINT ( 'NONE',  ( -1.732050807568878500, 1.060575238724907400E-016, 1.125000000000018400 ) ) ;
#1293 = DIRECTION ( 'NONE',  ( 8.659560562354908200E-017, 0.7071067811865454600, 0.7071067811865495700 ) ) ;
#1294 =( BOUNDED_CURVE ( )  B_SPLINE_CURVE ( 2, ( #3391, #738, #3730, #1347, #2548, #477, #3105 ),
 .UNSPECIFIED., .F., .T. ) 
 B_SPLINE_CURVE_WITH_KNOTS ( ( 3, 2, 2, 3 ),
 ( 0.8529411764705879800, 0.8627450980392155100, 0.8725490196078430300, 0.8823529411764704500 ),
 .UNSPECIFIED. ) 
 CURVE ( )  GEOMETRIC_REPRESENTATION_ITEM ( )  RATIONAL_B_SPLINE_CURVE ( ( 1.000000000000003100, 0.8660254037844357100, 1.000000000000000000, 0.8660254037844387100, 1.000000000000000000, 0.8660254037844402600, 0.9999999999999984500 ) ) 
 REPRESENTATION_ITEM ( '' )  );
#1295 = CARTESIAN_POINT ( 'NONE',  ( 0.0000000000000000000, 1.175240473580835500, -0.6874999999999997800 ) ) ;
#1296 = CARTESIAN_POINT ( 'NONE',  ( -0.6785254037844384900, 1.175240473580835700, -1.645833333333333300 ) ) ;
#1297 = CARTESIAN_POINT ( 'NONE',  ( 1.299038105676659300, 0.7499999999999993300, -4.083333333333314400 ) ) ;
#1298 = CARTESIAN_POINT ( 'NONE',  ( -0.6785254037844389300, -1.175240473580835500, 2.020833333333332600 ) ) ;
#1299 = CARTESIAN_POINT ( 'NONE',  ( 0.6785254037844393700, 1.175240473580835300, -3.729166666666666500 ) ) ;
#1300 = CARTESIAN_POINT ( 'NONE',  ( 1.017788105676657800, -0.5876202367904183000, -3.854166666666666500 ) ) ;
#1301 = CARTESIAN_POINT ( 'NONE',  ( 0.6785254037844393700, 1.175240473580835300, 2.708333333333333500 ) ) ;
#1302 = CARTESIAN_POINT ( 'NONE',  ( 0.0000000000000000000, 1.527063293868263300, -3.453125000000022600 ) ) ;
#1303 = CARTESIAN_POINT ( 'NONE',  ( 1.357050807568877200, -2.492861891654333800E-016, -5.312499999999999100 ) ) ;
#1304 = EDGE_CURVE ( 'NONE', #2137, #1239, #1557, .T. ) ;
#1305 = DIRECTION ( 'NONE',  ( 0.0000000000000000000, -1.000000000000000000, 0.0000000000000000000 ) ) ;
#1306 = DIRECTION ( 'NONE',  ( 0.0000000000000000000, 1.000000000000000000, 0.0000000000000000000 ) ) ;
#1307 = CARTESIAN_POINT ( 'NONE',  ( 0.0000000000000000000, 1.175240473580835500, -1.187500000000000200 ) ) ;
#1308 = CARTESIAN_POINT ( 'NONE',  ( -0.6785254037844389300, -1.175240473580835500, -5.541666666666667000 ) ) ;
#1309 = CARTESIAN_POINT ( 'NONE',  ( 1.017788105676657800, -0.5876202367904183000, 0.1458333333333328700 ) ) ;
#1310 = DIRECTION ( 'NONE',  ( -0.0000000000000000000, 1.178500973792491200E-056, -1.000000000000000000 ) ) ;
#1311 = EDGE_CURVE ( 'NONE', #2719, #1677, #3589, .T. ) ;
#1312 = CARTESIAN_POINT ( 'NONE',  ( 0.0000000000000000000, 1.175240473580835500, -4.187500000000000000 ) ) ;
#1313 = CARTESIAN_POINT ( 'NONE',  ( -1.322475605676657800, 0.7635316469341318900, -2.869791666666689200 ) ) ;
#1314 = FACE_OUTER_BOUND ( 'NONE', #2178, .T. ) ;
#1315 = CARTESIAN_POINT ( 'NONE',  ( -0.8816504037844389300, -1.527063293868263100, 2.723958333333352600 ) ) ;
#1316 = ORIENTED_EDGE ( 'NONE', *, *, #2191, .F. ) ;
#1317 = CARTESIAN_POINT ( 'NONE',  ( -0.6785254037844384900, 1.175240473580835700, -2.145833333333333500 ) ) ;
#1318 = CARTESIAN_POINT ( 'NONE',  ( 1.357050807568877200, -2.492861891654333800E-016, -5.374999999999999100 ) ) ;
#1319 = CARTESIAN_POINT ( 'NONE',  ( 0.0000000000000000000, 1.296351071171740300E-055, -5.500000000000000000 ) ) ;
#1320 = CARTESIAN_POINT ( 'NONE',  ( -0.8660254037844489200, 1.499999999999983600, 1.541666666666685800 ) ) ;
#1321 = ORIENTED_EDGE ( 'NONE', *, *, #2219, .T. ) ;
#1322 = CARTESIAN_POINT ( 'NONE',  ( -1.357050807568877200, 8.309539638847781400E-017, -3.562500000000000400 ) ) ;
#1323 = ORIENTED_EDGE ( 'NONE', *, *, #3006, .T. ) ;
#1324 = CARTESIAN_POINT ( 'NONE',  ( -0.6785254037844389300, -1.175240473580835300, -3.479166666666666500 ) ) ;
#1325 = DIRECTION ( 'NONE',  ( 0.0000000000000000000, 1.000000000000000000, 0.0000000000000000000 ) ) ;
#1326 = CARTESIAN_POINT ( 'NONE',  ( 0.8816504037844392600, 1.527063293868263100, 0.005208333333310209200 ) ) ;
#1327 = CARTESIAN_POINT ( 'NONE',  ( -1.017788105676658000, 0.5876202367904178600, -4.604166666666666100 ) ) ;
#1328 = VECTOR ( 'NONE', #2690, 1000.000000000000000 ) ;
#1329 = ORIENTED_EDGE ( 'NONE', *, *, #3159, .T. ) ;
#1330 = ADVANCED_FACE ( 'NONE', ( #762 ), #3307, .T. ) ;
#1331 = CARTESIAN_POINT ( 'NONE',  ( -1.732050807568878500, 1.060575238724907400E-016, 0.6874999999999782400 ) ) ;
#1332 = CARTESIAN_POINT ( 'NONE',  ( 0.6785254037844382600, -1.175240473580835700, -0.3958333333333331500 ) ) ;
#1333 = CARTESIAN_POINT ( 'NONE',  ( 0.0000000000000000000, 1.500000000000000900, 1.828574726532583600E-014 ) ) ;
#1334 = CIRCLE ( 'NONE', #3434, 2.600000000000000100 ) ;
#1335 = ORIENTED_EDGE ( 'NONE', *, *, #3299, .T. ) ;
#1336 = CARTESIAN_POINT ( 'NONE',  ( 1.121107958840559900, -0.3525721420742978800, 2.162499999999996500 ) ) ;
#1337 = DIRECTION ( 'NONE',  ( 1.000000000000000000, -1.502314598737160500E-016, 0.0000000000000000000 ) ) ;
#1338 = EDGE_LOOP ( 'NONE', ( #3754, #3099, #123, #353 ) ) ;
#1339 = CARTESIAN_POINT ( 'NONE',  ( 0.0000000000000000000, 1.500000000000000900, -0.4999999999999812400 ) ) ;
#1340 = CARTESIAN_POINT ( 'NONE',  ( -1.439254484199189600E-016, -1.175240473580835500, -3.437500000000000000 ) ) ;
#1341 = AXIS2_PLACEMENT_3D ( 'NONE', #2537, #2844, #3441 ) ;
#1342 = CARTESIAN_POINT ( 'NONE',  ( 0.0000000000000000000, 1.175240473580835500, 2.250000000000000400 ) ) ;
#1343 = CARTESIAN_POINT ( 'NONE',  ( -1.763300807568877000, 1.079710344961584000E-016, 0.1718749999999767400 ) ) ;
#1344 = ORIENTED_EDGE ( 'NONE', *, *, #232, .T. ) ;
#1345 = CARTESIAN_POINT ( 'NONE',  ( 1.017788105676657800, -0.5876202367904183000, -1.854166666666666700 ) ) ;
#1346 =( BOUNDED_CURVE ( )  B_SPLINE_CURVE ( 2, ( #1137, #1787, #894, #295, #3819, #3233, #2647 ),
 .UNSPECIFIED., .F., .T. ) 
 B_SPLINE_CURVE_WITH_KNOTS ( ( 3, 2, 2, 3 ),
 ( 0.3823529411764705600, 0.3921568627450980300, 0.4019607843137255600, 0.4117647058823529800 ),
 .UNSPECIFIED. ) 
 CURVE ( )  GEOMETRIC_REPRESENTATION_ITEM ( )  RATIONAL_B_SPLINE_CURVE ( ( 1.000000000000000000, 0.8660254037844387100, 1.000000000000000000, 0.8660254037844387100, 1.000000000000000000, 0.8660254037844379300, 1.000000000000000700 ) ) 
 REPRESENTATION_ITEM ( '' )  );
#1347 = CARTESIAN_POINT ( 'NONE',  ( -1.732050807568878500, 1.060575238724907400E-016, -4.374999999999981300 ) ) ;
#1348 = CARTESIAN_POINT ( 'NONE',  ( -1.299038105676658700, -0.7500000000000001100, 0.7291666666666446500 ) ) ;
#1349 = CARTESIAN_POINT ( 'NONE',  ( 1.017788105676658200, 0.5876202367904168600, 2.229166666666665600 ) ) ;
#1350 = CARTESIAN_POINT ( 'NONE',  ( 0.6785254037844382600, -1.175240473580835700, -3.958333333333332600 ) ) ;
#1351 = CARTESIAN_POINT ( 'NONE',  ( -1.732050807568878500, 1.060575238724907400E-016, 1.187499999999977800 ) ) ;
#1352 = CARTESIAN_POINT ( 'NONE',  ( -0.6785254037844383700, 1.175240473580835500, 0.3541666666666666900 ) ) ;
#1353 = CARTESIAN_POINT ( 'NONE',  ( 0.8660254037844386000, -1.500000000000001100, -3.645833333333355700 ) ) ;
#1354 = CARTESIAN_POINT ( 'NONE',  ( 1.357050807568877200, -2.492861891654334300E-016, -3.312499999999999600 ) ) ;
#1355 = DIRECTION ( 'NONE',  ( 0.0000000000000000000, 1.000000000000000000, 1.178500973792491200E-056 ) ) ;
#1356 = CARTESIAN_POINT ( 'NONE',  ( -1.322475605676657800, -0.7635316469341314500, 0.2135416666666440100 ) ) ;
#1357 = CARTESIAN_POINT ( 'NONE',  ( 1.357050807568877200, -2.492861891654333800E-016, -2.312500000000000000 ) ) ;
#1358 = EDGE_CURVE ( 'NONE', #2713, #1477, #3728, .T. ) ;
#1359 = CARTESIAN_POINT ( 'NONE',  ( 0.8660254037844400400, 1.500000000000000700, -1.979166666666688500 ) ) ;
#1360 = CARTESIAN_POINT ( 'NONE',  ( 1.732050807568878500, -3.181725716174723000E-016, -1.062500000000021500 ) ) ;
#1361 = CARTESIAN_POINT ( 'NONE',  ( -0.6785254037844384900, 1.175240473580835700, 1.854166666666666300 ) ) ;
#1362 = CARTESIAN_POINT ( 'NONE',  ( -1.299038105676658700, 0.7500000000000005600, -0.8541666666666886100 ) ) ;
#1363 = VECTOR ( 'NONE', #2258, 1000.000000000000000 ) ;
#1364 = CARTESIAN_POINT ( 'NONE',  ( 0.0000000000000000000, 1.175240473580835500, 0.2500000000000002200 ) ) ;
#1365 = CARTESIAN_POINT ( 'NONE',  ( -0.4805343592608437000, -1.175240473580835300, -5.467008497187472400 ) ) ;
#1366 = CARTESIAN_POINT ( 'NONE',  ( 0.0000000000000000000, -2.600000000000000100, 2.500000000000000400 ) ) ;
#1367 = ORIENTED_EDGE ( 'NONE', *, *, #1507, .F. ) ;
#1368 = CARTESIAN_POINT ( 'NONE',  ( -0.6785254037844383700, 1.175240473580835500, -0.6458333333333333700 ) ) ;
#1369 = MECHANICAL_CONTEXT ( 'NONE', #2863, 'mechanical' ) ;
#1370 = CARTESIAN_POINT ( 'NONE',  ( -0.8816504037844382600, 1.527063293868263300, -0.9114583333333561300 ) ) ;
#1371 = CARTESIAN_POINT ( 'NONE',  ( -1.357050807568877200, 8.309539638847781400E-017, -3.062500000000000000 ) ) ;
#1372 = ORIENTED_EDGE ( 'NONE', *, *, #325, .T. ) ;
#1373 = AXIS2_PLACEMENT_3D ( 'NONE', #3221, #589, #2947 ) ;
#1374 = CARTESIAN_POINT ( 'NONE',  ( -0.1964808569473855100, -1.329937397324882700, 5.278308548877046900 ) ) ;
#1375 = DIRECTION ( 'NONE',  ( -0.0000000000000000000, 1.178500973792491200E-056, -1.000000000000000000 ) ) ;
#1376 = CARTESIAN_POINT ( 'NONE',  ( 0.6785254037844382600, -1.175240473580835700, 2.104166666666666500 ) ) ;
#1377 = CARTESIAN_POINT ( 'NONE',  ( 1.017788105676658200, 0.5876202367904168600, -1.333333333333333000 ) ) ;
#1378 = VERTEX_POINT ( 'NONE', #1034 ) ;
#1379 = CARTESIAN_POINT ( 'NONE',  ( -0.6785254037844383700, 1.175240473580835500, -0.7083333333333333700 ) ) ;
#1380 = CARTESIAN_POINT ( 'NONE',  ( 1.049523301869556700, 0.5288582131113497300, 2.162499999999997400 ) ) ;
#1381 = COORDINATED_UNIVERSAL_TIME_OFFSET ( 6, 0, .BEHIND. ) ;
#1382 = CARTESIAN_POINT ( 'NONE',  ( 1.299038105676659300, 0.7499999999999993300, -1.083333333333314400 ) ) ;
#1383 = ORIENTED_EDGE ( 'NONE', *, *, #2630, .F. ) ;
#1384 = CARTESIAN_POINT ( 'NONE',  ( -2.451811601272799100E-016, 1.443375672974063900, 5.391746824526944900 ) ) ;
#1385 = DIRECTION ( 'NONE',  ( 0.0000000000000000000, 1.000000000000000000, 0.0000000000000000000 ) ) ;
#1386 = LINE ( 'NONE', #2907, #3700 ) ;
#1387 = CARTESIAN_POINT ( 'NONE',  ( 1.017788105676657800, -0.5876202367904183000, -0.3541666666666666900 ) ) ;
#1388 = VERTEX_POINT ( 'NONE', #1006 ) ;
#1389 = CARTESIAN_POINT ( 'NONE',  ( 0.0000000000000000000, 1.527063293868263300, -0.4531250000000229800 ) ) ;
#1390 = CARTESIAN_POINT ( 'NONE',  ( -0.6785254037844389300, -1.175240473580835500, -2.979166666666666500 ) ) ;
#1391 = FACE_OUTER_BOUND ( 'NONE', #1661, .T. ) ;
#1392 = DIRECTION ( 'NONE',  ( 0.0000000000000000000, 1.000000000000000000, 0.0000000000000000000 ) ) ;
#1393 = CARTESIAN_POINT ( 'NONE',  ( -1.836970198721030900E-016, -1.500000000000000900, 2.250000000000018700 ) ) ;
#1394 = VERTEX_POINT ( 'NONE', #1893 ) ;
#1395 = CARTESIAN_POINT ( 'NONE',  ( 0.0000000000000000000, 1.175240473580835500, -5.187499999999999100 ) ) ;
#1396 = CARTESIAN_POINT ( 'NONE',  ( 0.6785254037844382600, -1.175240473580835700, 0.6041666666666669600 ) ) ;
#1397 = CARTESIAN_POINT ( 'NONE',  ( 1.017788105676658200, 0.5876202367904168600, -3.833333333333333500 ) ) ;
#1398 = CARTESIAN_POINT ( 'NONE',  ( 0.8816504037844392600, 1.527063293868263100, -3.526041666666647000 ) ) ;
#1399 = EDGE_CURVE ( 'NONE', #3475, #492, #226, .T. ) ;
#1400 = CARTESIAN_POINT ( 'NONE',  ( 0.6785254037844382600, -1.175240473580835500, -1.958333333333333300 ) ) ;
#1401 = CARTESIAN_POINT ( 'NONE',  ( 1.430908802125315100, -0.4500000000003321300, 2.349999999999999600 ) ) ;
#1402 = CARTESIAN_POINT ( 'NONE',  ( -0.8660254037844448100, 1.499999999999990700, -3.458333333333314400 ) ) ;
#1403 =( BOUNDED_CURVE ( )  B_SPLINE_CURVE ( 2, ( #2721, #3039, #1582, #67, #78, #3327, #1264 ),
 .UNSPECIFIED., .F., .F. ) 
 B_SPLINE_CURVE_WITH_KNOTS ( ( 3, 2, 2, 3 ),
 ( 0.4999999999999998900, 0.5098039215686273100, 0.5196078431372549400, 0.5294117647058823600 ),
 .UNSPECIFIED. ) 
 CURVE ( )  GEOMETRIC_REPRESENTATION_ITEM ( )  RATIONAL_B_SPLINE_CURVE ( ( 1.000000000000001600, 0.8660254037844371500, 1.000000000000000000, 0.8660254037844387100, 1.000000000000000000, 0.8660254037844387100, 1.000000000000000000 ) ) 
 REPRESENTATION_ITEM ( '' )  );
#1404 = CARTESIAN_POINT ( 'NONE',  ( -0.6785254037844383700, 1.175240473580835500, -0.1458333333333337600 ) ) ;
#1405 = AXIS2_PLACEMENT_3D ( 'NONE', #2785, #1600, #2208 ) ;
#1406 = CARTESIAN_POINT ( 'NONE',  ( -1.763300807568877000, 1.079710344961584000E-016, 1.171874999999976900 ) ) ;
#1407 = CARTESIAN_POINT ( 'NONE',  ( -1.357050807568877200, 8.309539638847781400E-017, -2.062500000000000000 ) ) ;
#1408 = CARTESIAN_POINT ( 'NONE',  ( 0.0000000000000000000, 1.500000000000000900, -5.500000000000000000 ) ) ;
#1409 = DIRECTION ( 'NONE',  ( 0.0000000000000000000, -1.178500973792491200E-056, 1.000000000000000000 ) ) ;
#1410 = CARTESIAN_POINT ( 'NONE',  ( 0.6785254037844382600, -1.175240473580835700, 0.1041666666666664800 ) ) ;
#1411 = CARTESIAN_POINT ( 'NONE',  ( -1.017788105676658000, 0.5876202367904178600, -3.666666666666666500 ) ) ;
#1412 = CARTESIAN_POINT ( 'NONE',  ( -1.870113174931182600E-016, -1.527063293868263300, -3.734374999999980900 ) ) ;
#1413 = CARTESIAN_POINT ( 'NONE',  ( -0.6785254037844389300, -1.175240473580835300, -0.5416666666666668500 ) ) ;
#1414 = DIRECTION ( 'NONE',  ( -0.4999999999999999400, -0.8660254037844387100, 0.0000000000000000000 ) ) ;
#1415 = CARTESIAN_POINT ( 'NONE',  ( 1.732050807568878500, -3.181725716174723000E-016, -3.562500000000021300 ) ) ;
#1416 = CARTESIAN_POINT ( 'NONE',  ( 0.6785254037844392600, 1.175240473580835100, -1.229166666666666500 ) ) ;
#1417 = CARTESIAN_POINT ( 'NONE',  ( -0.6070860296982985000, 1.135739241721708500, 2.225728506719170800 ) ) ;
#1418 = EDGE_CURVE ( 'NONE', #2358, #3782, #880, .T. ) ;
#1419 = DIRECTION ( 'NONE',  ( -0.0000000000000000000, 1.178500973792491200E-056, -1.000000000000000000 ) ) ;
#1420 = CARTESIAN_POINT ( 'NONE',  ( 0.0000000000000000000, 1.500000000000000900, -2.999999999999980900 ) ) ;
#1421 = LINE ( 'NONE', #2234, #573 ) ;
#1422 = CARTESIAN_POINT ( 'NONE',  ( 1.357050807568877200, -2.492861891654333800E-016, -4.875000000000000000 ) ) ;
#1423 = CARTESIAN_POINT ( 'NONE',  ( -0.6785254037844389300, -1.175240473580835500, -3.041666666666666500 ) ) ;
#1424 = CARTESIAN_POINT ( 'NONE',  ( -1.322475605676657800, 0.7635316469341318900, -5.401041666666646500 ) ) ;
#1425 = CARTESIAN_POINT ( 'NONE',  ( -1.017788105676658200, -0.5876202367904175300, -1.083333333333333700 ) ) ;
#1426 = CARTESIAN_POINT ( 'NONE',  ( -1.299038105676658700, -0.7500000000000001100, -4.270833333333353500 ) ) ;
#1427 = ORIENTED_EDGE ( 'NONE', *, *, #1638, .F. ) ;
#1428 = CARTESIAN_POINT ( 'NONE',  ( -0.4044126993943260600, 1.209887892115046200, 5.218916260448520600 ) ) ;
#1429 = CARTESIAN_POINT ( 'NONE',  ( -0.8660254037844336000, -1.500000000000010700, -2.291666666666646500 ) ) ;
#1430 = VERTEX_POINT ( 'NONE', #99 ) ;
#1431 = CARTESIAN_POINT ( 'NONE',  ( 0.6785254037844382600, -1.175240473580835500, -0.8958333333333334800 ) ) ;
#1432 = VERTEX_POINT ( 'NONE', #2470 ) ;
#1433 = DIRECTION ( 'NONE',  ( -0.0000000000000000000, 1.178500973792491200E-056, -1.000000000000000000 ) ) ;
#1434 = CARTESIAN_POINT ( 'NONE',  ( 0.0000000000000000000, 1.175240473580835500, 2.812499999999999100 ) ) ;
#1435 = CARTESIAN_POINT ( 'NONE',  ( -0.6785254037844384900, 1.175240473580835700, -3.708333333333333500 ) ) ;
#1436 = LINE ( 'NONE', #335, #79 ) ;
#1437 = CARTESIAN_POINT ( 'NONE',  ( -1.322475605676657800, -0.7635316469341314500, -3.817708333333313900 ) ) ;
#1438 = ORIENTED_EDGE ( 'NONE', *, *, #2786, .T. ) ;
#1439 = CARTESIAN_POINT ( 'NONE',  ( 0.6785254037844392600, 1.175240473580835100, 1.708333333333333500 ) ) ;
#1440 = FACE_OUTER_BOUND ( 'NONE', #1947, .T. ) ;
#1441 = ADVANCED_FACE ( 'NONE', ( #3351 ), #745, .F. ) ;
#1442 = VERTEX_POINT ( 'NONE', #1933 ) ;
#1443 = DIRECTION ( 'NONE',  ( 1.502314598737160000E-016, -1.000000000000000000, 0.0000000000000000000 ) ) ;
#1444 = EDGE_CURVE ( 'NONE', #361, #3707, #3337, .T. ) ;
#1445 = VERTEX_POINT ( 'NONE', #3697 ) ;
#1446 = DIRECTION ( 'NONE',  ( -0.0000000000000000000, 1.178500973792491200E-056, -1.000000000000000000 ) ) ;
#1447 = CARTESIAN_POINT ( 'NONE',  ( 0.6785254037844393700, 1.175240473580835300, 2.770833333333333500 ) ) ;
#1448 = CARTESIAN_POINT ( 'NONE',  ( 0.6785254037844382600, -1.175240473580835700, 1.041666666666666500 ) ) ;
#1449 = CARTESIAN_POINT ( 'NONE',  ( 0.8816504037844380400, -1.527063293868264000, -3.692708333333313900 ) ) ;
#1450 = EDGE_CURVE ( 'NONE', #1157, #2442, #1421, .T. ) ;
#1451 = CARTESIAN_POINT ( 'NONE',  ( 1.357050807568877200, -2.492861891654334300E-016, 1.624999999999999800 ) ) ;
#1452 = DIRECTION ( 'NONE',  ( 0.0000000000000000000, 0.0000000000000000000, 1.000000000000000000 ) ) ;
#1453 =( BOUNDED_CURVE ( )  B_SPLINE_CURVE ( 2, ( #3712, #2570, #1061, #1663, #2291, #1712, #1079 ),
 .UNSPECIFIED., .F., .T. ) 
 B_SPLINE_CURVE_WITH_KNOTS ( ( 3, 2, 2, 3 ),
 ( 0.4411764705882351700, 0.4509803921568625900, 0.4607843137254901100, 0.4705882352941175300 ),
 .UNSPECIFIED. ) 
 CURVE ( )  GEOMETRIC_REPRESENTATION_ITEM ( )  RATIONAL_B_SPLINE_CURVE ( ( 1.000000000000001600, 0.8660254037844371500, 1.000000000000000000, 0.8660254037844387100, 1.000000000000000000, 0.8660254037844402600, 0.9999999999999984500 ) ) 
 REPRESENTATION_ITEM ( '' )  );
#1454 = AXIS2_PLACEMENT_3D ( 'NONE', #3362, #2758, #1305 ) ;
#1455 = CARTESIAN_POINT ( 'NONE',  ( -1.357050807568877200, 8.309539638847781400E-017, -1.062500000000000000 ) ) ;
#1456 = ADVANCED_FACE ( 'NONE', ( #1314 ), #2707, .T. ) ;
#1457 = CARTESIAN_POINT ( 'NONE',  ( 1.017788105676658200, 0.5876202367904168600, -3.833333333333333500 ) ) ;
#1458 = CARTESIAN_POINT ( 'NONE',  ( 0.6785254037844382600, -1.175240473580835700, 0.04166666666666641500 ) ) ;
#1459 = CARTESIAN_POINT ( 'NONE',  ( -1.322475605676657800, 0.7635316469341318900, -0.9010416666666472000 ) ) ;
#1460 = CARTESIAN_POINT ( 'NONE',  ( 1.357050807568877200, -2.492861891654334300E-016, 1.125000000000000200 ) ) ;
#1461 = EDGE_CURVE ( 'NONE', #1145, #3464, #2530, .T. ) ;
#1462 = CARTESIAN_POINT ( 'NONE',  ( 1.732050807568878500, -3.181725716174722500E-016, 0.8750000000000181000 ) ) ;
#1463 = B_SPLINE_CURVE_WITH_KNOTS ( 'NONE', 3,
 ( #568, #520, #1270, #2445, #69, #574, #2712, #3342 ),
 .UNSPECIFIED., .F., .F.,
 ( 4, 2, 2, 4 ),
 ( 0.0009880678675633308800, 0.001321111242399460600, 0.001654154617235590000, 0.002320241366907848100 ),
 .UNSPECIFIED. ) ;
#1464 = FACE_OUTER_BOUND ( 'NONE', #3567, .T. ) ;
#1465 = CARTESIAN_POINT ( 'NONE',  ( 1.732050807568878500, -3.181725716174723000E-016, -4.062500000000022200 ) ) ;
#1466 = CARTESIAN_POINT ( 'NONE',  ( -1.299038105676658700, 0.7500000000000005600, 0.08333333333335198000 ) ) ;
#1467 = CARTESIAN_POINT ( 'NONE',  ( 1.017788105676658200, 0.5876202367904168600, -4.333333333333333000 ) ) ;
#1468 = CARTESIAN_POINT ( 'NONE',  ( -1.017788105676658000, 0.5876202367904178600, -0.6666666666666669600 ) ) ;
#1469 = EDGE_LOOP ( 'NONE', ( #316, #2122, #2080, #3411 ) ) ;
#1470 = CARTESIAN_POINT ( 'NONE',  ( 1.322475605676658400, 0.7635316469341306700, -2.567708333333314400 ) ) ;
#1471 = CARTESIAN_POINT ( 'NONE',  ( 0.0000000000000000000, 1.500000000000000900, -3.937500000000021800 ) ) ;
#1472 = PLANE ( 'NONE',  #2148 ) ;
#1473 = ORIENTED_EDGE ( 'NONE', *, *, #3797, .T. ) ;
#1474 = ADVANCED_FACE ( 'NONE', ( #2956 ), #1754, .T. ) ;
#1475 = AXIS2_PLACEMENT_3D ( 'NONE', #2477, #2778, #1000 ) ;
#1476 = CARTESIAN_POINT ( 'NONE',  ( -1.299038105676658700, -0.7500000000000001100, 1.729166666666644500 ) ) ;
#1477 = VERTEX_POINT ( 'NONE', #408 ) ;
#1478 = FACE_OUTER_BOUND ( 'NONE', #1338, .T. ) ;
#1479 = CC_DESIGN_PERSON_AND_ORGANIZATION_ASSIGNMENT ( #1995, #839, ( #3545 ) ) ;
#1480 = CARTESIAN_POINT ( 'NONE',  ( 1.928818708657083600E-016, -1.500000000000001800, 2.349999999999999600 ) ) ;
#1481 = CARTESIAN_POINT ( 'NONE',  ( 0.0000000000000000000, 1.296351071171740300E-055, -5.500000000000000000 ) ) ;
#1482 = ORIENTED_EDGE ( 'NONE', *, *, #1125, .T. ) ;
#1483 = CARTESIAN_POINT ( 'NONE',  ( -1.357050807568877200, 8.309539638847781400E-017, -2.625000000000000000 ) ) ;
#1484 = CARTESIAN_POINT ( 'NONE',  ( 1.017788105676658200, 0.5876202367904168600, -0.8333333333333334800 ) ) ;
#1485 = CARTESIAN_POINT ( 'NONE',  ( -0.8816504037844382600, 1.527063293868263300, -0.4427083333333141100 ) ) ;
#1486 = LINE ( 'NONE', #647, #3753 ) ;
#1487 = ORIENTED_EDGE ( 'NONE', *, *, #2045, .T. ) ;
#1488 = CARTESIAN_POINT ( 'NONE',  ( -0.8660254037844391500, 1.500000000000000700, -1.895833333333355000 ) ) ;
#1489 = CARTESIAN_POINT ( 'NONE',  ( 0.0000000000000000000, 1.500000000000000900, -5.500000000000000000 ) ) ;
#1490 = EDGE_CURVE ( 'NONE', #1445, #3045, #3512, .T. ) ;
#1491 = CARTESIAN_POINT ( 'NONE',  ( 1.357050807568877200, -2.492861891654334300E-016, -4.875000000000000000 ) ) ;
#1492 = CARTESIAN_POINT ( 'NONE',  ( -0.6785254037844384900, 1.175240473580835700, -1.708333333333333500 ) ) ;
#1493 = CARTESIAN_POINT ( 'NONE',  ( 0.6785254037844393700, 1.175240473580835300, -0.2916666666666666900 ) ) ;
#1494 = CARTESIAN_POINT ( 'NONE',  ( 1.763300807568877000, -3.239131034884752100E-016, -2.609374999999980900 ) ) ;
#1495 = CARTESIAN_POINT ( 'NONE',  ( 1.299038105676658400, -0.7500000000000011100, -1.666666666666648300 ) ) ;
#1496 = CARTESIAN_POINT ( 'NONE',  ( 0.6785254037844392600, 1.175240473580835100, -5.229166666666667000 ) ) ;
#1497 = CARTESIAN_POINT ( 'NONE',  ( -1.836970198721030900E-016, -1.500000000000000900, -0.2499999999999819000 ) ) ;
#1498 = AXIS2_PLACEMENT_3D ( 'NONE', #3761, #2266, #841 ) ;
#1499 = DIRECTION ( 'NONE',  ( -0.0000000000000000000, 1.178500973792491200E-056, -1.000000000000000000 ) ) ;
#1500 = CARTESIAN_POINT ( 'NONE',  ( -1.017788105676658000, 0.5876202367904178600, -1.666666666666667000 ) ) ;
#1501 = CARTESIAN_POINT ( 'NONE',  ( -1.763300807568877000, 1.079710344961584000E-016, -5.328125000000024000 ) ) ;
#1502 = CARTESIAN_POINT ( 'NONE',  ( 0.0000000000000000000, 1.527063293868263300, -1.484374999999980500 ) ) ;
#1503 = CARTESIAN_POINT ( 'NONE',  ( -1.118901069031110500, -0.9225982764011669800, -5.227954587457932500 ) ) ;
#1504 = EDGE_LOOP ( 'NONE', ( #1771, #2599, #3361, #1560, #1865 ) ) ;
#1505 = CARTESIAN_POINT ( 'NONE',  ( 1.322475605676658400, 0.7635316469341306700, 1.963541666666643000 ) ) ;
#1506 = CARTESIAN_POINT ( 'NONE',  ( 0.0000000000000000000, 1.500000000000001800, 2.349999999999999600 ) ) ;
#1507 = EDGE_CURVE ( 'NONE', #2283, #2783, #164, .T. ) ;
#1508 = EDGE_LOOP ( 'NONE', ( #712, #2483, #2393, #3758, #3470 ) ) ;
#1509 = CARTESIAN_POINT ( 'NONE',  ( -0.6785254037844384900, 1.175240473580835700, -0.6458333333333333700 ) ) ;
#1510 =( BOUNDED_CURVE ( )  B_SPLINE_CURVE ( 2, ( #2738, #3030, #1362, #3146, #769, #1931, #784 ),
 .UNSPECIFIED., .F., .T. ) 
 B_SPLINE_CURVE_WITH_KNOTS ( ( 3, 2, 2, 3 ),
 ( 0.5882352941176470800, 0.5980392156862744900, 0.6078431372549018000, 0.6176470588235293300 ),
 .UNSPECIFIED. ) 
 CURVE ( )  GEOMETRIC_REPRESENTATION_ITEM ( )  RATIONAL_B_SPLINE_CURVE ( ( 1.000000000000000000, 0.8660254037844387100, 1.000000000000000000, 0.8660254037844387100, 1.000000000000000000, 0.8660254037844402600, 0.9999999999999984500 ) ) 
 REPRESENTATION_ITEM ( '' )  );
#1511 = ORIENTED_EDGE ( 'NONE', *, *, #585, .T. ) ;
#1512 = CARTESIAN_POINT ( 'NONE',  ( -1.299038105676658700, 0.7500000000000005600, -1.416666666666648500 ) ) ;
#1513 = CARTESIAN_POINT ( 'NONE',  ( 0.6785254037844392600, -1.175240473580833500, -5.458333333333332100 ) ) ;
#1514 = EDGE_CURVE ( 'NONE', #446, #1056, #17, .T. ) ;
#1515 = CARTESIAN_POINT ( 'NONE',  ( -1.017788105676658200, -0.5876202367904175300, -3.083333333333333500 ) ) ;
#1516 = CARTESIAN_POINT ( 'NONE',  ( 1.017788105676657800, -0.5876202367904183000, 1.583333333333333300 ) ) ;
#1517 = COORDINATED_UNIVERSAL_TIME_OFFSET ( 6, 0, .BEHIND. ) ;
#1518 = CARTESIAN_POINT ( 'NONE',  ( 1.763300807568877000, -3.239131034884752100E-016, -0.1093749999999810200 ) ) ;
#1519 = ORIENTED_EDGE ( 'NONE', *, *, #856, .T. ) ;
#1520 = CARTESIAN_POINT ( 'NONE',  ( 0.8660254037844342700, 1.500000000000010700, -1.541666666666647900 ) ) ;
#1521 = CARTESIAN_POINT ( 'NONE',  ( -1.322475605676657800, -0.7635316469341314500, 1.713541666666643600 ) ) ;
#1522 = DIRECTION ( 'NONE',  ( 0.0000000000000000000, 0.0000000000000000000, 1.000000000000000000 ) ) ;
#1523 = AXIS2_PLACEMENT_3D ( 'NONE', #3825, #3815, #2056 ) ;
#1524 = VERTEX_POINT ( 'NONE', #2273 ) ;
#1525 = CONICAL_SURFACE ( 'NONE', #1979, 1.551628848447119000, 0.7853981633974500600 ) ;
#1526 = ORIENTED_EDGE ( 'NONE', *, *, #1614, .T. ) ;
#1527 = DIRECTION ( 'NONE',  ( 0.0000000000000000000, 1.000000000000000000, 0.0000000000000000000 ) ) ;
#1528 = CARTESIAN_POINT ( 'NONE',  ( -0.6785254037844383700, 1.175240473580835500, -4.708333333333333000 ) ) ;
#1529 = ORIENTED_EDGE ( 'NONE', *, *, #259, .F. ) ;
#1530 = CARTESIAN_POINT ( 'NONE',  ( 1.357050807568877200, -2.492861891654333800E-016, 1.125000000000000000 ) ) ;
#1531 = CARTESIAN_POINT ( 'NONE',  ( 0.0000000000000000000, 1.175240473580835500, 2.250000000000000400 ) ) ;
#1532 = CARTESIAN_POINT ( 'NONE',  ( 1.322475605676657300, -0.7635316469341323400, 1.348958333333352100 ) ) ;
#1533 = DIRECTION ( 'NONE',  ( 0.0000000000000000000, 1.000000000000000000, 0.0000000000000000000 ) ) ;
#1534 = CARTESIAN_POINT ( 'NONE',  ( 1.091842227447781300, 0.6938395019456413700, -5.392154472034750500 ) ) ;
#1535 =( BOUNDED_CURVE ( )  B_SPLINE_CURVE ( 2, ( #2365, #1138, #3522, #861, #9, #1766, #266 ),
 .UNSPECIFIED., .F., .T. ) 
 B_SPLINE_CURVE_WITH_KNOTS ( ( 3, 2, 2, 3 ),
 ( 0.1764705882352939600, 0.1862745098039213800, 0.1960784313725488200, 0.2058823529411763500 ),
 .UNSPECIFIED. ) 
 CURVE ( )  GEOMETRIC_REPRESENTATION_ITEM ( )  RATIONAL_B_SPLINE_CURVE ( ( 1.000000000000002700, 0.8660254037844359300, 1.000000000000000000, 0.8660254037844387100, 1.000000000000000000, 0.8660254037844409300, 0.9999999999999977800 ) ) 
 REPRESENTATION_ITEM ( '' )  );
#1536 = DIRECTION ( 'NONE',  ( 0.0000000000000000000, 1.000000000000000000, 0.0000000000000000000 ) ) ;
#1537 = CARTESIAN_POINT ( 'NONE',  ( 1.017788105676658200, 0.5876202367904168600, -4.333333333333333000 ) ) ;
#1538 = CARTESIAN_POINT ( 'NONE',  ( 0.6785254037844393700, 1.175240473580835300, -0.2916666666666666900 ) ) ;
#1539 = CARTESIAN_POINT ( 'NONE',  ( -1.017788105676658200, -0.5876202367904175300, 2.416666666666666100 ) ) ;
#1540 = CARTESIAN_POINT ( 'NONE',  ( 1.763300807568877000, -3.239131034884752100E-016, 1.390625000000019300 ) ) ;
#1541 = AXIS2_PLACEMENT_3D ( 'NONE', #582, #2111, #2662 ) ;
#1542 = CARTESIAN_POINT ( 'NONE',  ( 1.299038105676659300, 0.7499999999999993300, 0.9791666666666448700 ) ) ;
#1543 = CARTESIAN_POINT ( 'NONE',  ( 1.053519143052614300, -0.8351261121362135700, 5.278308548877046900 ) ) ;
#1544 = CARTESIAN_POINT ( 'NONE',  ( -1.870113174931182600E-016, -1.527063293868263300, 2.296874999999977800 ) ) ;
#1545 = CARTESIAN_POINT ( 'NONE',  ( 1.017788105676658200, 0.5876202367904168600, -0.2708333333333329800 ) ) ;
#1546 = AXIS2_PLACEMENT_3D ( 'NONE', #872, #1765, #3261 ) ;
#1547 = DIRECTION ( 'NONE',  ( 1.502314598737160500E-016, 1.000000000000000000, 1.178500973792491200E-056 ) ) ;
#1548 = CARTESIAN_POINT ( 'NONE',  ( -1.017788105676658000, 0.5876202367904178600, -3.166666666666666500 ) ) ;
#1549 = CARTESIAN_POINT ( 'NONE',  ( 1.017788105676658200, 0.5876202367904168600, -0.3333333333333330400 ) ) ;
#1550 = CARTESIAN_POINT ( 'NONE',  ( -0.6785254037844384900, 1.175240473580835700, 1.791666666666666300 ) ) ;
#1551 = FACE_OUTER_BOUND ( 'NONE', #772, .T. ) ;
#1552 = CARTESIAN_POINT ( 'NONE',  ( -1.322475605676657800, 0.7635316469341318900, 2.098958333333353000 ) ) ;
#1553 = CARTESIAN_POINT ( 'NONE',  ( 3.367778697655221000E-016, -2.750000000000000000, 5.350000000000000500 ) ) ;
#1554 = CARTESIAN_POINT ( 'NONE',  ( 0.1641257575809110200, 1.328103859107068200, -5.347136614473766000 ) ) ;
#1555 = ORIENTED_EDGE ( 'NONE', *, *, #3033, .T. ) ;
#1556 = EDGE_CURVE ( 'NONE', #2222, #1524, #2657, .T. ) ;
#1557 =( BOUNDED_CURVE ( )  B_SPLINE_CURVE ( 2, ( #3318, #649, #2359, #1177, #1476, #5, #3044 ),
 .UNSPECIFIED., .F., .T. ) 
 B_SPLINE_CURVE_WITH_KNOTS ( ( 3, 2, 2, 3 ),
 ( 0.8823529411764705600, 0.8921568627450980900, 0.9019607843137255100, 0.9117647058823529200 ),
 .UNSPECIFIED. ) 
 CURVE ( )  GEOMETRIC_REPRESENTATION_ITEM ( )  RATIONAL_B_SPLINE_CURVE ( ( 1.000000000000000000, 0.8660254037844387100, 1.000000000000000000, 0.8660254037844387100, 1.000000000000000000, 0.8660254037844387100, 1.000000000000000000 ) ) 
 REPRESENTATION_ITEM ( '' )  );
#1558 = CARTESIAN_POINT ( 'NONE',  ( -0.6785254037844389300, -1.175240473580835500, 1.020833333333333700 ) ) ;
#1559 = CARTESIAN_POINT ( 'NONE',  ( 1.299038105676659300, 0.7499999999999993300, 0.4166666666666850000 ) ) ;
#1560 = ORIENTED_EDGE ( 'NONE', *, *, #3182, .F. ) ;
#1561 = CARTESIAN_POINT ( 'NONE',  ( -1.017788105676658000, 0.5876202367904178600, -3.666666666666666500 ) ) ;
#1562 = ORIENTED_EDGE ( 'NONE', *, *, #3699, .F. ) ;
#1563 = AXIS2_PLACEMENT_3D ( 'NONE', #2953, #2332, #3769 ) ;
#1564 = CARTESIAN_POINT ( 'NONE',  ( 1.017788105676658200, 0.5876202367904168600, 0.1666666666666665200 ) ) ;
#1565 = CARTESIAN_POINT ( 'NONE',  ( 1.322475605676658400, 0.7635316469341306700, -4.536458333333356100 ) ) ;
#1566 = CARTESIAN_POINT ( 'NONE',  ( -1.763300807568877000, 1.079710344961584000E-016, 1.640625000000018900 ) ) ;
#1567 = LINE ( 'NONE', #2203, #3058 ) ;
#1568 = ORIENTED_EDGE ( 'NONE', *, *, #3552, .F. ) ;
#1569 = CARTESIAN_POINT ( 'NONE',  ( -1.836970198721030900E-016, -1.500000000000000900, -3.749999999999981800 ) ) ;
#1570 = CYLINDRICAL_SURFACE ( 'NONE', #1081, 1.500000000000000900 ) ;
#1571 = VERTEX_POINT ( 'NONE', #789 ) ;
#1572 = CARTESIAN_POINT ( 'NONE',  ( 0.6785254037844393700, 1.175240473580835300, 1.770833333333333300 ) ) ;
#1573 = CARTESIAN_POINT ( 'NONE',  ( -1.836970198721030900E-016, -1.500000000000000900, 1.812499999999978200 ) ) ;
#1574 = FACE_OUTER_BOUND ( 'NONE', #957, .T. ) ;
#1575 = CARTESIAN_POINT ( 'NONE',  ( -0.6785254037844389300, -1.175240473580835500, -3.479166666666666500 ) ) ;
#1576 = CARTESIAN_POINT ( 'NONE',  ( -0.6785254037844383700, 1.175240473580835500, -3.208333333333333000 ) ) ;
#1577 = CARTESIAN_POINT ( 'NONE',  ( 1.017788105676658200, 0.5876202367904168600, 1.666666666666666100 ) ) ;
#1578 = CARTESIAN_POINT ( 'NONE',  ( 0.8816504037844392600, 1.527063293868263100, -1.994791666666689800 ) ) ;
#1579 = CARTESIAN_POINT ( 'NONE',  ( 0.6785254037844393700, 1.175240473580835300, -5.229166666666667000 ) ) ;
#1580 = EDGE_CURVE ( 'NONE', #2220, #2316, #1974, .T. ) ;
#1581 = CARTESIAN_POINT ( 'NONE',  ( 0.0000000000000000000, 1.500000000000000900, 1.000000000000018200 ) ) ;
#1582 = CARTESIAN_POINT ( 'NONE',  ( 1.299038105676658400, -0.7500000000000011100, -1.604166666666688500 ) ) ;
#1583 =( BOUNDED_CURVE ( )  B_SPLINE_CURVE ( 2, ( #3629, #2104, #323, #917, #1512, #432, #2500 ),
 .UNSPECIFIED., .F., .T. ) 
 B_SPLINE_CURVE_WITH_KNOTS ( ( 3, 2, 2, 3 ),
 ( 0.4999999999999998900, 0.5098039215686273100, 0.5196078431372547200, 0.5294117647058822500 ),
 .UNSPECIFIED. ) 
 CURVE ( )  GEOMETRIC_REPRESENTATION_ITEM ( )  RATIONAL_B_SPLINE_CURVE ( ( 1.000000000000001600, 0.8660254037844371500, 1.000000000000000000, 0.8660254037844387100, 1.000000000000000000, 0.8660254037844402600, 0.9999999999999984500 ) ) 
 REPRESENTATION_ITEM ( '' )  );
#1584 = CARTESIAN_POINT ( 'NONE',  ( 1.017788105676658200, 0.5876202367904168600, -2.270833333333333500 ) ) ;
#1585 = CARTESIAN_POINT ( 'NONE',  ( 0.0000000000000000000, 1.296351071171740300E-055, -5.500000000000000000 ) ) ;
#1586 = CARTESIAN_POINT ( 'NONE',  ( -1.439254484199189600E-016, -1.175240473580835500, -0.9375000000000000000 ) ) ;
#1587 = EDGE_CURVE ( 'NONE', #1571, #674, #1267, .T. ) ;
#1588 = CARTESIAN_POINT ( 'NONE',  ( 1.017788105676658200, 0.5876202367904168600, -3.770833333333333500 ) ) ;
#1589 = CARTESIAN_POINT ( 'NONE',  ( -1.357050807568877200, 8.309539638847781400E-017, -3.125000000000000000 ) ) ;
#1590 = CARTESIAN_POINT ( 'NONE',  ( -0.8292854048080389200, -1.172072390477452400, 2.306583753136683500 ) ) ;
#1591 = CARTESIAN_POINT ( 'NONE',  ( -1.322475605676657800, 0.7635316469341318900, -3.869791666666689200 ) ) ;
#1592 = CARTESIAN_POINT ( 'NONE',  ( -1.017788105676658000, 0.5876202367904178600, -5.604166666666666100 ) ) ;
#1593 = CARTESIAN_POINT ( 'NONE',  ( 0.2349561306223449100, -1.463717111029555700, 2.337197534982903500 ) ) ;
#1594 = DIRECTION ( 'NONE',  ( 0.0000000000000000000, 1.000000000000000000, 0.0000000000000000000 ) ) ;
#1595 = DIRECTION ( 'NONE',  ( 0.8660254037844387100, -0.4999999999999999400, -5.892504868962455100E-057 ) ) ;
#1596 = CARTESIAN_POINT ( 'NONE',  ( -0.6785254037844389300, -1.175240473580835500, -2.479166666666666500 ) ) ;
#1597 = CARTESIAN_POINT ( 'NONE',  ( 0.8660254037844498100, -1.499999999999981300, -4.208333333333314400 ) ) ;
#1598 = CYLINDRICAL_SURFACE ( 'NONE', #2814, 1.500000000000000900 ) ;
#1599 = CARTESIAN_POINT ( 'NONE',  ( -1.017788105676658200, -0.5876202367904175300, 1.979166666666666300 ) ) ;
#1600 = DIRECTION ( 'NONE',  ( -0.0000000000000000000, 1.178500973792491200E-056, -1.000000000000000000 ) ) ;
#1601 = ORIENTED_EDGE ( 'NONE', *, *, #685, .F. ) ;
#1602 = CARTESIAN_POINT ( 'NONE',  ( 0.6785254037844382600, -1.175240473580835700, -3.395833333333333000 ) ) ;
#1603 = CARTESIAN_POINT ( 'NONE',  ( 1.017788105676658200, 0.5876202367904168600, -3.770833333333333500 ) ) ;
#1604 = CARTESIAN_POINT ( 'NONE',  ( 1.017788105676657800, -0.5876202367904183000, 2.083333333333333000 ) ) ;
#1605 = CARTESIAN_POINT ( 'NONE',  ( 1.322475605676657300, -0.7635316469341323400, -2.619791666666689600 ) ) ;
#1606 = CARTESIAN_POINT ( 'NONE',  ( -1.357050807568877200, 8.309539638847781400E-017, -5.062500000000000000 ) ) ;
#1607 = ORIENTED_EDGE ( 'NONE', *, *, #1556, .F. ) ;
#1608 = CARTESIAN_POINT ( 'NONE',  ( -0.8660254037844309400, -1.500000000000015100, 1.208333333333353000 ) ) ;
#1609 = CARTESIAN_POINT ( 'NONE',  ( -1.836970198721030900E-016, -1.500000000000000900, 0.8124999999999783500 ) ) ;
#1610 = CARTESIAN_POINT ( 'NONE',  ( 0.0000000000000000000, 1.500000000000000900, -3.499999999999981300 ) ) ;
#1611 = CARTESIAN_POINT ( 'NONE',  ( -1.017788105676658200, -0.5876202367904175300, -2.520833333333333000 ) ) ;
#1612 = CARTESIAN_POINT ( 'NONE',  ( -1.017788105676658200, -0.5876202367904175300, -4.583333333333333000 ) ) ;
#1613 = VERTEX_POINT ( 'NONE', #2598 ) ;
#1614 = EDGE_CURVE ( 'NONE', #1239, #2358, #2534, .T. ) ;
#1615 = CARTESIAN_POINT ( 'NONE',  ( -1.017788105676658200, -0.5876202367904175300, 0.9791666666666664100 ) ) ;
#1616 = DIRECTION ( 'NONE',  ( 0.0000000000000000000, 1.000000000000000000, 0.0000000000000000000 ) ) ;
#1617 = ORIENTED_EDGE ( 'NONE', *, *, #1186, .F. ) ;
#1618 = CARTESIAN_POINT ( 'NONE',  ( -0.6785254037844384900, 1.175240473580835700, -4.645833333333333000 ) ) ;
#1619 = VECTOR ( 'NONE', #3500, 1000.000000000000000 ) ;
#1620 = CARTESIAN_POINT ( 'NONE',  ( 1.357050807568877200, -2.492861891654334300E-016, -3.812500000000000000 ) ) ;
#1621 = EDGE_LOOP ( 'NONE', ( #1562, #2686, #776, #1200 ) ) ;
#1622 = CARTESIAN_POINT ( 'NONE',  ( -1.439254484199189600E-016, -1.175240473580835500, 2.000000000000000000 ) ) ;
#1623 = CARTESIAN_POINT ( 'NONE',  ( -1.870113174931182600E-016, -1.527063293868263300, -2.703125000000022600 ) ) ;
#1624 = CARTESIAN_POINT ( 'NONE',  ( 0.6785254037844382600, -1.175240473580835700, -3.895833333333333000 ) ) ;
#1625 = DIRECTION ( 'NONE',  ( 0.0000000000000000000, 1.000000000000000000, 0.0000000000000000000 ) ) ;
#1626 = CARTESIAN_POINT ( 'NONE',  ( -1.836970198721030900E-016, -1.500000000000000900, -2.749999999999981300 ) ) ;
#1627 = ORIENTED_EDGE ( 'NONE', *, *, #3211, .T. ) ;
#1628 = DIRECTION ( 'NONE',  ( -1.000000000000000000, 0.0000000000000000000, 0.0000000000000000000 ) ) ;
#1629 = CARTESIAN_POINT ( 'NONE',  ( 0.6785254037844393700, 1.175240473580835300, -1.229166666666666500 ) ) ;
#1630 = CARTESIAN_POINT ( 'NONE',  ( -0.8234078741650789900, -0.8385640366158402200, -5.499999999999998200 ) ) ;
#1631 = ADVANCED_FACE ( 'NONE', ( #215 ), #2901, .F. ) ;
#1632 = CARTESIAN_POINT ( 'NONE',  ( -0.6785254037844384900, 1.175240473580835700, -5.145833333333333900 ) ) ;
#1633 = CARTESIAN_POINT ( 'NONE',  ( 0.6785254037844382600, -1.175240473580835500, -4.895833333333333000 ) ) ;
#1634 = CARTESIAN_POINT ( 'NONE',  ( 0.0000000000000000000, 1.175240473580835500, 2.749999999999999100 ) ) ;
#1635 = CARTESIAN_POINT ( 'NONE',  ( -1.322475605676657800, -0.7635316469341314500, -0.7864583333333560200 ) ) ;
#1636 = CARTESIAN_POINT ( 'NONE',  ( 1.357050807568877200, -2.492861891654333800E-016, -4.812500000000000000 ) ) ;
#1637 =( BOUNDED_CURVE ( )  B_SPLINE_CURVE ( 2, ( #1945, #3752, #3137, #3721, #1644, #1695, #165 ),
 .UNSPECIFIED., .F., .T. ) 
 B_SPLINE_CURVE_WITH_KNOTS ( ( 3, 2, 2, 3 ),
 ( 0.9411764705882352800, 0.9509803921568627000, 0.9607843137254902200, 0.9705882352941176400 ),
 .UNSPECIFIED. ) 
 CURVE ( )  GEOMETRIC_REPRESENTATION_ITEM ( )  RATIONAL_B_SPLINE_CURVE ( ( 1.000000000000000000, 0.8660254037844387100, 1.000000000000000000, 0.8660254037844387100, 1.000000000000000000, 0.8660254037844387100, 1.000000000000000000 ) ) 
 REPRESENTATION_ITEM ( '' )  );
#1638 = EDGE_CURVE ( 'NONE', #2315, #39, #3813, .T. ) ;
#1639 = CARTESIAN_POINT ( 'NONE',  ( -1.152335806484987600, -0.7780742849031119200, 5.335360376110865700 ) ) ;
#1640 = CYLINDRICAL_SURFACE ( 'NONE', #1523, 1.500000000000000900 ) ;
#1641 = CARTESIAN_POINT ( 'NONE',  ( 0.0000000000000000000, 1.650000000000001700, 2.500000000000000400 ) ) ;
#1642 = CARTESIAN_POINT ( 'NONE',  ( -1.439254484199189600E-016, -1.175240473580835500, -0.9375000000000000000 ) ) ;
#1643 = CARTESIAN_POINT ( 'NONE',  ( -0.6785254037844384900, 1.175240473580835700, -4.708333333333333000 ) ) ;
#1644 = CARTESIAN_POINT ( 'NONE',  ( -1.299038105676658700, -0.7500000000000001100, 2.229166666666643900 ) ) ;
#1645 = CARTESIAN_POINT ( 'NONE',  ( 0.8660254037844443700, -1.499999999999991300, -1.208333333333314200 ) ) ;
#1646 = EDGE_CURVE ( 'NONE', #3601, #2723, #1698, .T. ) ;
#1647 = CARTESIAN_POINT ( 'NONE',  ( -0.8660254037844396000, -1.500000000000000700, -3.729166666666688300 ) ) ;
#1648 = CARTESIAN_POINT ( 'NONE',  ( -1.017788105676658000, 0.5876202367904178600, -4.104166666666667000 ) ) ;
#1649 = CARTESIAN_POINT ( 'NONE',  ( -1.364959169440804100, 0.2707876252546238500, 2.260513829414549000 ) ) ;
#1650 = CARTESIAN_POINT ( 'NONE',  ( 0.8816504037844392600, 1.527063293868263100, -0.4947916666666893900 ) ) ;
#1651 = LINE ( 'NONE', #3079, #2751 ) ;
#1652 = CARTESIAN_POINT ( 'NONE',  ( 0.0000000000000000000, 1.175240473580835500, -2.687500000000000000 ) ) ;
#1653 = DIRECTION ( 'NONE',  ( -0.5000000000000001100, 0.8660254037844386000, 0.0000000000000000000 ) ) ;
#1654 = ADVANCED_FACE ( 'NONE', ( #3718 ), #2106, .T. ) ;
#1655 = CARTESIAN_POINT ( 'NONE',  ( -0.8660254037844391500, 1.500000000000000700, 0.6041666666666445400 ) ) ;
#1656 = FACE_OUTER_BOUND ( 'NONE', #1959, .T. ) ;
#1657 = CARTESIAN_POINT ( 'NONE',  ( 0.0000000000000000000, 1.175240473580835500, 2.312500000000000400 ) ) ;
#1658 = CARTESIAN_POINT ( 'NONE',  ( 1.299038105676659300, 0.7499999999999993300, -4.520833333333355200 ) ) ;
#1659 = CARTESIAN_POINT ( 'NONE',  ( 0.6785254037844393700, 1.175240473580835300, 2.270833333333333500 ) ) ;
#1660 = CARTESIAN_POINT ( 'NONE',  ( -0.8660254037844453700, -1.499999999999990700, 1.270833333333311100 ) ) ;
#1661 = EDGE_LOOP ( 'NONE', ( #1072, #3060, #2631, #1103 ) ) ;
#1662 = CARTESIAN_POINT ( 'NONE',  ( 0.0000000000000000000, 1.500000000000000900, 0.5624999999999781300 ) ) ;
#1663 = CARTESIAN_POINT ( 'NONE',  ( -1.732050807568878500, 1.060575238724907400E-016, -0.8749999999999815700 ) ) ;
#1664 = EDGE_LOOP ( 'NONE', ( #679, #3737, #1383, #3270 ) ) ;
#1665 = CARTESIAN_POINT ( 'NONE',  ( -1.017788105676658200, -0.5876202367904175300, -3.020833333333333500 ) ) ;
#1666 = CARTESIAN_POINT ( 'NONE',  ( -0.8375748887949761000, 0.9977985874212859100, 2.234354239261162600 ) ) ;
#1667 = EDGE_CURVE ( 'NONE', #730, #635, #653, .T. ) ;
#1668 = CARTESIAN_POINT ( 'NONE',  ( -1.763300807568877000, 1.079710344961584000E-016, 0.6718749999999772400 ) ) ;
#1669 = CARTESIAN_POINT ( 'NONE',  ( -1.017788105676658000, 0.5876202367904178600, -3.604166666666666500 ) ) ;
#1670 = VECTOR ( 'NONE', #1499, 1000.000000000000000 ) ;
#1671 = ORIENTED_EDGE ( 'NONE', *, *, #2586, .F. ) ;
#1672 = CARTESIAN_POINT ( 'NONE',  ( 2.020667218593135000E-016, -1.650000000000001700, 2.350000000000000500 ) ) ;
#1673 = CARTESIAN_POINT ( 'NONE',  ( 1.299038105676659300, 0.7499999999999993300, -1.020833333333355000 ) ) ;
#1674 = CARTESIAN_POINT ( 'NONE',  ( -1.017788105676658000, 0.5876202367904178600, 1.395833333333333000 ) ) ;
#1675 = CARTESIAN_POINT ( 'NONE',  ( -1.357050807568877200, 8.309539638847781400E-017, -5.625000000000000000 ) ) ;
#1676 = VECTOR ( 'NONE', #2215, 1000.000000000000000 ) ;
#1677 = VERTEX_POINT ( 'NONE', #3493 ) ;
#1678 = CARTESIAN_POINT ( 'NONE',  ( -0.6785254037844389300, -1.175240473580835300, -2.041666666666667000 ) ) ;
#1679 = CARTESIAN_POINT ( 'NONE',  ( -0.6785254037844384900, 1.175240473580835700, 2.354166666666665600 ) ) ;
#1680 = CARTESIAN_POINT ( 'NONE',  ( 0.0000000000000000000, 1.175240473580835500, -3.187500000000000000 ) ) ;
#1681 = CARTESIAN_POINT ( 'NONE',  ( -0.6785254037844389300, -1.175240473580835300, 0.5208333333333332600 ) ) ;
#1682 = CIRCLE ( 'NONE', #3259, 2.750000000000000000 ) ;
#1683 = ORIENTED_EDGE ( 'NONE', *, *, #370, .T. ) ;
#1684 = CARTESIAN_POINT ( 'NONE',  ( -1.017788105676658000, 0.5876202367904178600, -2.604166666666666500 ) ) ;
#1685 = AXIS2_PLACEMENT_3D ( 'NONE', #1849, #3625, #1254 ) ;
#1686 = APPROVAL_STATUS ( 'not_yet_approved' ) ;
#1687 = CARTESIAN_POINT ( 'NONE',  ( 0.8816504037844380400, -1.527063293868264000, -0.1614583333333563200 ) ) ;
#1688 = CARTESIAN_POINT ( 'NONE',  ( 0.6785254037844382600, -1.175240473580835700, -2.395833333333333500 ) ) ;
#1689 = CARTESIAN_POINT ( 'NONE',  ( 3.811135289495533600E-016, -1.443375672974064300, 5.391746824526944900 ) ) ;
#1690 = CARTESIAN_POINT ( 'NONE',  ( 1.250000000000000000, 0.1268729961951115500, 5.198371151552879400 ) ) ;
#1691 = CARTESIAN_POINT ( 'NONE',  ( 1.357050807568877200, -2.492861891654333800E-016, 2.187500000000000000 ) ) ;
#1692 = CARTESIAN_POINT ( 'NONE',  ( 0.6785254037844393700, 1.175240473580835300, -1.291666666666666700 ) ) ;
#1693 = PRODUCT_DEFINITION_FORMATION_WITH_SPECIFIED_SOURCE ( 'ANY', '', #546, .NOT_KNOWN. ) ;
#1694 = CARTESIAN_POINT ( 'NONE',  ( -1.017788105676658200, -0.5876202367904175300, -1.583333333333333300 ) ) ;
#1695 = CARTESIAN_POINT ( 'NONE',  ( -0.8660254037844396000, -1.500000000000000700, 2.270833333333311700 ) ) ;
#1696 = DIRECTION ( 'NONE',  ( -0.0000000000000000000, -0.0000000000000000000, 1.000000000000000000 ) ) ;
#1697 = CARTESIAN_POINT ( 'NONE',  ( -1.249999999999999800, 1.530534561345758100E-016, 5.198371151552881200 ) ) ;
#1698 =( BOUNDED_CURVE ( )  B_SPLINE_CURVE ( 2, ( #2246, #1059, #1077, #1351, #3424, #1660, #3722 ),
 .UNSPECIFIED., .F., .T. ) 
 B_SPLINE_CURVE_WITH_KNOTS ( ( 3, 2, 2, 3 ),
 ( 0.8235294117647058400, 0.8333333333333333700, 0.8431372549019606800, 0.8529411764705880900 ),
 .UNSPECIFIED. ) 
 CURVE ( )  GEOMETRIC_REPRESENTATION_ITEM ( )  RATIONAL_B_SPLINE_CURVE ( ( 1.000000000000000000, 0.8660254037844387100, 1.000000000000000000, 0.8660254037844387100, 1.000000000000000000, 0.8660254037844402600, 0.9999999999999984500 ) ) 
 REPRESENTATION_ITEM ( '' )  );
#1699 = CARTESIAN_POINT ( 'NONE',  ( -0.6785254037844383700, 1.175240473580835500, -2.145833333333333500 ) ) ;
#1700 = CARTESIAN_POINT ( 'NONE',  ( -1.322475605676657800, 0.7635316469341318900, -1.369791666666689200 ) ) ;
#1701 = CARTESIAN_POINT ( 'NONE',  ( -1.439254484199189600E-016, -1.175240473580835500, -1.937500000000000000 ) ) ;
#1702 = EDGE_CURVE ( 'NONE', #2227, #2606, #583, .T. ) ;
#1703 = CARTESIAN_POINT ( 'NONE',  ( -0.8660254037844281600, -1.500000000000020400, -3.791666666666646500 ) ) ;
#1704 = ADVANCED_FACE ( 'NONE', ( #2853 ), #1640, .T. ) ;
#1705 = CARTESIAN_POINT ( 'NONE',  ( -1.249999999999999600, -0.7216878364870322700, 5.391746824526944900 ) ) ;
#1706 = CARTESIAN_POINT ( 'NONE',  ( 1.357050807568877200, -2.492861891654333800E-016, 1.687499999999999800 ) ) ;
#1707 = CARTESIAN_POINT ( 'NONE',  ( 0.0000000000000000000, 1.175240473580835500, -3.750000000000000000 ) ) ;
#1708 = CARTESIAN_POINT ( 'NONE',  ( -1.763300807568877000, 1.079710344961584000E-016, -5.359374999999979600 ) ) ;
#1709 = CARTESIAN_POINT ( 'NONE',  ( -0.6785254037844389300, -1.175240473580835300, -0.04166666666666641500 ) ) ;
#1710 = CARTESIAN_POINT ( 'NONE',  ( 1.732050807568878500, -3.181725716174722500E-016, -2.624999999999981300 ) ) ;
#1711 = AXIS2_PLACEMENT_3D ( 'NONE', #3582, #1522, #354 ) ;
#1712 = CARTESIAN_POINT ( 'NONE',  ( -0.8660254037844448100, 1.499999999999990700, -0.9583333333333137200 ) ) ;
#1713 = CARTESIAN_POINT ( 'NONE',  ( -1.439254484199189600E-016, -1.175240473580835500, -0.9375000000000000000 ) ) ;
#1714 = CARTESIAN_POINT ( 'NONE',  ( -0.3583290540365525200, 1.231064746540568000, 2.217113554291196800 ) ) ;
#1715 = CARTESIAN_POINT ( 'NONE',  ( -0.8816504037844389300, -1.527063293868263100, 0.7552083333333109400 ) ) ;
#1716 = ORIENTED_EDGE ( 'NONE', *, *, #370, .F. ) ;
#1717 = CARTESIAN_POINT ( 'NONE',  ( 0.0000000000000000000, 1.500000000000000900, -3.437500000000021800 ) ) ;
#1718 = CARTESIAN_POINT ( 'NONE',  ( -0.6785254037844384900, 1.175240473580835700, -4.208333333333333000 ) ) ;
#1719 = CARTESIAN_POINT ( 'NONE',  ( -1.017788105676658200, -0.5876202367904175300, -3.083333333333333500 ) ) ;
#1720 = ORIENTED_EDGE ( 'NONE', *, *, #3031, .T. ) ;
#1721 = CARTESIAN_POINT ( 'NONE',  ( 0.0000000000000000000, 1.527063293868263300, -3.484374999999980500 ) ) ;
#1722 = CARTESIAN_POINT ( 'NONE',  ( -1.017788105676658000, 0.5876202367904178600, 0.3333333333333330400 ) ) ;
#1723 = CARTESIAN_POINT ( 'NONE',  ( 1.299038105676658400, -0.7500000000000011100, -2.166666666666648300 ) ) ;
#1724 = ORIENTED_EDGE ( 'NONE', *, *, #2319, .F. ) ;
#1725 = ADVANCED_FACE ( 'NONE', ( #2064 ), #2420, .T. ) ;
#1726 = CARTESIAN_POINT ( 'NONE',  ( -1.836970198721030900E-016, -1.500000000000000900, -3.687500000000021300 ) ) ;
#1727 = CARTESIAN_POINT ( 'NONE',  ( -0.8660254037844396000, -1.500000000000000700, -0.2291666666666880600 ) ) ;
#1728 = LINE ( 'NONE', #1408, #3202 ) ;
#1729 = CARTESIAN_POINT ( 'NONE',  ( 1.017788105676658200, 0.5876202367904168600, -2.270833333333333500 ) ) ;
#1730 = ORIENTED_EDGE ( 'NONE', *, *, #1023, .F. ) ;
#1731 = PERSON_AND_ORGANIZATION_ROLE ( 'creator' ) ;
#1732 = EDGE_CURVE ( 'NONE', #3138, #2503, #991, .T. ) ;
#1733 = CIRCLE ( 'NONE', #1541, 2.750000000000000000 ) ;
#1734 = CARTESIAN_POINT ( 'NONE',  ( 1.836970198721030900E-016, -1.500000000000000900, -5.500000000000000000 ) ) ;
#1735 = CARTESIAN_POINT ( 'NONE',  ( 1.250000000000000200, 0.7216878364870319400, 5.391746824526944900 ) ) ;
#1736 = ORIENTED_EDGE ( 'NONE', *, *, #3745, .F. ) ;
#1737 = CARTESIAN_POINT ( 'NONE',  ( 0.6785254037844393700, 1.175240473580835300, -5.291666666666667000 ) ) ;
#1738 = CARTESIAN_POINT ( 'NONE',  ( 1.017788105676657800, -0.5876202367904183000, -2.916666666666667000 ) ) ;
#1739 = CARTESIAN_POINT ( 'NONE',  ( -0.8816504037844382600, 1.527063293868263300, -3.942708333333313500 ) ) ;
#1740 = EDGE_CURVE ( 'NONE', #3051, #792, #521, .T. ) ;
#1741 = VERTEX_POINT ( 'NONE', #2347 ) ;
#1742 = CARTESIAN_POINT ( 'NONE',  ( 0.6785254037844382600, -1.175240473580835500, -0.9583333333333337000 ) ) ;
#1743 = CARTESIAN_POINT ( 'NONE',  ( 0.2221439446534731700, 1.239919534826587200, 2.199842473421075100 ) ) ;
#1744 = CARTESIAN_POINT ( 'NONE',  ( 0.0000000000000000000, 1.500000000000000900, -0.4375000000000218700 ) ) ;
#1745 = CARTESIAN_POINT ( 'NONE',  ( -0.6785254037844389300, -1.175240473580835300, -1.479166666666666700 ) ) ;
#1746 = CARTESIAN_POINT ( 'NONE',  ( -1.017788105676658000, 0.5876202367904178600, -5.666666666666666100 ) ) ;
#1747 = CARTESIAN_POINT ( 'NONE',  ( -0.6785254037844389300, -1.175240473580835500, -3.541666666666666100 ) ) ;
#1748 = CARTESIAN_POINT ( 'NONE',  ( -0.8816504037844382600, 1.527063293868263300, -3.442708333333313900 ) ) ;
#1749 = DIRECTION ( 'NONE',  ( -0.0000000000000000000, 1.178500973792491200E-056, -1.000000000000000000 ) ) ;
#1750 = CARTESIAN_POINT ( 'NONE',  ( 1.299038105676659300, 0.7499999999999993300, -0.5208333333333546900 ) ) ;
#1751 = B_SPLINE_CURVE_WITH_KNOTS ( 'NONE', 3,
 ( #1962, #788, #2873, #3423, #2513, #1336 ),
 .UNSPECIFIED., .F., .F.,
 ( 4, 2, 4 ),
 ( 0.0000000000000000000, 0.0004550704216692238600, 0.0009101408433384477200 ),
 .UNSPECIFIED. ) ;
#1752 = DIRECTION ( 'NONE',  ( -0.0000000000000000000, 1.178500973792491200E-056, -1.000000000000000000 ) ) ;
#1753 = CARTESIAN_POINT ( 'NONE',  ( 0.0000000000000000000, 1.500000000000000900, 0.06249999999997857300 ) ) ;
#1754 = CYLINDRICAL_SURFACE ( 'NONE', #1761, 1.500000000000000900 ) ;
#1755 = CARTESIAN_POINT ( 'NONE',  ( -0.6785254037844389300, -1.175240473580835500, -4.541666666666667000 ) ) ;
#1756 = CARTESIAN_POINT ( 'NONE',  ( -0.6785254037844384900, 1.175240473580835700, -1.208333333333333000 ) ) ;
#1757 = CARTESIAN_POINT ( 'NONE',  ( -1.322475605676657800, 0.7635316469341318900, -3.401041666666647400 ) ) ;
#1758 = CARTESIAN_POINT ( 'NONE',  ( -1.357050807568877200, 8.309539638847781400E-017, 1.374999999999999600 ) ) ;
#1759 = FACE_OUTER_BOUND ( 'NONE', #911, .T. ) ;
#1760 = ADVANCED_FACE ( 'NONE', ( #337 ), #2938, .T. ) ;
#1761 = AXIS2_PLACEMENT_3D ( 'NONE', #1585, #431, #3385 ) ;
#1762 = CARTESIAN_POINT ( 'NONE',  ( -1.836970198721030900E-016, -1.500000000000000900, -0.6875000000000220900 ) ) ;
#1763 = VERTEX_POINT ( 'NONE', #2627 ) ;
#1764 = EDGE_LOOP ( 'NONE', ( #2541, #1555, #2172, #1601 ) ) ;
#1765 = DIRECTION ( 'NONE',  ( -0.0000000000000000000, 1.178500973792491200E-056, -1.000000000000000000 ) ) ;
#1766 = CARTESIAN_POINT ( 'NONE',  ( 0.8660254037844472600, -1.499999999999986700, 1.291666666666685600 ) ) ;
#1767 = CARTESIAN_POINT ( 'NONE',  ( -0.6785254037844384900, 1.175240473580835700, -3.708333333333333500 ) ) ;
#1768 = CARTESIAN_POINT ( 'NONE',  ( 0.6785254037844382600, -1.175240473580835700, -0.9583333333333337000 ) ) ;
#1769 =( BOUNDED_CURVE ( )  B_SPLINE_CURVE ( 2, ( #3338, #707, #2455, #2476, #1904, #2746, #680 ),
 .UNSPECIFIED., .F., .T. ) 
 B_SPLINE_CURVE_WITH_KNOTS ( ( 3, 2, 2, 3 ),
 ( 0.9411764705882350600, 0.9509803921568625900, 0.9607843137254902200, 0.9618980422683959300 ),
 .UNSPECIFIED. ) 
 CURVE ( )  GEOMETRIC_REPRESENTATION_ITEM ( )  RATIONAL_B_SPLINE_CURVE ( ( 1.000000000000003100, 0.8660254037844357100, 1.000000000000000000, 0.8660254037844387100, 1.000000000000000000, 0.9847804441533871700, 0.9730187808731451900 ) ) 
 REPRESENTATION_ITEM ( '' )  );
#1770 = CARTESIAN_POINT ( 'NONE',  ( 1.322475605676657300, -0.7635316469341323400, -1.151041666666647400 ) ) ;
#1771 = ORIENTED_EDGE ( 'NONE', *, *, #2433, .T. ) ;
#1772 = CARTESIAN_POINT ( 'NONE',  ( -1.439254484199189600E-016, -1.175240473580835500, 2.000000000000000000 ) ) ;
#1773 = CARTESIAN_POINT ( 'NONE',  ( 1.049523301869556700, 0.5288582131113497300, 2.162499999999997400 ) ) ;
#1774 = CYLINDRICAL_SURFACE ( 'NONE', #2710, 1.500000000000000900 ) ;
#1775 = ORIENTED_EDGE ( 'NONE', *, *, #420, .T. ) ;
#1776 = B_SPLINE_CURVE_WITH_KNOTS ( 'NONE', 3,
 ( #3306, #381, #2068, #356, #286, #1840 ),
 .UNSPECIFIED., .F., .F.,
 ( 4, 2, 4 ),
 ( 1.688546641281749800E-016, 0.0004940339337817497900, 0.0009880678675633308800 ),
 .UNSPECIFIED. ) ;
#1777 = EDGE_CURVE ( 'NONE', #2496, #669, #304, .T. ) ;
#1778 = ORIENTED_EDGE ( 'NONE', *, *, #447, .T. ) ;
#1779 = CARTESIAN_POINT ( 'NONE',  ( 0.0000000000000000000, 1.333734122634717900, -5.341506350946115600 ) ) ;
#1780 = ADVANCED_FACE ( 'NONE', ( #1574 ), #1044, .T. ) ;
#1781 = CARTESIAN_POINT ( 'NONE',  ( 0.0000000000000000000, 1.175240473580835500, -1.749999999999999800 ) ) ;
#1782 = CARTESIAN_POINT ( 'NONE',  ( -1.017788105676658000, 0.5876202367904178600, 0.3333333333333330400 ) ) ;
#1783 = CARTESIAN_POINT ( 'NONE',  ( 0.8816504037844380400, -1.527063293868264000, -1.692708333333313900 ) ) ;
#1784 = CARTESIAN_POINT ( 'NONE',  ( -1.836970198721030900E-016, -1.500000000000000900, 1.312499999999978000 ) ) ;
#1785 = CARTESIAN_POINT ( 'NONE',  ( -0.6785254037844384900, 1.175240473580835700, -3.145833333333333500 ) ) ;
#1786 = CARTESIAN_POINT ( 'NONE',  ( 0.0000000000000000000, 1.500000000000000900, 0.5000000000000186500 ) ) ;
#1787 = CARTESIAN_POINT ( 'NONE',  ( 0.8660254037844386000, -1.500000000000001100, -2.645833333333354800 ) ) ;
#1788 = CARTESIAN_POINT ( 'NONE',  ( 0.8660254037844386000, -1.500000000000001100, -0.1458333333333552400 ) ) ;
#1789 = CARTESIAN_POINT ( 'NONE',  ( 0.0000000000000000000, 1.175240473580835500, -3.250000000000000000 ) ) ;
#1790 = CARTESIAN_POINT ( 'NONE',  ( 0.6785254037844382600, -1.175240473580835700, -0.4583333333333332000 ) ) ;
#1791 = CARTESIAN_POINT ( 'NONE',  ( 1.322475605676658400, 0.7635316469341306700, -1.567708333333314200 ) ) ;
#1792 = CARTESIAN_POINT ( 'NONE',  ( -1.274871809163247200, 0.5653324994309552000, -5.283715394671243200 ) ) ;
#1793 = CARTESIAN_POINT ( 'NONE',  ( -0.8660254037844364900, -1.500000000000005300, -0.2916666666666480900 ) ) ;
#1794 = EDGE_CURVE ( 'NONE', #2137, #3782, #531, .T. ) ;
#1795 = CARTESIAN_POINT ( 'NONE',  ( -1.439254484199189600E-016, -1.175240473580835500, 0.06250000000000005600 ) ) ;
#1796 = CARTESIAN_POINT ( 'NONE',  ( 0.0000000000000000000, 1.500000000000000900, -3.437500000000021800 ) ) ;
#1797 = CARTESIAN_POINT ( 'NONE',  ( 1.357050807568877200, -2.492861891654334300E-016, 1.687499999999999800 ) ) ;
#1798 = EDGE_CURVE ( 'NONE', #1056, #1121, #1733, .T. ) ;
#1799 = CARTESIAN_POINT ( 'NONE',  ( 1.017788105676658200, 0.5876202367904168600, -3.333333333333333000 ) ) ;
#1800 = CARTESIAN_POINT ( 'NONE',  ( 0.6785254037844393700, 1.175240473580835300, 0.7083333333333333700 ) ) ;
#1801 = ORIENTED_EDGE ( 'NONE', *, *, #174, .T. ) ;
#1802 = CARTESIAN_POINT ( 'NONE',  ( -1.870113174931182600E-016, -1.527063293868263300, -2.234374999999980900 ) ) ;
#1803 = CARTESIAN_POINT ( 'NONE',  ( 0.0000000000000000000, 3.712278067446347900E-056, 2.349999999999999600 ) ) ;
#1804 = ORIENTED_EDGE ( 'NONE', *, *, #1794, .F. ) ;
#1805 = PERSON_AND_ORGANIZATION ( #850, #3642 ) ;
#1806 = EDGE_LOOP ( 'NONE', ( #949, #117, #2558, #2649 ) ) ;
#1807 = VECTOR ( 'NONE', #1855, 1000.000000000000000 ) ;
#1808 = CARTESIAN_POINT ( 'NONE',  ( 0.8660254037844329300, -1.500000000000010900, 1.354166666666644100 ) ) ;
#1809 = ADVANCED_FACE ( 'NONE', ( #1164 ), #1472, .F. ) ;
#1810 = CARTESIAN_POINT ( 'NONE',  ( -0.6785254037844389300, -1.175240473580835300, 2.020833333333333000 ) ) ;
#1811 = ORIENTED_EDGE ( 'NONE', *, *, #3715, .T. ) ;
#1812 = CARTESIAN_POINT ( 'NONE',  ( -1.017788105676658200, -0.5876202367904175300, -2.583333333333333500 ) ) ;
#1813 = CARTESIAN_POINT ( 'NONE',  ( 0.8816504037844380400, -1.527063293868264000, -5.161458333333357000 ) ) ;
#1814 = CARTESIAN_POINT ( 'NONE',  ( -1.322475605676657800, 0.7635316469341318900, -1.401041666666647600 ) ) ;
#1815 = CYLINDRICAL_SURFACE ( 'NONE', #1052, 1.500000000000000900 ) ;
#1816 = ORIENTED_EDGE ( 'NONE', *, *, #2564, .T. ) ;
#1817 = CARTESIAN_POINT ( 'NONE',  ( 0.0000000000000000000, 2.600000000000000100, 5.500000000000000000 ) ) ;
#1818 = CARTESIAN_POINT ( 'NONE',  ( 1.250000000000000000, -2.739268375193305200E-020, 5.198371151552881200 ) ) ;
#1819 = CARTESIAN_POINT ( 'NONE',  ( -1.017788105676658000, 0.5876202367904178600, -0.6041666666666669600 ) ) ;
#1820 = EDGE_CURVE ( 'NONE', #3464, #238, #411, .T. ) ;
#1821 = DIRECTION ( 'NONE',  ( -0.0000000000000000000, 1.178500973792491200E-056, -1.000000000000000000 ) ) ;
#1822 = CARTESIAN_POINT ( 'NONE',  ( -1.017788105676658000, 0.5876202367904178600, -5.166666666666667000 ) ) ;
#1823 = CARTESIAN_POINT ( 'NONE',  ( 1.357050807568877200, -2.492861891654333800E-016, -1.875000000000000000 ) ) ;
#1824 = CARTESIAN_POINT ( 'NONE',  ( 0.6785254037844382600, -1.175240473580835700, 2.541666666666666100 ) ) ;
#1825 = CARTESIAN_POINT ( 'NONE',  ( 0.0000000000000000000, 1.527063293868263300, 0.5156250000000195400 ) ) ;
#1826 = CARTESIAN_POINT ( 'NONE',  ( -0.8816504037844389300, -1.527063293868263100, 2.255208333333310400 ) ) ;
#1827 = CARTESIAN_POINT ( 'NONE',  ( -1.836970198721030900E-016, -1.500000000000000900, -4.749999999999981300 ) ) ;
#1828 =( BOUNDED_CURVE ( )  B_SPLINE_CURVE ( 2, ( #366, #596, #2672, #2110, #899, #2983, #1196 ),
 .UNSPECIFIED., .F., .T. ) 
 B_SPLINE_CURVE_WITH_KNOTS ( ( 3, 2, 2, 3 ),
 ( 0.5294117647058823600, 0.5392156862745097800, 0.5490196078431373000, 0.5588235294117647200 ),
 .UNSPECIFIED. ) 
 CURVE ( )  GEOMETRIC_REPRESENTATION_ITEM ( )  RATIONAL_B_SPLINE_CURVE ( ( 1.000000000000000000, 0.8660254037844387100, 1.000000000000000000, 0.8660254037844387100, 1.000000000000000000, 0.8660254037844387100, 1.000000000000000000 ) ) 
 REPRESENTATION_ITEM ( '' )  );
#1829 = CC_DESIGN_APPROVAL ( #3676, ( #1033 ) ) ;
#1830 = DIRECTION ( 'NONE',  ( -0.0000000000000000000, 1.178500973792491200E-056, -1.000000000000000000 ) ) ;
#1831 = CARTESIAN_POINT ( 'NONE',  ( -1.017788105676658200, -0.5876202367904175300, -4.583333333333333000 ) ) ;
#1832 = CARTESIAN_POINT ( 'NONE',  ( -1.017788105676658000, 0.5876202367904178600, 1.333333333333333000 ) ) ;
#1833 = CARTESIAN_POINT ( 'NONE',  ( -0.6785254037844389300, -1.175240473580835500, 1.458333333333333300 ) ) ;
#1834 = CARTESIAN_POINT ( 'NONE',  ( -1.322475605676657800, 0.7635316469341318900, 1.098958333333352800 ) ) ;
#1835 = CARTESIAN_POINT ( 'NONE',  ( -1.836970198721030900E-016, -1.500000000000000900, -1.749999999999981600 ) ) ;
#1836 = LINE ( 'NONE', #2237, #2348 ) ;
#1837 = CARTESIAN_POINT ( 'NONE',  ( 0.0000000000000000000, 1.500000000000000900, -5.500000000000000000 ) ) ;
#1838 = EDGE_CURVE ( 'NONE', #2503, #2399, #923, .T. ) ;
#1839 = VECTOR ( 'NONE', #2748, 1000.000000000000000 ) ;
#1840 = CARTESIAN_POINT ( 'NONE',  ( -3.274958559820810500E-012, -1.323117061316950900, -5.352123412263880600 ) ) ;
#1841 = ORIENTED_EDGE ( 'NONE', *, *, #1702, .T. ) ;
#1842 = CARTESIAN_POINT ( 'NONE',  ( 0.6785254037844392600, 1.175240473580835100, -4.291666666666667000 ) ) ;
#1843 = EDGE_CURVE ( 'NONE', #3601, #3518, #2185, .T. ) ;
#1844 = CARTESIAN_POINT ( 'NONE',  ( 1.357050807568877200, -2.492861891654333800E-016, 0.1250000000000001100 ) ) ;
#1845 = CARTESIAN_POINT ( 'NONE',  ( -1.322475605676657800, -0.7635316469341314500, -5.286458333333355200 ) ) ;
#1846 = CARTESIAN_POINT ( 'NONE',  ( 0.0000000000000000000, 1.527063293868263300, 1.515625000000019500 ) ) ;
#1847 = ORIENTED_EDGE ( 'NONE', *, *, #2362, .T. ) ;
#1848 = CARTESIAN_POINT ( 'NONE',  ( -0.8660254037844316000, -1.500000000000014200, 2.208333333333352100 ) ) ;
#1849 = CARTESIAN_POINT ( 'NONE',  ( 0.0000000000000000000, 1.175240473580835500, -5.499999999999999100 ) ) ;
#1850 = CARTESIAN_POINT ( 'NONE',  ( 1.254312721916795300, 0.2265528782482374400, -5.411246375962621300 ) ) ;
#1851 = VERTEX_POINT ( 'NONE', #2 ) ;
#1852 =( BOUNDED_CURVE ( )  B_SPLINE_CURVE ( 2, ( #2726, #950, #1559, #3827, #966, #60, #938 ),
 .UNSPECIFIED., .F., .T. ) 
 B_SPLINE_CURVE_WITH_KNOTS ( ( 3, 2, 2, 3 ),
 ( 0.2941176470588233700, 0.3039215686274509000, 0.3137254901960783700, 0.3235294117647057900 ),
 .UNSPECIFIED. ) 
 CURVE ( )  GEOMETRIC_REPRESENTATION_ITEM ( )  RATIONAL_B_SPLINE_CURVE ( ( 1.000000000000001600, 0.8660254037844371500, 1.000000000000000000, 0.8660254037844387100, 1.000000000000000000, 0.8660254037844394800, 0.9999999999999992200 ) ) 
 REPRESENTATION_ITEM ( '' )  );
#1853 = CARTESIAN_POINT ( 'NONE',  ( -0.8660254037844448100, 1.499999999999990700, 0.5416666666666857300 ) ) ;
#1854 = ORIENTED_EDGE ( 'NONE', *, *, #2698, .T. ) ;
#1855 = DIRECTION ( 'NONE',  ( -0.0000000000000000000, 1.178500973792491200E-056, -1.000000000000000000 ) ) ;
#1856 = FACE_OUTER_BOUND ( 'NONE', #916, .T. ) ;
#1857 = CARTESIAN_POINT ( 'NONE',  ( 1.017788105676658200, 0.5876202367904168600, -3.833333333333333500 ) ) ;
#1858 = ORIENTED_EDGE ( 'NONE', *, *, #2053, .T. ) ;
#1859 = CARTESIAN_POINT ( 'NONE',  ( -1.017788105676658200, -0.5876202367904175300, -0.08333333333333370300 ) ) ;
#1860 = CARTESIAN_POINT ( 'NONE',  ( -0.8816504037844389300, -1.527063293868263100, -5.744791666666689200 ) ) ;
#1861 = CARTESIAN_POINT ( 'NONE',  ( -1.322475605676657800, -0.7635316469341314500, 2.182291666666685600 ) ) ;
#1862 = EDGE_CURVE ( 'NONE', #2442, #3432, #821, .T. ) ;
#1863 = DIRECTION ( 'NONE',  ( 0.0000000000000000000, -1.000000000000000000, 0.0000000000000000000 ) ) ;
#1864 = DIRECTION ( 'NONE',  ( -0.0000000000000000000, 1.178500973792491200E-056, -1.000000000000000000 ) ) ;
#1865 = ORIENTED_EDGE ( 'NONE', *, *, #2637, .F. ) ;
#1866 = CARTESIAN_POINT ( 'NONE',  ( -1.322475605676657800, 0.7635316469341318900, 1.630208333333310800 ) ) ;
#1867 = CARTESIAN_POINT ( 'NONE',  ( 0.6785254037844382600, -1.175240473580835700, 0.1041666666666664800 ) ) ;
#1868 = DIRECTION ( 'NONE',  ( 0.0000000000000000000, 1.000000000000000000, 0.0000000000000000000 ) ) ;
#1869 = CARTESIAN_POINT ( 'NONE',  ( 0.6785254037844392600, 1.175240473580835100, -2.291666666666666500 ) ) ;
#1870 = CARTESIAN_POINT ( 'NONE',  ( -1.357050807568877200, 8.309539638847781400E-017, -5.062500000000000000 ) ) ;
#1871 = CARTESIAN_POINT ( 'NONE',  ( 1.357050807568877200, -2.492861891654333800E-016, 0.6249999999999997800 ) ) ;
#1872 = CARTESIAN_POINT ( 'NONE',  ( -1.322475605676657800, 0.7635316469341318900, -3.369791666666689200 ) ) ;
#1873 = CARTESIAN_POINT ( 'NONE',  ( 1.322475605676657300, -0.7635316469341323400, 2.848958333333352600 ) ) ;
#1874 = CARTESIAN_POINT ( 'NONE',  ( 0.0000000000000000000, 1.500000000000000900, 2.000000000000018200 ) ) ;
#1875 = CARTESIAN_POINT ( 'NONE',  ( 3.811135289495533600E-016, -1.443375672974064300, 5.391746824526944900 ) ) ;
#1876 = CARTESIAN_POINT ( 'NONE',  ( -1.836970198721030900E-016, -1.500000000000000900, -0.1875000000000216500 ) ) ;
#1877 = CARTESIAN_POINT ( 'NONE',  ( 0.6785254037844382600, -1.175240473580835700, -1.395833333333333000 ) ) ;
#1878 = CARTESIAN_POINT ( 'NONE',  ( 0.0000000000000000000, 1.175240473580835500, 0.3125000000000002800 ) ) ;
#1879 = AXIS2_PLACEMENT_3D ( 'NONE', #8, #2364, #27 ) ;
#1880 = CARTESIAN_POINT ( 'NONE',  ( -1.836970198721030900E-016, -1.500000000000000900, 1.750000000000018000 ) ) ;
#1881 = LINE ( 'NONE', #2478, #2159 ) ;
#1882 = CARTESIAN_POINT ( 'NONE',  ( -1.017788105676658000, 0.5876202367904178600, -3.604166666666666500 ) ) ;
#1883 = CARTESIAN_POINT ( 'NONE',  ( -1.439254484199189600E-016, -1.175240473580835500, -3.500000000000000000 ) ) ;
#1884 = CARTESIAN_POINT ( 'NONE',  ( 0.6785254037844393700, 1.175240473580835300, 1.208333333333333000 ) ) ;
#1885 = CARTESIAN_POINT ( 'NONE',  ( 0.0000000000000000000, 1.527063293868263300, -3.953125000000022600 ) ) ;
#1886 = LINE ( 'NONE', #987, #997 ) ;
#1887 = CARTESIAN_POINT ( 'NONE',  ( 1.017788105676657800, -0.5876202367904183000, -4.854166666666666100 ) ) ;
#1888 = CARTESIAN_POINT ( 'NONE',  ( 0.8409413214249605900, -0.9578579746766831000, 5.197837918555811700 ) ) ;
#1889 = ORIENTED_EDGE ( 'NONE', *, *, #1794, .T. ) ;
#1890 = CARTESIAN_POINT ( 'NONE',  ( -1.357050807568877200, 8.309539638847781400E-017, -1.562499999999999600 ) ) ;
#1891 = EDGE_CURVE ( 'NONE', #669, #2606, #88, .T. ) ;
#1892 = CARTESIAN_POINT ( 'NONE',  ( 0.6785254037844393700, 1.175240473580835300, 0.2708333333333329800 ) ) ;
#1893 = CARTESIAN_POINT ( 'NONE',  ( 3.811135289495533600E-016, -1.443375672974064300, 5.391746824526944900 ) ) ;
#1894 = ORIENTED_EDGE ( 'NONE', *, *, #3031, .F. ) ;
#1895 = CARTESIAN_POINT ( 'NONE',  ( 1.017788105676657800, -0.5876202367904183000, -3.854166666666666500 ) ) ;
#1896 = CARTESIAN_POINT ( 'NONE',  ( -1.017788105676658200, -0.5876202367904175300, -3.083333333333333500 ) ) ;
#1897 = ORIENTED_EDGE ( 'NONE', *, *, #919, .F. ) ;
#1898 = AXIS2_PLACEMENT_3D ( 'NONE', #960, #1255, #58 ) ;
#1899 = CARTESIAN_POINT ( 'NONE',  ( 0.0000000000000000000, 1.296351071171740300E-055, -5.500000000000000000 ) ) ;
#1900 = CARTESIAN_POINT ( 'NONE',  ( -0.8816504037844389300, -1.527063293868263100, -4.244791666666689200 ) ) ;
#1901 = CARTESIAN_POINT ( 'NONE',  ( -1.017788105676658200, -0.5876202367904175300, -5.020833333333333000 ) ) ;
#1902 = CYLINDRICAL_SURFACE ( 'NONE', #3469, 1.500000000000000900 ) ;
#1903 = VERTEX_POINT ( 'NONE', #2077 ) ;
#1904 = CARTESIAN_POINT ( 'NONE',  ( 1.299038105676658400, -0.7500000000000011100, -5.166666666666648300 ) ) ;
#1905 = CARTESIAN_POINT ( 'NONE',  ( -1.299038105676658700, -0.7500000000000001100, -2.833333333333314800 ) ) ;
#1906 = CARTESIAN_POINT ( 'NONE',  ( -0.6785254037844384900, 1.175240473580835700, -1.145833333333332800 ) ) ;
#1907 = CARTESIAN_POINT ( 'NONE',  ( 0.6841100080454264300, -1.334913291900298400, 2.349999999999999600 ) ) ;
#1908 = LINE ( 'NONE', #116, #241 ) ;
#1909 = ORIENTED_EDGE ( 'NONE', *, *, #3593, .F. ) ;
#1910 = CARTESIAN_POINT ( 'NONE',  ( 1.017788105676657800, -0.5876202367904183000, 2.145833333333333000 ) ) ;
#1911 = DIRECTION ( 'NONE',  ( -0.0000000000000000000, 1.178500973792491200E-056, -1.000000000000000000 ) ) ;
#1912 = CARTESIAN_POINT ( 'NONE',  ( 1.017788105676658200, 0.5876202367904168600, -2.770833333333333500 ) ) ;
#1913 = CARTESIAN_POINT ( 'NONE',  ( 0.0000000000000000000, 0.0000000000000000000, 2.350000000000000500 ) ) ;
#1914 = CARTESIAN_POINT ( 'NONE',  ( 1.322475605676658400, 0.7635316469341306700, -3.036458333333356100 ) ) ;
#1915 = CARTESIAN_POINT ( 'NONE',  ( -0.6785254037844384900, 1.175240473580835700, -4.145833333333333000 ) ) ;
#1916 = CARTESIAN_POINT ( 'NONE',  ( 1.299038105676659300, 0.7499999999999993300, -3.583333333333314800 ) ) ;
#1917 = CARTESIAN_POINT ( 'NONE',  ( 1.357050807568877200, -2.492861891654333800E-016, -2.812500000000000000 ) ) ;
#1918 = CARTESIAN_POINT ( 'NONE',  ( -1.439254484199189600E-016, -1.175240473580835500, -4.500000000000000000 ) ) ;
#1919 = CARTESIAN_POINT ( 'NONE',  ( -0.6785254037844389300, -1.175240473580835500, 0.5208333333333332600 ) ) ;
#1920 = CARTESIAN_POINT ( 'NONE',  ( 1.250000000000000000, -0.7216878364870316100, -1.318813079129866200 ) ) ;
#1921 = EDGE_CURVE ( 'NONE', #405, #2220, #2095, .T. ) ;
#1922 = CARTESIAN_POINT ( 'NONE',  ( 0.0000000000000000000, 1.175240473580835500, -3.687500000000000000 ) ) ;
#1923 = CARTESIAN_POINT ( 'NONE',  ( 1.017788105676658200, 0.5876202367904168600, 2.166666666666665600 ) ) ;
#1924 = CARTESIAN_POINT ( 'NONE',  ( 1.322475605676658400, 0.7635316469341306700, -2.536458333333356100 ) ) ;
#1925 = CARTESIAN_POINT ( 'NONE',  ( 1.357050807568877200, -2.492861891654333800E-016, -3.812500000000000000 ) ) ;
#1926 = AXIS2_PLACEMENT_3D ( 'NONE', #985, #416, #1863 ) ;
#1927 = DIRECTION ( 'NONE',  ( 0.0000000000000000000, -1.000000000000000000, -1.178500973792491200E-056 ) ) ;
#1928 = ADVANCED_FACE ( 'NONE', ( #2370 ), #318, .F. ) ;
#1929 = DIRECTION ( 'NONE',  ( -0.0000000000000000000, 1.178500973792491200E-056, -1.000000000000000000 ) ) ;
#1930 = CARTESIAN_POINT ( 'NONE',  ( -1.017788105676658200, -0.5876202367904175300, -1.020833333333333700 ) ) ;
#1931 = CARTESIAN_POINT ( 'NONE',  ( -0.8660254037844453700, -1.499999999999990700, -0.7291666666666891700 ) ) ;
#1932 = CARTESIAN_POINT ( 'NONE',  ( 1.017788105676657800, -0.5876202367904183000, 2.645833333333333500 ) ) ;
#1933 = CARTESIAN_POINT ( 'NONE',  ( 0.0000000000000000000, 1.500000000000000900, 2.062499999999978200 ) ) ;
#1934 = ORIENTED_EDGE ( 'NONE', *, *, #1170, .F. ) ;
#1935 = CARTESIAN_POINT ( 'NONE',  ( -1.299038105676658700, 0.7500000000000005600, -3.416666666666647900 ) ) ;
#1936 = CARTESIAN_POINT ( 'NONE',  ( -1.017788105676658200, -0.5876202367904175300, -5.020833333333333000 ) ) ;
#1937 = DIRECTION ( 'NONE',  ( -0.0000000000000000000, -0.0000000000000000000, 1.000000000000000000 ) ) ;
#1938 = CARTESIAN_POINT ( 'NONE',  ( -1.870113174931182600E-016, -1.527063293868263300, -1.703125000000023100 ) ) ;
#1939 = CARTESIAN_POINT ( 'NONE',  ( -0.6785254037844384900, 1.175240473580835700, -3.145833333333333500 ) ) ;
#1940 = EDGE_LOOP ( 'NONE', ( #1316, #2490, #3702, #173 ) ) ;
#1941 = CARTESIAN_POINT ( 'NONE',  ( 0.0000000000000000000, 1.500000000000000900, -1.999999999999981300 ) ) ;
#1942 = CARTESIAN_POINT ( 'NONE',  ( -0.6785254037844384900, 1.175240473580835700, -0.1458333333333337600 ) ) ;
#1943 = CARTESIAN_POINT ( 'NONE',  ( -1.439254484199189600E-016, -1.175240473580835500, -5.000000000000000000 ) ) ;
#1944 = ORIENTED_EDGE ( 'NONE', *, *, #2615, .F. ) ;
#1945 = CARTESIAN_POINT ( 'NONE',  ( 0.0000000000000000000, 1.500000000000000900, 2.062499999999978200 ) ) ;
#1946 = FACE_OUTER_BOUND ( 'NONE', #120, .T. ) ;
#1947 = EDGE_LOOP ( 'NONE', ( #2499, #2355, #1127, #279 ) ) ;
#1948 = ADVANCED_FACE ( 'NONE', ( #283 ), #1570, .T. ) ;
#1949 = CARTESIAN_POINT ( 'NONE',  ( 0.0000000000000000000, 1.500000000000000900, -3.937500000000021800 ) ) ;
#1950 = VECTOR ( 'NONE', #1016, 1000.000000000000000 ) ;
#1951 = CARTESIAN_POINT ( 'NONE',  ( 0.6785254037844382600, -1.175240473580835500, -3.895833333333332100 ) ) ;
#1952 = EDGE_LOOP ( 'NONE', ( #1909, #2392, #450, #507 ) ) ;
#1953 = CARTESIAN_POINT ( 'NONE',  ( -0.6785254037844384900, 1.175240473580835700, 2.291666666666665600 ) ) ;
#1954 = CARTESIAN_POINT ( 'NONE',  ( 1.763300807568877000, -3.239131034884752100E-016, -0.5781250000000229800 ) ) ;
#1955 = CARTESIAN_POINT ( 'NONE',  ( 0.6785254037844393700, 1.175240473580835300, -1.229166666666666500 ) ) ;
#1956 = VECTOR ( 'NONE', #1159, 1000.000000000000000 ) ;
#1957 = DIRECTION ( 'NONE',  ( -0.8660254037844386000, -0.5000000000000001100, 0.0000000000000000000 ) ) ;
#1958 = DIRECTION ( 'NONE',  ( -0.0000000000000000000, 1.178500973792491200E-056, -1.000000000000000000 ) ) ;
#1959 = EDGE_LOOP ( 'NONE', ( #1724, #2965, #2094, #2642, #3367, #2371, #2770 ) ) ;
#1960 = CARTESIAN_POINT ( 'NONE',  ( -0.6785254037844384900, 1.175240473580835700, 2.354166666666665600 ) ) ;
#1961 = CARTESIAN_POINT ( 'NONE',  ( 0.0000000000000000000, 1.175240473580835500, -4.750000000000000000 ) ) ;
#1962 = CARTESIAN_POINT ( 'NONE',  ( 1.049523301869556700, 0.5288582131113497300, 2.162499999999997400 ) ) ;
#1963 = CARTESIAN_POINT ( 'NONE',  ( -1.827451964197231700E-016, -1.492227771688600500, -5.183012701892231200 ) ) ;
#1964 = CARTESIAN_POINT ( 'NONE',  ( 0.6785254037844392600, 1.175240473580835100, -3.229166666666666500 ) ) ;
#1965 = CARTESIAN_POINT ( 'NONE',  ( -0.8816504037844382600, 1.527063293868263300, -0.4114583333333565700 ) ) ;
#1966 = CARTESIAN_POINT ( 'NONE',  ( 0.6785254037844382600, -1.175240473580835700, -1.395833333333333000 ) ) ;
#1967 = EDGE_CURVE ( 'NONE', #830, #730, #510, .T. ) ;
#1968 = CARTESIAN_POINT ( 'NONE',  ( 1.299038105676659300, 0.7499999999999993300, -4.583333333333315300 ) ) ;
#1969 = CARTESIAN_POINT ( 'NONE',  ( 1.017788105676657800, -0.5876202367904183000, 0.6458333333333333700 ) ) ;
#1970 = CARTESIAN_POINT ( 'NONE',  ( -1.357050807568877200, 8.309539638847781400E-017, -4.625000000000000000 ) ) ;
#1971 = CARTESIAN_POINT ( 'NONE',  ( 1.017788105676658200, 0.5876202367904168600, -1.833333333333333500 ) ) ;
#1972 = CARTESIAN_POINT ( 'NONE',  ( 0.8660254037844400400, 1.500000000000000700, 0.5208333333333118300 ) ) ;
#1973 = CARTESIAN_POINT ( 'NONE',  ( -1.299038105676658700, -0.7500000000000001100, -3.333333333333314800 ) ) ;
#1974 =( BOUNDED_CURVE ( )  B_SPLINE_CURVE ( 2, ( #1401, #2254, #3766, #2581, #220 ),
 .UNSPECIFIED., .F., .T. ) 
 B_SPLINE_CURVE_WITH_KNOTS ( ( 3, 2, 3 ),
 ( 0.07633825556453088800, 0.07843137254901963500, 0.08823529411764692600 ),
 .UNSPECIFIED. ) 
 CURVE ( )  GEOMETRIC_REPRESENTATION_ITEM ( )  RATIONAL_B_SPLINE_CURVE ( ( 0.9550068919397860500, 0.9713967007114608900, 1.000000000000000000, 0.8660254037844408200, 0.9999999999999978900 ) ) 
 REPRESENTATION_ITEM ( '' )  );
#1975 = CARTESIAN_POINT ( 'NONE',  ( -1.357050807568877200, 8.309539638847781400E-017, -2.062500000000000000 ) ) ;
#1976 = CARTESIAN_POINT ( 'NONE',  ( -1.763300807568877000, 1.079710344961584000E-016, -1.328125000000022900 ) ) ;
#1977 = VECTOR ( 'NONE', #3167, 1000.000000000000100 ) ;
#1978 = CARTESIAN_POINT ( 'NONE',  ( 1.357050807568877200, -2.492861891654333800E-016, -3.312499999999999600 ) ) ;
#1979 = AXIS2_PLACEMENT_3D ( 'NONE', #3689, #2228, #438 ) ;
#1980 = PLANE ( 'NONE',  #2444 ) ;
#1981 = CARTESIAN_POINT ( 'NONE',  ( 0.0000000000000000000, 1.500000000000000900, -0.9375000000000214300 ) ) ;
#1982 = VECTOR ( 'NONE', #1266, 1000.000000000000000 ) ;
#1983 = CARTESIAN_POINT ( 'NONE',  ( 0.6785254037844393700, 1.175240473580835300, 2.270833333333333500 ) ) ;
#1984 = CARTESIAN_POINT ( 'NONE',  ( 0.6785254037844382600, -1.175240473580835700, -1.458333333333333300 ) ) ;
#1985 = CARTESIAN_POINT ( 'NONE',  ( 0.0000000000000000000, 1.175240473580835500, -0.2500000000000002200 ) ) ;
#1986 = EDGE_LOOP ( 'NONE', ( #3162, #71, #2366, #2269, #2078, #1015, #1801 ) ) ;
#1987 = ADVANCED_FACE ( 'NONE', ( #2456 ), #3571, .T. ) ;
#1988 = CARTESIAN_POINT ( 'NONE',  ( 1.299038105676658400, -0.7500000000000011100, -2.666666666666648300 ) ) ;
#1989 = CARTESIAN_POINT ( 'NONE',  ( -0.8660254037844391500, 1.500000000000000700, -3.895833333333354800 ) ) ;
#1990 = EDGE_LOOP ( 'NONE', ( #81, #2187, #373, #1511 ) ) ;
#1991 = CARTESIAN_POINT ( 'NONE',  ( -1.357050807568877200, 8.309539638847781400E-017, -1.562499999999999600 ) ) ;
#1992 = EDGE_CURVE ( 'NONE', #1442, #1903, #1486, .T. ) ;
#1993 = CARTESIAN_POINT ( 'NONE',  ( 0.8816504037844392600, 1.527063293868263100, -1.494791666666689400 ) ) ;
#1994 = CARTESIAN_POINT ( 'NONE',  ( 0.6785254037844393700, 1.175240473580835300, -1.729166666666667000 ) ) ;
#1995 = PERSON_AND_ORGANIZATION ( #850, #3642 ) ;
#1996 = ORIENTED_EDGE ( 'NONE', *, *, #1358, .T. ) ;
#1997 = CARTESIAN_POINT ( 'NONE',  ( 1.250000000000000200, 0.7216878364870319400, 5.391746824526944900 ) ) ;
#1998 = CARTESIAN_POINT ( 'NONE',  ( 0.0000000000000000000, 1.500000000000000900, -1.437500000000022000 ) ) ;
#1999 = CARTESIAN_POINT ( 'NONE',  ( -1.017788105676658200, -0.5876202367904175300, 0.9791666666666664100 ) ) ;
#2000 = CARTESIAN_POINT ( 'NONE',  ( 0.6785254037844393700, 1.175240473580835300, -2.791666666666666500 ) ) ;
#2001 = LINE ( 'NONE', #3078, #1676 ) ;
#2002 = CARTESIAN_POINT ( 'NONE',  ( -1.322475605676657800, -0.7635316469341314500, -4.817708333333313500 ) ) ;
#2003 = ORIENTED_EDGE ( 'NONE', *, *, #1777, .T. ) ;
#2004 = AXIS2_PLACEMENT_3D ( 'NONE', #1092, #1696, #3529 ) ;
#2005 = CARTESIAN_POINT ( 'NONE',  ( 0.6785254037844382600, -1.175240473580835500, 0.04166666666666641500 ) ) ;
#2006 = CARTESIAN_POINT ( 'NONE',  ( 0.6785254037844392600, 1.175240473580835100, 0.2708333333333329800 ) ) ;
#2007 = FACE_OUTER_BOUND ( 'NONE', #1621, .T. ) ;
#2008 = ORIENTED_EDGE ( 'NONE', *, *, #3509, .F. ) ;
#2009 = CARTESIAN_POINT ( 'NONE',  ( -1.017788105676658000, 0.5876202367904178600, -1.604166666666667000 ) ) ;
#2010 = AXIS2_PLACEMENT_3D ( 'NONE', #3192, #1414, #3711 ) ;
#2011 = APPROVAL_ROLE ( '' ) ;
#2012 = CARTESIAN_POINT ( 'NONE',  ( 0.8816504037844380400, -1.527063293868264000, 0.8385416666666437600 ) ) ;
#2013 = CARTESIAN_POINT ( 'NONE',  ( -1.299038105676658700, 0.7500000000000005600, -3.916666666666648300 ) ) ;
#2014 = ADVANCED_FACE ( 'NONE', ( #594 ), #681, .T. ) ;
#2015 = CARTESIAN_POINT ( 'NONE',  ( -1.439254484199189600E-016, -1.175240473580835500, -4.000000000000000000 ) ) ;
#2016 = CARTESIAN_POINT ( 'NONE',  ( 1.357050807568877200, -2.492861891654333800E-016, -3.874999999999999600 ) ) ;
#2017 = CARTESIAN_POINT ( 'NONE',  ( -1.870113174931182600E-016, -1.527063293868263300, -4.234374999999980500 ) ) ;
#2018 = CARTESIAN_POINT ( 'NONE',  ( 1.017788105676658200, 0.5876202367904168600, -1.333333333333333000 ) ) ;
#2019 = CARTESIAN_POINT ( 'NONE',  ( 1.052468259152689500, 0.8357328402387219600, 5.287417583756787400 ) ) ;
#2020 = CARTESIAN_POINT ( 'NONE',  ( -1.299038105676658700, -0.7500000000000001100, -2.333333333333314400 ) ) ;
#2021 = B_SPLINE_CURVE_WITH_KNOTS ( 'NONE', 3,
 ( #192, #1690, #827, #2908, #3747, #1735 ),
 .UNSPECIFIED., .F., .F.,
 ( 4, 2, 4 ),
 ( 0.001703052493691799700, 0.002077396642684711000, 0.002451740791677622300 ),
 .UNSPECIFIED. ) ;
#2022 = CARTESIAN_POINT ( 'NONE',  ( -1.357050807568877200, 8.309539638847781400E-017, -2.562500000000000400 ) ) ;
#2023 = PERSON_AND_ORGANIZATION_ROLE ( 'design_supplier' ) ;
#2024 = EDGE_CURVE ( 'NONE', #2283, #2331, #1403, .T. ) ;
#2025 = CARTESIAN_POINT ( 'NONE',  ( 1.732050807568878500, -3.181725716174723000E-016, -5.062500000000022200 ) ) ;
#2026 = CARTESIAN_POINT ( 'NONE',  ( -0.6785254037844384900, 1.175240473580835700, -5.208333333333332100 ) ) ;
#2027 = CARTESIAN_POINT ( 'NONE',  ( 0.0000000000000000000, 1.175240473580835500, -2.250000000000000000 ) ) ;
#2028 = CARTESIAN_POINT ( 'NONE',  ( 1.322475605676658400, 0.7635316469341306700, -4.567708333333314400 ) ) ;
#2029 = CARTESIAN_POINT ( 'NONE',  ( -1.357050807568877200, 8.309539638847781400E-017, -0.6249999999999996700 ) ) ;
#2030 = ADVANCED_FACE ( 'NONE', ( #2888 ), #2092, .T. ) ;
#2031 = AXIS2_PLACEMENT_3D ( 'NONE', #869, #544, #1443 ) ;
#2032 = FACE_OUTER_BOUND ( 'NONE', #1664, .T. ) ;
#2033 = CARTESIAN_POINT ( 'NONE',  ( 0.8660254037844400400, 1.500000000000000700, -0.4791666666666883300 ) ) ;
#2034 = CARTESIAN_POINT ( 'NONE',  ( -1.017788105676658000, 0.5876202367904178600, -1.104166666666666500 ) ) ;
#2035 = ORIENTED_EDGE ( 'NONE', *, *, #174, .F. ) ;
#2036 = CARTESIAN_POINT ( 'NONE',  ( 1.017788105676657800, -0.5876202367904183000, -5.416666666666667000 ) ) ;
#2037 = CARTESIAN_POINT ( 'NONE',  ( -0.6785254037844389300, -1.175240473580835500, -2.541666666666666500 ) ) ;
#2038 = ORIENTED_EDGE ( 'NONE', *, *, #1702, .F. ) ;
#2039 = CARTESIAN_POINT ( 'NONE',  ( 1.322475605676657300, -0.7635316469341323400, -3.151041666666647400 ) ) ;
#2040 = CARTESIAN_POINT ( 'NONE',  ( -1.017788105676658000, 0.5876202367904178600, 1.333333333333333000 ) ) ;
#2041 = CARTESIAN_POINT ( 'NONE',  ( -0.8660254037844418200, 1.499999999999995800, -2.395833333333354400 ) ) ;
#2042 = ORIENTED_EDGE ( 'NONE', *, *, #2630, .T. ) ;
#2043 = CARTESIAN_POINT ( 'NONE',  ( -1.249999999999999800, 0.7216878364870317200, 5.391746824526944900 ) ) ;
#2044 = ORIENTED_EDGE ( 'NONE', *, *, #3296, .F. ) ;
#2045 = EDGE_CURVE ( 'NONE', #303, #1378, #3374, .T. ) ;
#2046 = VECTOR ( 'NONE', #2382, 1000.000000000000000 ) ;
#2047 = CARTESIAN_POINT ( 'NONE',  ( 0.8660254037844443700, -1.499999999999991300, -0.7083333333333146100 ) ) ;
#2048 = CARTESIAN_POINT ( 'NONE',  ( -1.836970198721030900E-016, -1.500000000000000900, -4.187500000000022200 ) ) ;
#2049 = ORIENTED_EDGE ( 'NONE', *, *, #2161, .F. ) ;
#2050 = CARTESIAN_POINT ( 'NONE',  ( -0.6785254037844384900, 1.175240473580835700, -4.708333333333333000 ) ) ;
#2051 = CARTESIAN_POINT ( 'NONE',  ( 1.017788105676657800, -0.5876202367904183000, 1.083333333333332800 ) ) ;
#2052 = CARTESIAN_POINT ( 'NONE',  ( 0.0000000000000000000, 1.527063293868263300, -2.484374999999980500 ) ) ;
#2053 = EDGE_CURVE ( 'NONE', #1394, #3475, #3507, .T. ) ;
#2054 = EDGE_LOOP ( 'NONE', ( #3193, #3186, #3326, #846 ) ) ;
#2055 = CARTESIAN_POINT ( 'NONE',  ( -0.6785254037844383700, 1.175240473580835500, 1.791666666666666300 ) ) ;
#2056 = DIRECTION ( 'NONE',  ( 0.0000000000000000000, 1.000000000000000000, 0.0000000000000000000 ) ) ;
#2057 = CARTESIAN_POINT ( 'NONE',  ( -1.299038105676658700, 0.7500000000000005600, -2.416666666666648300 ) ) ;
#2058 = AXIS2_PLACEMENT_3D ( 'NONE', #3449, #3120, #1625 ) ;
#2059 = CARTESIAN_POINT ( 'NONE',  ( -0.8660254037844396000, -1.500000000000000700, -3.229166666666688300 ) ) ;
#2060 = DIRECTION ( 'NONE',  ( 0.0000000000000000000, 1.000000000000000000, 0.0000000000000000000 ) ) ;
#2061 = CARTESIAN_POINT ( 'NONE',  ( -1.357050807568877200, 8.309539638847781400E-017, -4.125000000000000000 ) ) ;
#2062 = CARTESIAN_POINT ( 'NONE',  ( 1.357050807568877200, -2.492861891654333800E-016, -0.3750000000000003900 ) ) ;
#2063 = CARTESIAN_POINT ( 'NONE',  ( 0.8816504037844380400, -1.527063293868264000, -0.6927083333333142700 ) ) ;
#2064 = FACE_OUTER_BOUND ( 'NONE', #2349, .T. ) ;
#2065 = CARTESIAN_POINT ( 'NONE',  ( 1.017788105676657800, -0.5876202367904183000, 1.083333333333332800 ) ) ;
#2066 = DIRECTION ( 'NONE',  ( 0.0000000000000000000, 1.000000000000000000, 0.0000000000000000000 ) ) ;
#2067 = CARTESIAN_POINT ( 'NONE',  ( 0.6785254037844382600, -1.175240473580835700, -0.8958333333333334800 ) ) ;
#2068 = CARTESIAN_POINT ( 'NONE',  ( -0.6028445811701066400, -1.082104632669955500, -5.447145688940909600 ) ) ;
#2069 = B_SPLINE_CURVE_WITH_KNOTS ( 'NONE', 3,
 ( #1384, #3457, #1078, #1428, #2375, #3216, #3806, #2043 ),
 .UNSPECIFIED., .F., .F.,
 ( 4, 2, 2, 4 ),
 ( 2.544378114032182800E-007, 0.0003729905366538293600, 0.0007457266354962553900, 0.001491198833181107000 ),
 .UNSPECIFIED. ) ;
#2070 = CARTESIAN_POINT ( 'NONE',  ( -1.299038105676658700, -0.7500000000000001100, -3.270833333333354800 ) ) ;
#2071 = DIRECTION ( 'NONE',  ( -0.0000000000000000000, 1.178500973792491200E-056, -1.000000000000000000 ) ) ;
#2072 = FACE_OUTER_BOUND ( 'NONE', #2411, .T. ) ;
#2073 = CARTESIAN_POINT ( 'NONE',  ( -1.017788105676658200, -0.5876202367904175300, -1.083333333333333700 ) ) ;
#2074 = CARTESIAN_POINT ( 'NONE',  ( 1.017788105676658200, 0.5876202367904168600, -0.3333333333333330400 ) ) ;
#2075 = CARTESIAN_POINT ( 'NONE',  ( 1.322475605676658400, 0.7635316469341306700, -0.5677083333333141600 ) ) ;
#2076 = CARTESIAN_POINT ( 'NONE',  ( -1.439254484199189600E-016, -1.175240473580835500, 1.499999999999999600 ) ) ;
#2077 = CARTESIAN_POINT ( 'NONE',  ( 0.0000000000000000000, 1.500000000000000900, 2.000000000000018200 ) ) ;
#2078 = ORIENTED_EDGE ( 'NONE', *, *, #2381, .F. ) ;
#2079 = ORIENTED_EDGE ( 'NONE', *, *, #3395, .T. ) ;
#2080 = ORIENTED_EDGE ( 'NONE', *, *, #1798, .F. ) ;
#2081 = ADVANCED_FACE ( 'NONE', ( #1391 ), #2501, .T. ) ;
#2082 = CARTESIAN_POINT ( 'NONE',  ( 1.357050807568877200, -2.492861891654333800E-016, -2.374999999999999600 ) ) ;
#2083 = CARTESIAN_POINT ( 'NONE',  ( -1.439254484199189600E-016, -1.175240473580835500, 0.0000000000000000000 ) ) ;
#2084 = APPROVAL_PERSON_ORGANIZATION ( #1153, #84, #2011 ) ;
#2085 = CARTESIAN_POINT ( 'NONE',  ( -1.322475605676657800, -0.7635316469341314500, -1.817708333333313900 ) ) ;
#2086 = ORIENTED_EDGE ( 'NONE', *, *, #3081, .F. ) ;
#2087 = CARTESIAN_POINT ( 'NONE',  ( -1.836970198721030900E-016, -1.500000000000000900, -4.687500000000020400 ) ) ;
#2088 = CARTESIAN_POINT ( 'NONE',  ( -0.9287922934518794100, -1.126483472367738200, -5.218163433015724300 ) ) ;
#2089 = VECTOR ( 'NONE', #2714, 1000.000000000000000 ) ;
#2090 = CARTESIAN_POINT ( 'NONE',  ( -1.299038105676658700, 0.7500000000000005600, -0.4166666666666484200 ) ) ;
#2091 = ORIENTED_EDGE ( 'NONE', *, *, #1304, .T. ) ;
#2092 = CONICAL_SURFACE ( 'NONE', #77, 2.750000000000000000, 0.7853981633974511700 ) ;
#2093 = EDGE_CURVE ( 'NONE', #1903, #2358, #604, .T. ) ;
#2094 = ORIENTED_EDGE ( 'NONE', *, *, #1667, .T. ) ;
#2095 =( BOUNDED_CURVE ( )  B_SPLINE_CURVE ( 1, ( #293, #1185 ),
 .UNSPECIFIED., .F., .T. ) 
 B_SPLINE_CURVE_WITH_KNOTS ( ( 2, 2 ),
 ( 0.0000000000000000000, 0.0003750000000000029400 ),
 .UNSPECIFIED. ) 
 CURVE ( )  GEOMETRIC_REPRESENTATION_ITEM ( )  RATIONAL_B_SPLINE_CURVE ( ( 0.9550068919397722800, 0.9550068919397722800 ) ) 
 REPRESENTATION_ITEM ( '' )  );
#2096 = CARTESIAN_POINT ( 'NONE',  ( 0.6785254037844392600, 1.175240473580835100, -5.291666666666667000 ) ) ;
#2097 = CARTESIAN_POINT ( 'NONE',  ( -1.017788105676658000, 0.5876202367904178600, -3.166666666666666500 ) ) ;
#2098 = CARTESIAN_POINT ( 'NONE',  ( 1.357050807568877200, -2.492861891654333800E-016, 0.1250000000000001100 ) ) ;
#2099 = CARTESIAN_POINT ( 'NONE',  ( 0.0000000000000000000, 1.527063293868263300, -1.984374999999980500 ) ) ;
#2100 = AXIS2_PLACEMENT_3D ( 'NONE', #3339, #1929, #2160 ) ;
#2101 = CARTESIAN_POINT ( 'NONE',  ( -1.250000000000000000, 0.4924713528083594100, 5.286866629111076000 ) ) ;
#2102 = CARTESIAN_POINT ( 'NONE',  ( -1.130019731377852200, 0.8013856266544368000, -5.292994445613683900 ) ) ;
#2103 = AXIS2_PLACEMENT_3D ( 'NONE', #3450, #214, #512 ) ;
#2104 = CARTESIAN_POINT ( 'NONE',  ( -0.8660254037844336000, -1.500000000000010700, -1.291666666666647400 ) ) ;
#2105 = CARTESIAN_POINT ( 'NONE',  ( 1.732050807568878500, -3.181725716174722500E-016, -3.124999999999981800 ) ) ;
#2106 = CYLINDRICAL_SURFACE ( 'NONE', #1341, 1.500000000000000900 ) ;
#2107 = CARTESIAN_POINT ( 'NONE',  ( 1.017788105676658200, 0.5876202367904168600, -2.333333333333333500 ) ) ;
#2108 = CARTESIAN_POINT ( 'NONE',  ( 0.6785254037844393700, 1.175240473580835300, 1.708333333333333500 ) ) ;
#2109 = CARTESIAN_POINT ( 'NONE',  ( 0.8816504037844392600, 1.527063293868263100, 1.973958333333352800 ) ) ;
#2110 = CARTESIAN_POINT ( 'NONE',  ( -1.732050807568878500, 1.060575238724907400E-016, -1.312500000000021800 ) ) ;
#2111 = DIRECTION ( 'NONE',  ( -0.0000000000000000000, 1.178500973792491200E-056, -1.000000000000000000 ) ) ;
#2112 = CARTESIAN_POINT ( 'NONE',  ( -1.763300807568877000, 1.079710344961584000E-016, 1.671874999999977100 ) ) ;
#2113 = CARTESIAN_POINT ( 'NONE',  ( -0.8660254037844502500, 1.499999999999980900, -4.958333333333311700 ) ) ;
#2114 =( BOUNDED_CURVE ( )  B_SPLINE_CURVE ( 2, ( #3465, #1703, #525, #233, #2013, #2936, #826 ),
 .UNSPECIFIED., .F., .T. ) 
 B_SPLINE_CURVE_WITH_KNOTS ( ( 3, 2, 2, 3 ),
 ( 0.7941176470588233700, 0.8039215686274507900, 0.8137254901960783200, 0.8235294117647057300 ),
 .UNSPECIFIED. ) 
 CURVE ( )  GEOMETRIC_REPRESENTATION_ITEM ( )  RATIONAL_B_SPLINE_CURVE ( ( 1.000000000000003100, 0.8660254037844357100, 1.000000000000000000, 0.8660254037844387100, 1.000000000000000000, 0.8660254037844402600, 0.9999999999999984500 ) ) 
 REPRESENTATION_ITEM ( '' )  );
#2115 = CARTESIAN_POINT ( 'NONE',  ( -1.017788105676658200, -0.5876202367904175300, -1.020833333333333700 ) ) ;
#2116 = CARTESIAN_POINT ( 'NONE',  ( 0.0000000000000000000, 1.500000000000000900, 1.062499999999978700 ) ) ;
#2117 = CARTESIAN_POINT ( 'NONE',  ( -0.6785254037844389300, -1.175240473580835300, 1.520833333333333300 ) ) ;
#2118 = CARTESIAN_POINT ( 'NONE',  ( -0.6785254037844389300, -1.175240473580835300, -5.041666666666667000 ) ) ;
#2119 = EDGE_CURVE ( 'NONE', #446, #3045, #1682, .T. ) ;
#2120 = CARTESIAN_POINT ( 'NONE',  ( -0.6785254037844389300, -1.175240473580835500, -3.041666666666666500 ) ) ;
#2121 = CARTESIAN_POINT ( 'NONE',  ( -1.322475605676657800, 0.7635316469341318900, -5.869791666666689200 ) ) ;
#2122 = ORIENTED_EDGE ( 'NONE', *, *, #919, .T. ) ;
#2123 = CARTESIAN_POINT ( 'NONE',  ( 1.763300807568877000, -3.239131034884752100E-016, 0.3906250000000194300 ) ) ;
#2124 = CARTESIAN_POINT ( 'NONE',  ( -1.249999999999999300, 0.1268729961951115500, 5.198371151552879400 ) ) ;
#2125 = DIRECTION ( 'NONE',  ( -0.8660254037844387100, 0.4999999999999997200, 0.0000000000000000000 ) ) ;
#2126 = VERTEX_POINT ( 'NONE', #1641 ) ;
#2127 = CARTESIAN_POINT ( 'NONE',  ( 0.0000000000000000000, 1.500000000000000900, -4.999999999999981300 ) ) ;
#2128 = AXIS2_PLACEMENT_3D ( 'NONE', #1672, #1085, #2508 ) ;
#2129 = CALENDAR_DATE ( 2025, 16, 7 ) ;
#2130 = ORIENTED_EDGE ( 'NONE', *, *, #2749, .T. ) ;
#2131 = CIRCLE ( 'NONE', #1088, 1.650000000000001700 ) ;
#2132 = CARTESIAN_POINT ( 'NONE',  ( 0.0000000000000000000, 3.535502921377472600E-056, 2.500000000000000400 ) ) ;
#2133 = VERTEX_POINT ( 'NONE', #57 ) ;
#2134 = CARTESIAN_POINT ( 'NONE',  ( -1.017788105676658000, 0.5876202367904178600, 1.833333333333333500 ) ) ;
#2135 = CARTESIAN_POINT ( 'NONE',  ( 1.017788105676658200, 0.5876202367904168600, 2.166666666666665600 ) ) ;
#2136 = CARTESIAN_POINT ( 'NONE',  ( -0.8816504037844389300, -1.527063293868263100, 1.723958333333352600 ) ) ;
#2137 = VERTEX_POINT ( 'NONE', #2439 ) ;
#2138 = CARTESIAN_POINT ( 'NONE',  ( 0.0000000000000000000, 2.600000000000000100, 3.500000000000000400 ) ) ;
#2139 = CARTESIAN_POINT ( 'NONE',  ( -0.8816504037844389300, -1.527063293868263100, 1.755208333333310200 ) ) ;
#2140 = EDGE_LOOP ( 'NONE', ( #1367, #2670, #1720, #2827 ) ) ;
#2141 = CARTESIAN_POINT ( 'NONE',  ( 1.250000000000000000, -0.7216878364870316100, 3.500000000000000400 ) ) ;
#2142 = DIRECTION ( 'NONE',  ( -0.0000000000000000000, 1.178500973792491200E-056, -1.000000000000000000 ) ) ;
#2143 = CARTESIAN_POINT ( 'NONE',  ( 1.017788105676658200, 0.5876202367904168600, 1.729166666666666100 ) ) ;
#2144 = CARTESIAN_POINT ( 'NONE',  ( -0.6785254037844383700, 1.175240473580835500, -4.208333333333333000 ) ) ;
#2145 = CARTESIAN_POINT ( 'NONE',  ( 0.0000000000000000000, 1.175240473580835500, 0.2500000000000002200 ) ) ;
#2146 = CARTESIAN_POINT ( 'NONE',  ( 0.8816504037844392600, 1.527063293868263100, -4.994791666666689200 ) ) ;
#2147 = CARTESIAN_POINT ( 'NONE',  ( -1.870113174931182600E-016, -1.527063293868263300, -0.2343749999999811300 ) ) ;
#2148 = AXIS2_PLACEMENT_3D ( 'NONE', #2388, #3292, #2125 ) ;
#2149 = CARTESIAN_POINT ( 'NONE',  ( 1.299038105676659300, 0.7499999999999993300, 1.916666666666684500 ) ) ;
#2150 = CARTESIAN_POINT ( 'NONE',  ( 0.6364384854882181300, -1.034180173152849000, -5.472044762563818700 ) ) ;
#2151 = CARTESIAN_POINT ( 'NONE',  ( -0.6785254037844384900, 1.175240473580835700, 0.8541666666666663000 ) ) ;
#2152 = AXIS2_PLACEMENT_3D ( 'NONE', #2815, #3771, #809 ) ;
#2153 = DIRECTION ( 'NONE',  ( -0.0000000000000000000, 1.178500973792491200E-056, -1.000000000000000000 ) ) ;
#2154 = CARTESIAN_POINT ( 'NONE',  ( 0.6785254037844392600, 1.175240473580835100, -2.791666666666666500 ) ) ;
#2155 = CARTESIAN_POINT ( 'NONE',  ( -0.6785254037844384900, 1.175240473580835700, 1.291666666666666700 ) ) ;
#2156 = CARTESIAN_POINT ( 'NONE',  ( 0.6785254037844393700, 1.175240473580835300, 2.208333333333333000 ) ) ;
#2157 = CARTESIAN_POINT ( 'NONE',  ( 1.322475605676657300, -0.7635316469341323400, 0.8489583333333525800 ) ) ;
#2158 = CARTESIAN_POINT ( 'NONE',  ( 2.575872105785769600E-011, -1.467524047359166000, 2.331250000000623800 ) ) ;
#2159 = VECTOR ( 'NONE', #697, 1000.000000000000000 ) ;
#2160 = DIRECTION ( 'NONE',  ( 0.0000000000000000000, 1.000000000000000000, 0.0000000000000000000 ) ) ;
#2161 = EDGE_CURVE ( 'NONE', #76, #3558, #3599, .T. ) ;
#2162 = CYLINDRICAL_SURFACE ( 'NONE', #1214, 1.500000000000000900 ) ;
#2163 = CARTESIAN_POINT ( 'NONE',  ( 1.017788105676657800, -0.5876202367904183000, 1.145833333333332800 ) ) ;
#2164 = CARTESIAN_POINT ( 'NONE',  ( -1.836970198721030900E-016, -1.500000000000000900, 2.312499999999979100 ) ) ;
#2165 = CARTESIAN_POINT ( 'NONE',  ( 0.6785254037844392600, 1.175240473580835100, 0.7708333333333334800 ) ) ;
#2166 = ORIENTED_EDGE ( 'NONE', *, *, #2242, .T. ) ;
#2167 = CARTESIAN_POINT ( 'NONE',  ( 0.6785254037844382600, -1.175240473580835700, -5.395833333333333000 ) ) ;
#2168 = CARTESIAN_POINT ( 'NONE',  ( 1.017788105676658200, 0.5876202367904168600, -3.333333333333333000 ) ) ;
#2169 = CARTESIAN_POINT ( 'NONE',  ( 0.0000000000000000000, 1.175240473580835500, -0.7499999999999997800 ) ) ;
#2170 = CARTESIAN_POINT ( 'NONE',  ( -0.8816504037844382600, 1.527063293868263300, -2.411458333333356100 ) ) ;
#2171 = CARTESIAN_POINT ( 'NONE',  ( -1.017788105676658200, -0.5876202367904175300, -4.520833333333333000 ) ) ;
#2172 = ORIENTED_EDGE ( 'NONE', *, *, #657, .F. ) ;
#2173 = CARTESIAN_POINT ( 'NONE',  ( -0.8660254037844460400, 1.499999999999988700, 2.041666666666685600 ) ) ;
#2174 = CARTESIAN_POINT ( 'NONE',  ( -1.551628848447119000, 1.900197302715458000E-016, 5.500000000000000000 ) ) ;
#2175 = DIRECTION ( 'NONE',  ( -0.0000000000000000000, 1.178500973792491200E-056, -1.000000000000000000 ) ) ;
#2176 = CARTESIAN_POINT ( 'NONE',  ( 1.017788105676657800, -0.5876202367904183000, -0.3541666666666666900 ) ) ;
#2177 = CARTESIAN_POINT ( 'NONE',  ( -1.836970198721030900E-016, -1.500000000000000900, 2.312499999999979100 ) ) ;
#2178 = EDGE_LOOP ( 'NONE', ( #2963, #1060, #1165, #1150 ) ) ;
#2179 = CARTESIAN_POINT ( 'NONE',  ( 1.017788105676658200, 0.5876202367904168600, 1.729166666666666100 ) ) ;
#2180 = CIRCLE ( 'NONE', #2128, 0.1499999999999999700 ) ;
#2181 = CARTESIAN_POINT ( 'NONE',  ( -1.299038105676658700, 0.7500000000000005600, 1.583333333333351500 ) ) ;
#2182 = CARTESIAN_POINT ( 'NONE',  ( 1.017788105676658200, 0.5876202367904168600, 1.229166666666666500 ) ) ;
#2183 = EDGE_LOOP ( 'NONE', ( #1897, #3739, #2678, #3533 ) ) ;
#2184 = CARTESIAN_POINT ( 'NONE',  ( 1.017788105676658200, 0.5876202367904168600, -3.270833333333333000 ) ) ;
#2185 = LINE ( 'NONE', #1489, #3652 ) ;
#2186 = CARTESIAN_POINT ( 'NONE',  ( 0.6785254037844382600, -1.175240473580835500, -3.958333333333332600 ) ) ;
#2187 = ORIENTED_EDGE ( 'NONE', *, *, #715, .T. ) ;
#2188 = CARTESIAN_POINT ( 'NONE',  ( 0.0000000000000000000, 1.175240473580835500, 1.749999999999999800 ) ) ;
#2189 = CARTESIAN_POINT ( 'NONE',  ( 0.8816504037844380400, -1.527063293868264000, -4.161458333333356100 ) ) ;
#2190 = CARTESIAN_POINT ( 'NONE',  ( 1.017788105676657800, -0.5876202367904183000, -4.354166666666667000 ) ) ;
#2191 = EDGE_CURVE ( 'NONE', #3110, #1056, #2782, .T. ) ;
#2192 = CARTESIAN_POINT ( 'NONE',  ( -1.299038105676658700, 0.7500000000000005600, 1.083333333333351900 ) ) ;
#2193 = CARTESIAN_POINT ( 'NONE',  ( 0.0000000000000000000, 1.767751460688717800E-057, 5.350000000000000500 ) ) ;
#2194 = ORIENTED_EDGE ( 'NONE', *, *, #3418, .T. ) ;
#2195 = DIRECTION ( 'NONE',  ( -0.0000000000000000000, -0.0000000000000000000, 1.000000000000000000 ) ) ;
#2196 = CARTESIAN_POINT ( 'NONE',  ( 1.017788105676657800, -0.5876202367904183000, -0.8541666666666663000 ) ) ;
#2197 = CARTESIAN_POINT ( 'NONE',  ( 1.357050807568877200, -2.492861891654333800E-016, 1.187500000000000200 ) ) ;
#2198 = CARTESIAN_POINT ( 'NONE',  ( 0.0000000000000000000, 2.750000000000000000, -5.500000000000000000 ) ) ;
#2199 = CARTESIAN_POINT ( 'NONE',  ( -1.017788105676658000, 0.5876202367904178600, -4.604166666666666100 ) ) ;
#2200 = CARTESIAN_POINT ( 'NONE',  ( 1.017788105676657800, -0.5876202367904183000, 2.583333333333333500 ) ) ;
#2201 = CARTESIAN_POINT ( 'NONE',  ( 0.8816504037844392600, 1.527063293868263100, -2.994791666666689200 ) ) ;
#2202 = CARTESIAN_POINT ( 'NONE',  ( 0.0000000000000000000, 1.175240473580835500, -4.187500000000000000 ) ) ;
#2203 = CARTESIAN_POINT ( 'NONE',  ( 0.0000000000000000000, -1.873300550168571900E-016, 1.483974596215550800 ) ) ;
#2204 = DIRECTION ( 'NONE',  ( -0.0000000000000000000, 1.178500973792491200E-056, -1.000000000000000000 ) ) ;
#2205 = DIRECTION ( 'NONE',  ( 0.0000000000000000000, 0.0000000000000000000, 1.000000000000000000 ) ) ;
#2206 = CARTESIAN_POINT ( 'NONE',  ( -1.357050807568877200, 8.309539638847781400E-017, -1.062500000000000000 ) ) ;
#2207 = CARTESIAN_POINT ( 'NONE',  ( -1.439254484199189600E-016, -1.175240473580835500, 1.562499999999999600 ) ) ;
#2208 = DIRECTION ( 'NONE',  ( 0.0000000000000000000, 1.000000000000000000, 0.0000000000000000000 ) ) ;
#2209 = CARTESIAN_POINT ( 'NONE',  ( -1.017788105676658000, 0.5876202367904178600, 1.395833333333333000 ) ) ;
#2210 = CARTESIAN_POINT ( 'NONE',  ( 1.357050807568877200, -2.492861891654333800E-016, -3.312499999999999600 ) ) ;
#2211 = CARTESIAN_POINT ( 'NONE',  ( 1.357050807568877200, -2.492861891654334300E-016, -4.312500000000000000 ) ) ;
#2212 = CARTESIAN_POINT ( 'NONE',  ( 1.322475605676657300, -0.7635316469341323400, -2.119791666666689600 ) ) ;
#2213 = VECTOR ( 'NONE', #2810, 1000.000000000000100 ) ;
#2214 = CARTESIAN_POINT ( 'NONE',  ( -1.017788105676658000, 0.5876202367904178600, -4.104166666666667000 ) ) ;
#2215 = DIRECTION ( 'NONE',  ( -0.0000000000000000000, 1.178500973792491200E-056, -1.000000000000000000 ) ) ;
#2216 = ORIENTED_EDGE ( 'NONE', *, *, #2328, .F. ) ;
#2217 = CARTESIAN_POINT ( 'NONE',  ( -1.439254484199189600E-016, -1.175240473580835500, -1.437500000000000400 ) ) ;
#2218 = CARTESIAN_POINT ( 'NONE',  ( 0.0000000000000000000, 1.500000000000000900, -4.437500000000022200 ) ) ;
#2219 = EDGE_CURVE ( 'NONE', #1445, #2811, #3425, .T. ) ;
#2220 = VERTEX_POINT ( 'NONE', #708 ) ;
#2221 = CARTESIAN_POINT ( 'NONE',  ( 1.017788105676658200, 0.5876202367904168600, -4.270833333333333000 ) ) ;
#2222 = VERTEX_POINT ( 'NONE', #1017 ) ;
#2223 = CARTESIAN_POINT ( 'NONE',  ( -0.6785254037844383700, 1.175240473580835500, -3.145833333333333500 ) ) ;
#2224 = CARTESIAN_POINT ( 'NONE',  ( 1.322475605676657300, -0.7635316469341323400, -4.119791666666689200 ) ) ;
#2225 = CARTESIAN_POINT ( 'NONE',  ( -0.8816504037844382600, 1.527063293868263300, 2.557291666666685200 ) ) ;
#2226 = CONICAL_SURFACE ( 'NONE', #3042, 1732.050807568857200, 1.047197551196592700 ) ;
#2227 = VERTEX_POINT ( 'NONE', #1941 ) ;
#2228 = DIRECTION ( 'NONE',  ( -0.0000000000000000000, -0.0000000000000000000, 1.000000000000000000 ) ) ;
#2229 = CARTESIAN_POINT ( 'NONE',  ( 0.8816504037844380400, -1.527063293868264000, -3.192708333333313900 ) ) ;
#2230 = CARTESIAN_POINT ( 'NONE',  ( -0.6785254037844389300, -1.175240473580835500, -0.4791666666666668500 ) ) ;
#2231 = FACE_OUTER_BOUND ( 'NONE', #1940, .T. ) ;
#2232 = ORIENTED_EDGE ( 'NONE', *, *, #3269, .F. ) ;
#2233 = CARTESIAN_POINT ( 'NONE',  ( 0.6785254037844382600, -1.175240473580835700, -2.895833333333333500 ) ) ;
#2234 = CARTESIAN_POINT ( 'NONE',  ( 0.0000000000000000000, -1.175240473580835500, -5.499999999999998200 ) ) ;
#2235 = ORIENTED_EDGE ( 'NONE', *, *, #2362, .F. ) ;
#2236 =( BOUNDED_CURVE ( )  B_SPLINE_CURVE ( 2, ( #1172, #2335, #3244, #2967, #1466, #2667, #3546 ),
 .UNSPECIFIED., .F., .T. ) 
 B_SPLINE_CURVE_WITH_KNOTS ( ( 3, 2, 2, 3 ),
 ( 0.3235294117647057900, 0.3333333333333333100, 0.3431372549019607300, 0.3529411764705881500 ),
 .UNSPECIFIED. ) 
 CURVE ( )  GEOMETRIC_REPRESENTATION_ITEM ( )  RATIONAL_B_SPLINE_CURVE ( ( 1.000000000000000700, 0.8660254037844378200, 1.000000000000000000, 0.8660254037844387100, 1.000000000000000000, 0.8660254037844394800, 0.9999999999999992200 ) ) 
 REPRESENTATION_ITEM ( '' )  );
#2237 = CARTESIAN_POINT ( 'NONE',  ( 1.836970198721030900E-016, -1.500000000000000900, -5.500000000000000000 ) ) ;
#2238 = CARTESIAN_POINT ( 'NONE',  ( -1.017788105676658200, -0.5876202367904175300, -3.520833333333333500 ) ) ;
#2239 = CARTESIAN_POINT ( 'NONE',  ( -0.6785254037844389300, -1.175240473580835500, 2.458333333333333000 ) ) ;
#2240 = CARTESIAN_POINT ( 'NONE',  ( 0.8816504037844380400, -1.527063293868264000, -1.661458333333355900 ) ) ;
#2241 = CARTESIAN_POINT ( 'NONE',  ( 0.6785254037844382600, -1.175240473580835700, -1.895833333333333500 ) ) ;
#2242 = EDGE_CURVE ( 'NONE', #1378, #3210, #3483, .T. ) ;
#2243 = ADVANCED_FACE ( 'NONE', ( #2007 ), #1201, .T. ) ;
#2244 = CARTESIAN_POINT ( 'NONE',  ( -1.017788105676658200, -0.5876202367904175300, -0.02083333333333364100 ) ) ;
#2245 = CARTESIAN_POINT ( 'NONE',  ( 1.357050807568877200, -2.492861891654334300E-016, -5.312499999999999100 ) ) ;
#2246 = CARTESIAN_POINT ( 'NONE',  ( 0.0000000000000000000, 1.500000000000000900, 1.062499999999978700 ) ) ;
#2247 = VECTOR ( 'NONE', #500, 1000.000000000000000 ) ;
#2248 = EDGE_CURVE ( 'NONE', #1221, #674, #3062, .T. ) ;
#2249 = CARTESIAN_POINT ( 'NONE',  ( -1.222898445063020700, 0.6281054941264347900, 2.250612748137406100 ) ) ;
#2250 = CARTESIAN_POINT ( 'NONE',  ( 1.322475605676657300, -0.7635316469341323400, -0.6197916666666895000 ) ) ;
#2251 = CARTESIAN_POINT ( 'NONE',  ( -0.6785254037844389300, -1.175240473580835500, -3.479166666666666500 ) ) ;
#2252 = CARTESIAN_POINT ( 'NONE',  ( -1.017788105676658000, 0.5876202367904178600, -0.1041666666666664600 ) ) ;
#2253 = CARTESIAN_POINT ( 'NONE',  ( 1.017788105676658200, 0.5876202367904168600, 2.229166666666665600 ) ) ;
#2254 = CARTESIAN_POINT ( 'NONE',  ( 1.381457290957045700, -0.6072457835759369500, 2.341264123134688000 ) ) ;
#2255 = ADVANCED_FACE ( 'NONE', ( #6 ), #1815, .T. ) ;
#2256 = CARTESIAN_POINT ( 'NONE',  ( -2.451811601272799100E-016, 1.443375672974063900, 5.391746824526944900 ) ) ;
#2257 = EDGE_LOOP ( 'NONE', ( #307, #1321, #3090, #308 ) ) ;
#2258 = DIRECTION ( 'NONE',  ( -0.0000000000000000000, 1.178500973792491200E-056, -1.000000000000000000 ) ) ;
#2259 =( BOUNDED_CURVE ( )  B_SPLINE_CURVE ( 2, ( #3628, #1228, #85, #637, #2962, #1853, #1786 ),
 .UNSPECIFIED., .F., .T. ) 
 B_SPLINE_CURVE_WITH_KNOTS ( ( 3, 2, 2, 3 ),
 ( 0.2647058823529411200, 0.2745098039215686000, 0.2843137254901960100, 0.2941176470588233700 ),
 .UNSPECIFIED. ) 
 CURVE ( )  GEOMETRIC_REPRESENTATION_ITEM ( )  RATIONAL_B_SPLINE_CURVE ( ( 1.000000000000000000, 0.8660254037844387100, 1.000000000000000000, 0.8660254037844387100, 1.000000000000000000, 0.8660254037844402600, 0.9999999999999984500 ) ) 
 REPRESENTATION_ITEM ( '' )  );
#2260 = CARTESIAN_POINT ( 'NONE',  ( 0.0000000000000000000, 1.175240473580835500, -3.687500000000000000 ) ) ;
#2261 = EDGE_CURVE ( 'NONE', #2732, #3750, #1908, .T. ) ;
#2262 = CARTESIAN_POINT ( 'NONE',  ( -1.870113174931182600E-016, -1.527063293868263300, -1.203125000000022600 ) ) ;
#2263 = CARTESIAN_POINT ( 'NONE',  ( 1.017788105676657800, -0.5876202367904183000, -2.354166666666666500 ) ) ;
#2264 = ORIENTED_EDGE ( 'NONE', *, *, #2964, .F. ) ;
#2265 = CARTESIAN_POINT ( 'NONE',  ( 0.0000000000000000000, 1.805523908798805100E-112, 5.500000000000000000 ) ) ;
#2266 = DIRECTION ( 'NONE',  ( -0.0000000000000000000, 1.178500973792491200E-056, -1.000000000000000000 ) ) ;
#2267 = CARTESIAN_POINT ( 'NONE',  ( 0.6785254037844393700, 1.175240473580835300, 0.7708333333333334800 ) ) ;
#2268 = CARTESIAN_POINT ( 'NONE',  ( -0.6785254037844384900, 1.175240473580835700, -5.208333333333332100 ) ) ;
#2269 = ORIENTED_EDGE ( 'NONE', *, *, #121, .F. ) ;
#2270 = CARTESIAN_POINT ( 'NONE',  ( 0.6785254037844392600, 1.175240473580835100, -0.2916666666666666900 ) ) ;
#2271 = DIRECTION ( 'NONE',  ( -0.0000000000000000000, 1.178500973792491200E-056, -1.000000000000000000 ) ) ;
#2272 = PERSON_AND_ORGANIZATION ( #850, #3642 ) ;
#2273 = CARTESIAN_POINT ( 'NONE',  ( -1.836970198721030900E-016, -1.500000000000000900, 0.3124999999999779600 ) ) ;
#2274 = VERTEX_POINT ( 'NONE', #2491 ) ;
#2275 = CARTESIAN_POINT ( 'NONE',  ( 0.0000000000000000000, 1.500000000000000900, 0.5624999999999781300 ) ) ;
#2276 = FACE_OUTER_BOUND ( 'NONE', #1288, .T. ) ;
#2277 = CARTESIAN_POINT ( 'NONE',  ( -1.439254484199189600E-016, -1.175240473580835500, -1.437500000000000400 ) ) ;
#2278 = AXIS2_PLACEMENT_3D ( 'NONE', #2952, #2314, #2066 ) ;
#2279 = ORIENTED_EDGE ( 'NONE', *, *, #685, .T. ) ;
#2280 = CARTESIAN_POINT ( 'NONE',  ( -0.8816504037844389300, -1.527063293868263100, -0.7447916666666896100 ) ) ;
#2281 = CARTESIAN_POINT ( 'NONE',  ( -0.6785254037844384900, 1.175240473580835700, -3.645833333333333000 ) ) ;
#2282 = DIRECTION ( 'NONE',  ( 0.0000000000000000000, -9.944396304902820400E-017, 1.000000000000000000 ) ) ;
#2283 = VERTEX_POINT ( 'NONE', #3380 ) ;
#2284 = CARTESIAN_POINT ( 'NONE',  ( -0.6785254037844389300, -1.175240473580835500, 0.5208333333333332600 ) ) ;
#2285 = CARTESIAN_POINT ( 'NONE',  ( -1.357050807568877200, 8.309539638847781400E-017, -3.625000000000000000 ) ) ;
#2286 = APPROVAL ( #1686, 'UNSPECIFIED' ) ;
#2287 = ORIENTED_EDGE ( 'NONE', *, *, #97, .T. ) ;
#2288 = CARTESIAN_POINT ( 'NONE',  ( -1.017788105676658000, 0.5876202367904178600, -1.666666666666667000 ) ) ;
#2289 =( BOUNDED_CURVE ( )  B_SPLINE_CURVE ( 2, ( #2972, #1488, #2380, #2927, #3215, #3602, #633 ),
 .UNSPECIFIED., .F., .T. ) 
 B_SPLINE_CURVE_WITH_KNOTS ( ( 3, 2, 2, 3 ),
 ( 0.4705882352941176400, 0.4803921568627450600, 0.4901960784313724700, 0.4999999999999998900 ),
 .UNSPECIFIED. ) 
 CURVE ( )  GEOMETRIC_REPRESENTATION_ITEM ( )  RATIONAL_B_SPLINE_CURVE ( ( 1.000000000000000000, 0.8660254037844387100, 1.000000000000000000, 0.8660254037844387100, 1.000000000000000000, 0.8660254037844402600, 0.9999999999999984500 ) ) 
 REPRESENTATION_ITEM ( '' )  );
#2290 = DIRECTION ( 'NONE',  ( -0.0000000000000000000, 1.178500973792491200E-056, -1.000000000000000000 ) ) ;
#2291 = CARTESIAN_POINT ( 'NONE',  ( -1.299038105676658700, 0.7500000000000005600, -0.9166666666666479800 ) ) ;
#2292 = CARTESIAN_POINT ( 'NONE',  ( -1.439254484199189600E-016, -1.175240473580835500, -1.937500000000000000 ) ) ;
#2293 = CARTESIAN_POINT ( 'NONE',  ( 0.8816504037844380400, -1.527063293868264000, -1.161458333333356100 ) ) ;
#2294 = CARTESIAN_POINT ( 'NONE',  ( -1.357050807568877200, 8.309539638847781400E-017, -1.562499999999999600 ) ) ;
#2295 = EDGE_CURVE ( 'NONE', #3519, #559, #3136, .T. ) ;
#2296 = CARTESIAN_POINT ( 'NONE',  ( -0.8234078741650789900, -0.8385640366158402200, -5.499999999999999100 ) ) ;
#2297 = CARTESIAN_POINT ( 'NONE',  ( -1.836970198721030900E-016, -1.500000000000000900, 1.750000000000018000 ) ) ;
#2298 = CARTESIAN_POINT ( 'NONE',  ( 0.6785254037844393700, 1.175240473580835300, 1.770833333333333300 ) ) ;
#2299 = CARTESIAN_POINT ( 'NONE',  ( 0.6785254037844393700, 1.175240473580835300, -2.291666666666667000 ) ) ;
#2300 = CARTESIAN_POINT ( 'NONE',  ( -0.8816504037844389300, -1.527063293868263100, -4.776041666666647400 ) ) ;
#2301 = CARTESIAN_POINT ( 'NONE',  ( -1.017788105676658200, -0.5876202367904175300, 0.4166666666666667400 ) ) ;
#2302 = CARTESIAN_POINT ( 'NONE',  ( 0.8660254037844342700, 1.500000000000010700, -1.041666666666647600 ) ) ;
#2303 = CARTESIAN_POINT ( 'NONE',  ( -1.357050807568877200, 8.309539638847781400E-017, 0.4374999999999995000 ) ) ;
#2304 = CARTESIAN_POINT ( 'NONE',  ( -2.451811601272799100E-016, 1.443375672974063900, 5.391746824526944900 ) ) ;
#2305 = CARTESIAN_POINT ( 'NONE',  ( -1.017788105676658200, -0.5876202367904175300, -0.02083333333333364100 ) ) ;
#2306 =( NAMED_UNIT ( * ) PLANE_ANGLE_UNIT ( ) SI_UNIT ( $, .RADIAN. ) );
#2307 = CARTESIAN_POINT ( 'NONE',  ( -0.8816504037844382600, 1.527063293868263300, 1.088541666666643900 ) ) ;
#2308 = CARTESIAN_POINT ( 'NONE',  ( -1.249999999999999600, -0.4977939633749652900, 5.279799887970908900 ) ) ;
#2309 = ORIENTED_EDGE ( 'NONE', *, *, #2615, .T. ) ;
#2310 = CARTESIAN_POINT ( 'NONE',  ( -0.6785254037844389300, -1.175240473580835500, -3.541666666666666100 ) ) ;
#2311 = CARTESIAN_POINT ( 'NONE',  ( -1.017788105676658000, 0.5876202367904178600, -3.166666666666666500 ) ) ;
#2312 = CARTESIAN_POINT ( 'NONE',  ( -1.322475605676657800, -0.7635316469341314500, -3.317708333333313900 ) ) ;
#2313 = CARTESIAN_POINT ( 'NONE',  ( -0.6785254037844389300, -1.175240473580835300, -1.541666666666667000 ) ) ;
#2314 = DIRECTION ( 'NONE',  ( -0.0000000000000000000, 1.178500973792491200E-056, -1.000000000000000000 ) ) ;
#2315 = VERTEX_POINT ( 'NONE', #3106 ) ;
#2316 = VERTEX_POINT ( 'NONE', #1393 ) ;
#2317 = CARTESIAN_POINT ( 'NONE',  ( 0.0000000000000000000, 1.175240473580835500, -1.687499999999999800 ) ) ;
#2318 = APPROVAL_STATUS ( 'not_yet_approved' ) ;
#2319 = EDGE_CURVE ( 'NONE', #830, #2832, #1122, .T. ) ;
#2320 = EDGE_LOOP ( 'NONE', ( #2166, #225, #1487 ) ) ;
#2321 = CARTESIAN_POINT ( 'NONE',  ( 1.732050807568878500, -3.181725716174722500E-016, -0.6249999999999814600 ) ) ;
#2322 = ADVANCED_FACE ( 'NONE', ( #1022 ), #969, .T. ) ;
#2323 = CARTESIAN_POINT ( 'NONE',  ( 0.8660254037844342700, 1.500000000000010700, -4.541666666666647400 ) ) ;
#2324 = CARTESIAN_POINT ( 'NONE',  ( -1.439254484199189600E-016, -1.175240473580835500, -5.000000000000000000 ) ) ;
#2325 = CARTESIAN_POINT ( 'NONE',  ( 0.0000000000000000000, 1.175240473580835500, -1.749999999999999800 ) ) ;
#2326 = CARTESIAN_POINT ( 'NONE',  ( 0.6785254037844382600, -1.175240473580835500, 2.104166666666666500 ) ) ;
#2327 = ORIENTED_EDGE ( 'NONE', *, *, #2024, .T. ) ;
#2328 = EDGE_CURVE ( 'NONE', #3536, #951, #3284, .T. ) ;
#2329 = CARTESIAN_POINT ( 'NONE',  ( -0.6785254037844383700, 1.175240473580835500, -1.708333333333333500 ) ) ;
#2330 = FACE_OUTER_BOUND ( 'NONE', #586, .T. ) ;
#2331 = VERTEX_POINT ( 'NONE', #1998 ) ;
#2332 = DIRECTION ( 'NONE',  ( -0.0000000000000000000, 1.178500973792491200E-056, -1.000000000000000000 ) ) ;
#2333 = CLOSED_SHELL ( 'NONE', ( #1330, #2374, #1704, #3392, #1725, #1780, #502, #2591, #2820, #526, #2081, #799, #3227, #1456, #1948, #2549, #1760, #561, #274, #1654, #2255, #3542, #2641, #1987, #305, #2994, #892, #2243, #3784, #3554, #818, #242, #213, #176, #153, #3681, #2612, #2946, #752, #3767, #3820, #2978, #2351, #2030, #3131, #3151, #1928, #3486, #1631, #1070, #3172, #1809, #1441, #3194, #2322, #1474, #2014, #3723, #376, #731 ) ) ;
#2334 = CARTESIAN_POINT ( 'NONE',  ( 0.8660254037844400400, 1.500000000000000700, -4.979166666666687400 ) ) ;
#2335 = CARTESIAN_POINT ( 'NONE',  ( -0.8660254037844364900, -1.500000000000005300, 0.2083333333333523600 ) ) ;
#2336 = CARTESIAN_POINT ( 'NONE',  ( 1.017788105676657800, -0.5876202367904183000, -3.916666666666666500 ) ) ;
#2337 = CARTESIAN_POINT ( 'NONE',  ( -1.357050807568877200, 8.309539638847781400E-017, -3.125000000000000000 ) ) ;
#2338 =( BOUNDED_CURVE ( )  B_SPLINE_CURVE ( 2, ( #1610, #3674, #1916, #133, #427, #2779, #1569 ),
 .UNSPECIFIED., .F., .T. ) 
 B_SPLINE_CURVE_WITH_KNOTS ( ( 3, 2, 2, 3 ),
 ( 0.7647058823529410100, 0.7745098039215685400, 0.7843137254901958500, 0.7941176470588233700 ),
 .UNSPECIFIED. ) 
 CURVE ( )  GEOMETRIC_REPRESENTATION_ITEM ( )  RATIONAL_B_SPLINE_CURVE ( ( 1.000000000000001600, 0.8660254037844371500, 1.000000000000000000, 0.8660254037844387100, 1.000000000000000000, 0.8660254037844417100, 0.9999999999999970000 ) ) 
 REPRESENTATION_ITEM ( '' )  );
#2339 = CARTESIAN_POINT ( 'NONE',  ( 0.0000000000000000000, 1.527063293868263300, -4.484374999999980500 ) ) ;
#2340 = CARTESIAN_POINT ( 'NONE',  ( -0.6785254037844383700, 1.175240473580835500, 0.7916666666666661900 ) ) ;
#2341 = CARTESIAN_POINT ( 'NONE',  ( 1.732050807568878500, -3.181725716174722500E-016, -2.124999999999981300 ) ) ;
#2342 = CARTESIAN_POINT ( 'NONE',  ( 1.250000000000000200, 0.7216878364870319400, -1.318813079129866200 ) ) ;
#2343 = CARTESIAN_POINT ( 'NONE',  ( 0.6785254037844382600, -1.175240473580835700, 2.604166666666666100 ) ) ;
#2344 = CARTESIAN_POINT ( 'NONE',  ( -0.6785254037844384900, 1.175240473580835700, 0.7916666666666663000 ) ) ;
#2345 = CARTESIAN_POINT ( 'NONE',  ( -1.870113174931182600E-016, -1.527063293868263300, -1.234374999999981100 ) ) ;
#2346 = CARTESIAN_POINT ( 'NONE',  ( 1.017788105676658200, 0.5876202367904168600, 0.6666666666666669600 ) ) ;
#2347 = CARTESIAN_POINT ( 'NONE',  ( 0.0000000000000000000, 1.500000000000000900, -2.937500000000021800 ) ) ;
#2348 = VECTOR ( 'NONE', #449, 1000.000000000000000 ) ;
#2349 = EDGE_LOOP ( 'NONE', ( #130, #1335, #179, #3005 ) ) ;
#2350 =( GEOMETRIC_REPRESENTATION_CONTEXT ( 3 ) GLOBAL_UNCERTAINTY_ASSIGNED_CONTEXT ( ( #328 ) ) GLOBAL_UNIT_ASSIGNED_CONTEXT ( ( #778, #2306, #3480 ) ) REPRESENTATION_CONTEXT ( 'NONE', 'WORKASPACE' ) );
#2351 = ADVANCED_FACE ( 'NONE', ( #3532 ), #2557, .T. ) ;
#2352 = CARTESIAN_POINT ( 'NONE',  ( 0.8660254037844455900, 1.499999999999990700, 0.02083333333331075000 ) ) ;
#2353 = CARTESIAN_POINT ( 'NONE',  ( -1.357050807568877200, 8.309539638847781400E-017, -3.625000000000000000 ) ) ;
#2354 = CARTESIAN_POINT ( 'NONE',  ( -0.6785254037844384900, 1.175240473580835700, 0.2916666666666666900 ) ) ;
#2355 = ORIENTED_EDGE ( 'NONE', *, *, #150, .T. ) ;
#2356 = CARTESIAN_POINT ( 'NONE',  ( 1.763300807568877000, -3.239131034884752100E-016, -2.109374999999980500 ) ) ;
#2357 = CARTESIAN_POINT ( 'NONE',  ( -0.8660254037844411500, -1.499999999999998200, -4.229166666666688300 ) ) ;
#2358 = VERTEX_POINT ( 'NONE', #2297 ) ;
#2359 = CARTESIAN_POINT ( 'NONE',  ( -1.299038105676658700, 0.7500000000000005600, 1.645833333333311900 ) ) ;
#2360 = FACE_OUTER_BOUND ( 'NONE', #188, .T. ) ;
#2361 = ORIENTED_EDGE ( 'NONE', *, *, #548, .T. ) ;
#2362 = EDGE_CURVE ( 'NONE', #3558, #2274, #191, .T. ) ;
#2363 = FACE_OUTER_BOUND ( 'NONE', #2054, .T. ) ;
#2364 = DIRECTION ( 'NONE',  ( 0.5000000000000003300, -0.8660254037844384900, 0.0000000000000000000 ) ) ;
#2365 = CARTESIAN_POINT ( 'NONE',  ( 0.0000000000000000000, 1.500000000000000900, 1.500000000000018700 ) ) ;
#2366 = ORIENTED_EDGE ( 'NONE', *, *, #150, .F. ) ;
#2367 = CARTESIAN_POINT ( 'NONE',  ( 0.0000000000000000000, 1.175240473580835500, -2.750000000000000000 ) ) ;
#2368 = CARTESIAN_POINT ( 'NONE',  ( 0.0000000000000000000, 1.175240473580835500, 1.250000000000000200 ) ) ;
#2369 = CARTESIAN_POINT ( 'NONE',  ( -1.870113174931182600E-016, -1.527063293868263300, -0.7343749999999806800 ) ) ;
#2370 = FACE_OUTER_BOUND ( 'NONE', #595, .T. ) ;
#2371 = ORIENTED_EDGE ( 'NONE', *, *, #2053, .F. ) ;
#2372 = CARTESIAN_POINT ( 'NONE',  ( 0.0000000000000000000, 1.500000000000000900, -4.499999999999981300 ) ) ;
#2373 = CARTESIAN_POINT ( 'NONE',  ( -0.6229338483162855100, -1.335132909494777700, -5.204818876278261900 ) ) ;
#2374 = ADVANCED_FACE ( 'NONE', ( #1856 ), #1243, .T. ) ;
#2375 = CARTESIAN_POINT ( 'NONE',  ( -0.5135752358548867400, 1.146862872304119200, 5.198642010119640700 ) ) ;
#2376 = DIRECTION ( 'NONE',  ( -0.0000000000000000000, -0.0000000000000000000, 1.000000000000000000 ) ) ;
#2377 = CARTESIAN_POINT ( 'NONE',  ( -1.439254484199189600E-016, -1.175240473580835500, -1.500000000000000400 ) ) ;
#2378 = CARTESIAN_POINT ( 'NONE',  ( -1.017788105676658200, -0.5876202367904175300, -1.083333333333333700 ) ) ;
#2379 = CARTESIAN_POINT ( 'NONE',  ( -0.8816504037844382600, 1.527063293868263300, -0.9427083333333136100 ) ) ;
#2380 = CARTESIAN_POINT ( 'NONE',  ( -1.299038105676658700, 0.7500000000000005600, -1.854166666666688900 ) ) ;
#2381 = EDGE_CURVE ( 'NONE', #492, #3286, #2021, .T. ) ;
#2382 = DIRECTION ( 'NONE',  ( 8.659560562354900800E-017, 0.7071067811865449100, 0.7071067811865501300 ) ) ;
#2383 = EDGE_CURVE ( 'NONE', #2761, #842, #2935, .T. ) ;
#2384 = CARTESIAN_POINT ( 'NONE',  ( 1.017788105676657800, -0.5876202367904183000, -1.416666666666666700 ) ) ;
#2385 = CARTESIAN_POINT ( 'NONE',  ( -0.6785254037844384900, 1.175240473580835700, -0.2083333333333337900 ) ) ;
#2386 = CARTESIAN_POINT ( 'NONE',  ( -0.8816504037844389300, -1.527063293868263100, -2.776041666666647000 ) ) ;
#2387 = CARTESIAN_POINT ( 'NONE',  ( 0.0000000000000000000, 1.296351071171740300E-055, -5.500000000000000000 ) ) ;
#2388 = CARTESIAN_POINT ( 'NONE',  ( 1.250000000000000200, 0.7216878364870319400, -1.318813079129866200 ) ) ;
#2389 = VERTEX_POINT ( 'NONE', #1097 ) ;
#2390 = CARTESIAN_POINT ( 'NONE',  ( 0.0000000000000000000, 1.527063293868263300, 2.546874999999976000 ) ) ;
#2391 = AXIS2_PLACEMENT_3D ( 'NONE', #1803, #15, #342 ) ;
#2392 = ORIENTED_EDGE ( 'NONE', *, *, #1646, .F. ) ;
#2393 = ORIENTED_EDGE ( 'NONE', *, *, #3112, .T. ) ;
#2394 = CARTESIAN_POINT ( 'NONE',  ( -1.439254484199189600E-016, -1.175240473580835500, 1.562499999999999600 ) ) ;
#2395 = CARTESIAN_POINT ( 'NONE',  ( 1.017788105676657800, -0.5876202367904183000, -4.416666666666667000 ) ) ;
#2396 = CARTESIAN_POINT ( 'NONE',  ( 1.357050807568877200, -2.492861891654333800E-016, -2.875000000000000000 ) ) ;
#2397 = CARTESIAN_POINT ( 'NONE',  ( 0.6785254037844382600, -1.175240473580835700, 2.041666666666666500 ) ) ;
#2398 = CARTESIAN_POINT ( 'NONE',  ( -1.870113174931182600E-016, -1.527063293868263300, 2.265625000000019500 ) ) ;
#2399 = VERTEX_POINT ( 'NONE', #3144 ) ;
#2400 = CARTESIAN_POINT ( 'NONE',  ( 1.732050807568878500, -3.181725716174722500E-016, -1.624999999999981600 ) ) ;
#2401 = FACE_OUTER_BOUND ( 'NONE', #3594, .T. ) ;
#2402 = CARTESIAN_POINT ( 'NONE',  ( 0.6286471612493933500, 1.159647511395182100, -5.366460391976114700 ) ) ;
#2403 = CARTESIAN_POINT ( 'NONE',  ( -1.299038105676658700, -0.7500000000000001100, -4.833333333333313500 ) ) ;
#2404 = ORIENTED_EDGE ( 'NONE', *, *, #1992, .F. ) ;
#2405 = LINE ( 'NONE', #234, #3249 ) ;
#2406 = EDGE_CURVE ( 'NONE', #1221, #269, #439, .T. ) ;
#2407 = EDGE_LOOP ( 'NONE', ( #2035, #2937 ) ) ;
#2408 = CARTESIAN_POINT ( 'NONE',  ( 0.0000000000000000000, 1.500000000000000900, -2.937500000000021800 ) ) ;
#2409 = CARTESIAN_POINT ( 'NONE',  ( 0.6785254037844382600, -1.175240473580835500, 1.604166666666667000 ) ) ;
#2410 = DIRECTION ( 'NONE',  ( 1.502314598737160000E-016, -1.000000000000000000, -1.178500973792491200E-056 ) ) ;
#2411 = EDGE_LOOP ( 'NONE', ( #1427, #870, #557, #2918 ) ) ;
#2412 = CARTESIAN_POINT ( 'NONE',  ( -0.6785254037844384900, 1.175240473580835700, -2.208333333333333500 ) ) ;
#2413 = CARTESIAN_POINT ( 'NONE',  ( 0.0000000000000000000, 1.175240473580835500, 2.749999999999999100 ) ) ;
#2414 = CARTESIAN_POINT ( 'NONE',  ( -1.322475605676657800, -0.7635316469341314500, -0.3177083333333139400 ) ) ;
#2415 = CARTESIAN_POINT ( 'NONE',  ( -0.8660254037844336000, -1.500000000000010700, -1.791666666666647600 ) ) ;
#2416 = CARTESIAN_POINT ( 'NONE',  ( -0.1844939139510891600, -1.486571006294692400, -5.188669467286136000 ) ) ;
#2417 = CARTESIAN_POINT ( 'NONE',  ( -1.439254484199189600E-016, -1.175240473580835500, -5.500000000000000000 ) ) ;
#2418 =( BOUNDED_CURVE ( )  B_SPLINE_CURVE ( 2, ( #263, #1429, #2020, #3543, #2057, #3779, #2945 ),
 .UNSPECIFIED., .F., .T. ) 
 B_SPLINE_CURVE_WITH_KNOTS ( ( 3, 2, 2, 3 ),
 ( 0.6176470588235293300, 0.6274509803921567400, 0.6372549019607842700, 0.6470588235294116900 ),
 .UNSPECIFIED. ) 
 CURVE ( )  GEOMETRIC_REPRESENTATION_ITEM ( )  RATIONAL_B_SPLINE_CURVE ( ( 1.000000000000001600, 0.8660254037844371500, 1.000000000000000000, 0.8660254037844387100, 1.000000000000000000, 0.8660254037844387100, 1.000000000000000000 ) ) 
 REPRESENTATION_ITEM ( '' )  );
#2419 = CARTESIAN_POINT ( 'NONE',  ( 0.0000000000000000000, 1.500000000000000900, -0.4375000000000218700 ) ) ;
#2420 = CYLINDRICAL_SURFACE ( 'NONE', #999, 1.500000000000000900 ) ;
#2421 = CARTESIAN_POINT ( 'NONE',  ( -1.357050807568877200, 8.309539638847781400E-017, 1.875000000000000000 ) ) ;
#2422 = CARTESIAN_POINT ( 'NONE',  ( -1.870113174931182600E-016, -1.527063293868263300, -5.703125000000022200 ) ) ;
#2423 = CARTESIAN_POINT ( 'NONE',  ( 1.322475605676658400, 0.7635316469341306700, 0.4322916666666858400 ) ) ;
#2424 = CARTESIAN_POINT ( 'NONE',  ( -1.249999999999999800, 0.7216878364870317200, 5.391746824526944900 ) ) ;
#2425 = CARTESIAN_POINT ( 'NONE',  ( 0.8660254037844328200, 1.500000000000012900, 1.958333333333352400 ) ) ;
#2426 = CARTESIAN_POINT ( 'NONE',  ( 0.0000000000000000000, 1.527063293868263300, 1.546874999999977100 ) ) ;
#2427 = DIRECTION ( 'NONE',  ( 0.0000000000000000000, -9.944396304902820400E-017, 1.000000000000000000 ) ) ;
#2428 = EDGE_CURVE ( 'NONE', #1741, #559, #684, .T. ) ;
#2429 = VECTOR ( 'NONE', #3218, 1000.000000000000100 ) ;
#2430 = DIRECTION ( 'NONE',  ( 0.0000000000000000000, 1.000000000000000000, 0.0000000000000000000 ) ) ;
#2431 = CARTESIAN_POINT ( 'NONE',  ( -0.6785254037844383700, 1.175240473580835500, 1.854166666666666300 ) ) ;
#2432 = CARTESIAN_POINT ( 'NONE',  ( -1.357050807568877200, 8.309539638847781400E-017, -4.625000000000000000 ) ) ;
#2433 = EDGE_CURVE ( 'NONE', #1477, #3422, #2405, .T. ) ;
#2434 = CARTESIAN_POINT ( 'NONE',  ( -1.017788105676658200, -0.5876202367904175300, 0.4166666666666667400 ) ) ;
#2435 = CARTESIAN_POINT ( 'NONE',  ( -1.017788105676658000, 0.5876202367904178600, 2.333333333333333000 ) ) ;
#2436 = FACE_OUTER_BOUND ( 'NONE', #1508, .T. ) ;
#2437 = CARTESIAN_POINT ( 'NONE',  ( -0.8816504037844389300, -1.527063293868263100, 0.2239583333333529100 ) ) ;
#2438 = CARTESIAN_POINT ( 'NONE',  ( -1.299038105676658700, -0.7500000000000001100, 1.166666666666684700 ) ) ;
#2439 = CARTESIAN_POINT ( 'NONE',  ( 0.0000000000000000000, 1.500000000000000900, 1.562499999999978200 ) ) ;
#2440 =( BOUNDED_CURVE ( )  B_SPLINE_CURVE ( 2, ( #1210, #1513, #3583, #324, #640, #2096, #3262, #1204, #1822, #2701, #601, #2118, #2979, #942, #627, #1491, #29, #3596, #930, #1528, #3008, #2432, #1831, #3023, #2680, #904, #2395, #3309, #1537, #1842, #62, #2144, #652, #3566, #101, #396, #2472, #2186, #89, #691, #1857, #2753, #3074, #2742, #1561, #72, #3321, #953, #1883, #1274, #3358, #3630, #2168, #2769, #663, #1576, #1548, #1589, #1896, #970, #3620, #3644, #994, #111, #3656, #2154, #3032, #1287, #981, #1250, #673, #3047, #374, #2449, #383, #1258, #3333, #1869, #3063, #2460, #3345, #3751, #3777, #1678, #2900, #1400, #3492, #1076, #1971, #832, #2566, #2329, #2288, #207, #1694, #2313, #2886, #533, #2610, #2912, #2018, #3472, #239, #1133, #3205, #816, #1425, #3504, #1089, #1742, #3165, #3788, #1118, #498, #804, #1379, #1102, #2029, #3735, #1413, #197, #3177, #3454, #251, #541, #2270, #1985, #219, #483, #2580, #3439, #1709, #3765, #2005, #787, #770, #2857, #3148, #1364, #3191, #1722, #2872, #2301, #517, #2597, #1, #2621, #260, #2346, #3256, #1166, #2340, #847, #878, #2626, #857, #555, #3239, #2065, #1460, #2943, #3550, #2951, #581, #2040, #1758, #1152, #566, #2076, #3225, #865, #1451, #3528, #1439, #3814, #2055, #271, #3824, #1184, #3540, #1772, #3560, #13, #2638, #3517 ),
 .UNSPECIFIED., .F., .T. ) 
 B_SPLINE_CURVE_WITH_KNOTS ( ( 3, 2, 2, 2, 2, 2, 2, 2, 2, 2, 2, 2, 2, 2, 2, 2, 2, 2, 2, 2, 2, 2, 2, 2, 2, 2, 2, 2, 2, 2, 2, 2, 2, 2, 2, 2, 2, 2, 2, 2, 2, 2, 2, 2, 2, 2, 2, 2, 2, 2, 2, 2, 2, 2, 2, 2, 2, 2, 2, 2, 2, 2, 2, 2, 2, 2, 2, 2, 2, 2, 2, 2, 2, 2, 2, 2, 2, 2, 2, 2, 2, 2, 2, 2, 2, 2, 2, 2, 2, 2, 2, 2, 3 ),
 ( 0.02941176470588238000, 0.03921568627450983100, 0.04901960784313728200, 0.05882352941176473300, 0.06862745098039219100, 0.07843137254901963500, 0.08823529411764709200, 0.09803921568627455000, 0.1078431372549019900, 0.1176470588235294400, 0.1274509803921568800, 0.1372549019607843500, 0.1470588235294118000, 0.1568627450980392400, 0.1666666666666666900, 0.1764705882352941600, 0.1862745098039216000, 0.1960784313725490400, 0.2058823529411764900, 0.2156862745098039600, 0.2254901960784314000, 0.2352941176470588500, 0.2450980392156862900, 0.2549019607843137100, 0.2647058823529412400, 0.2745098039215686500, 0.2843137254901960700, 0.2941176470588235400, 0.3039215686274509600, 0.3137254901960784300, 0.3235294117647059000, 0.3333333333333333100, 0.3431372549019607900, 0.3529411764705882600, 0.3627450980392156700, 0.3725490196078430900, 0.3823529411764705600, 0.3921568627450980300, 0.4019607843137255100, 0.4117647058823529200, 0.4215686274509803900, 0.4313725490196078600, 0.4411764705882352800, 0.4509803921568627500, 0.4607843137254901700, 0.4705882352941176400, 0.4803921568627451100, 0.4901960784313725300, 0.5000000000000001100, 0.5098039215686274200, 0.5196078431372549400, 0.5294117647058823600, 0.5392156862745097800, 0.5490196078431373000, 0.5588235294117647200, 0.5686274509803921400, 0.5784313725490196600, 0.5882352941176470800, 0.5980392156862744900, 0.6078431372549019100, 0.6176470588235294400, 0.6274509803921568500, 0.6372549019607842700, 0.6470588235294118000, 0.6568627450980392100, 0.6666666666666666300, 0.6764705882352941600, 0.6862745098039215700, 0.6960784313725489900, 0.7058823529411765200, 0.7156862745098038200, 0.7254901960784313500, 0.7352941176470588800, 0.7450980392156862900, 0.7549019607843137100, 0.7647058823529411200, 0.7745098039215686500, 0.7843137254901960700, 0.7941176470588234800, 0.8039215686274510100, 0.8137254901960784300, 0.8235294117647058400, 0.8333333333333333700, 0.8431372549019607900, 0.8529411764705882000, 0.8627450980392157300, 0.8725490196078431500, 0.8823529411764705600, 0.8921568627450980900, 0.9019607843137253900, 0.9117647058823529200, 0.9215686274509803400, 0.9308194212177982600 ),
 .UNSPECIFIED. ) 
 CURVE ( )  GEOMETRIC_REPRESENTATION_ITEM ( )  RATIONAL_B_SPLINE_CURVE ( ( 0.9999999999999995600, 0.8660254037844390400, 1.000000000000000000, 0.8660254037844387100, 1.000000000000000000, 0.8660254037844387100, 1.000000000000000000, 0.8660254037844387100, 1.000000000000000000, 0.8660254037844387100, 1.000000000000000000, 0.8660254037844387100, 1.000000000000000000, 0.8660254037844387100, 1.000000000000000000, 0.8660254037844387100, 1.000000000000000000, 0.8660254037844387100, 1.000000000000000000, 0.8660254037844387100, 1.000000000000000000, 0.8660254037844387100, 1.000000000000000000, 0.8660254037844387100, 1.000000000000000000, 0.8660254037844387100, 1.000000000000000000, 0.8660254037844387100, 1.000000000000000000, 0.8660254037844387100, 1.000000000000000000, 0.8660254037844387100, 1.000000000000000000, 0.8660254037844387100, 1.000000000000000000, 0.8660254037844387100, 1.000000000000000000, 0.8660254037844387100, 1.000000000000000000, 0.8660254037844387100, 1.000000000000000000, 0.8660254037844387100, 1.000000000000000000, 0.8660254037844387100, 1.000000000000000000, 0.8660254037844387100, 1.000000000000000000, 0.8660254037844387100, 1.000000000000000000, 0.8660254037844387100, 1.000000000000000000, 0.8660254037844387100, 1.000000000000000000, 0.8660254037844387100, 1.000000000000000000, 0.8660254037844387100, 1.000000000000000000, 0.8660254037844387100, 1.000000000000000000, 0.8660254037844387100, 1.000000000000000000, 0.8660254037844387100, 1.000000000000000000, 0.8660254037844387100, 1.000000000000000000, 0.8660254037844387100, 1.000000000000000000, 0.8660254037844387100, 1.000000000000000000, 0.8660254037844387100, 1.000000000000000000, 0.8660254037844387100, 1.000000000000000000, 0.8660254037844387100, 1.000000000000000000, 0.8660254037844387100, 1.000000000000000000, 0.8660254037844387100, 1.000000000000000000, 0.8660254037844387100, 1.000000000000000000, 0.8660254037844387100, 1.000000000000000000, 0.8660254037844387100, 1.000000000000000000, 0.8660254037844387100, 1.000000000000000000, 0.8660254037844387100, 1.000000000000000000, 0.8660254037844387100, 1.000000000000000000, 0.8660254037844387100, 1.000000000000000000, 0.8660254037844387100, 1.000000000000000000, 0.8660254037844387100, 1.000000000000000000, 0.8660254037844387100, 1.000000000000000000, 0.8660254037844387100, 1.000000000000000000, 0.8660254037844387100, 1.000000000000000000, 0.8660254037844387100, 1.000000000000000000, 0.8660254037844387100, 1.000000000000000000, 0.8660254037844387100, 1.000000000000000000, 0.8660254037844387100, 1.000000000000000000, 0.8660254037844387100, 1.000000000000000000, 0.8660254037844387100, 1.000000000000000000, 0.8660254037844387100, 1.000000000000000000, 0.8660254037844387100, 1.000000000000000000, 0.8660254037844387100, 1.000000000000000000, 0.8660254037844387100, 1.000000000000000000, 0.8660254037844387100, 1.000000000000000000, 0.8660254037844387100, 1.000000000000000000, 0.8660254037844387100, 1.000000000000000000, 0.8660254037844387100, 1.000000000000000000, 0.8660254037844387100, 1.000000000000000000, 0.8660254037844387100, 1.000000000000000000, 0.8660254037844387100, 1.000000000000000000, 0.8660254037844387100, 1.000000000000000000, 0.8660254037844387100, 1.000000000000000000, 0.8660254037844387100, 1.000000000000000000, 0.8660254037844387100, 1.000000000000000000, 0.8660254037844387100, 1.000000000000000000, 0.8660254037844387100, 1.000000000000000000, 0.8660254037844387100, 1.000000000000000000, 0.8660254037844387100, 1.000000000000000000, 0.8660254037844387100, 1.000000000000000000, 0.8660254037844387100, 1.000000000000000000, 0.8660254037844387100, 1.000000000000000000, 0.8660254037844387100, 1.000000000000000000, 0.8660254037844387100, 1.000000000000000000, 0.8660254037844387100, 1.000000000000000000, 0.8660254037844387100, 1.000000000000000000, 0.8660254037844387100, 1.000000000000000000, 0.8660254037844387100, 1.000000000000000000, 0.8660254037844387100, 1.000000000000000000, 0.8660254037844387100, 1.000000000000000000, 0.8660254037844387100, 1.000000000000000000, 0.8660254037844387100, 1.000000000000000000, 0.8660254037844387100, 1.000000000000000000, 0.8660254037844387100, 1.000000000000000000, 0.8735841213225490300, 0.9857354760343157700 ) ) 
 REPRESENTATION_ITEM ( '' )  );
#2441 = DIRECTION ( 'NONE',  ( 0.0000000000000000000, 1.000000000000000000, 0.0000000000000000000 ) ) ;
#2442 = VERTEX_POINT ( 'NONE', #2617 ) ;
#2443 = CARTESIAN_POINT ( 'NONE',  ( 0.8660254037844443700, -1.499999999999991300, -4.645833333333354400 ) ) ;
#2444 = AXIS2_PLACEMENT_3D ( 'NONE', #2837, #1653, #1957 ) ;
#2445 = CARTESIAN_POINT ( 'NONE',  ( 0.4411683727727023800, -1.314894768587038500, -5.292644089658654800 ) ) ;
#2446 = ORIENTED_EDGE ( 'NONE', *, *, #1311, .F. ) ;
#2447 = LINE ( 'NONE', #1734, #128 ) ;
#2448 = CARTESIAN_POINT ( 'NONE',  ( 0.0000000000000000000, 1.175240473580835500, -5.687500000000000000 ) ) ;
#2449 = CARTESIAN_POINT ( 'NONE',  ( 0.6785254037844382600, -1.175240473580835500, -2.458333333333333000 ) ) ;
#2450 = ORIENTED_EDGE ( 'NONE', *, *, #1862, .T. ) ;
#2451 = CARTESIAN_POINT ( 'NONE',  ( -1.017788105676658200, -0.5876202367904175300, 1.416666666666666700 ) ) ;
#2452 = CARTESIAN_POINT ( 'NONE',  ( -1.870113174931182600E-016, -1.527063293868263300, -5.203125000000023100 ) ) ;
#2453 = CARTESIAN_POINT ( 'NONE',  ( 1.322475605676658400, 0.7635316469341306700, 1.432291666666685800 ) ) ;
#2454 = ORIENTED_EDGE ( 'NONE', *, *, #1146, .T. ) ;
#2455 = CARTESIAN_POINT ( 'NONE',  ( 1.299038105676659300, 0.7499999999999993300, -5.083333333333314400 ) ) ;
#2456 = FACE_OUTER_BOUND ( 'NONE', #2140, .T. ) ;
#2457 = ORIENTED_EDGE ( 'NONE', *, *, #1450, .F. ) ;
#2458 = CARTESIAN_POINT ( 'NONE',  ( -1.357050807568877200, 8.309539638847781400E-017, 1.437499999999999600 ) ) ;
#2459 = CARTESIAN_POINT ( 'NONE',  ( 1.017788105676658200, 0.5876202367904168600, -5.270833333333333000 ) ) ;
#2460 = CARTESIAN_POINT ( 'NONE',  ( -0.6785254037844383700, 1.175240473580835500, -2.208333333333333500 ) ) ;
#2461 = CARTESIAN_POINT ( 'NONE',  ( -1.357050807568877200, 8.309539638847781400E-017, -0.1250000000000001100 ) ) ;
#2462 = CARTESIAN_POINT ( 'NONE',  ( 0.8816504037844380400, -1.527063293868264000, -3.661458333333356100 ) ) ;
#2463 = CARTESIAN_POINT ( 'NONE',  ( -1.439254484199189600E-016, -1.175240473580835500, -4.937500000000000000 ) ) ;
#2464 = AXIS2_PLACEMENT_3D ( 'NONE', #2138, #658, #1279 ) ;
#2465 = CARTESIAN_POINT ( 'NONE',  ( 0.0000000000000000000, 1.500000000000000900, -5.500000000000000000 ) ) ;
#2466 = CARTESIAN_POINT ( 'NONE',  ( 0.5135752358548867400, -1.146862872304120100, 5.198642010119640700 ) ) ;
#2467 = CARTESIAN_POINT ( 'NONE',  ( 1.551628848447119000, -6.481755355858701300E-056, 5.500000000000000000 ) ) ;
#2468 = CARTESIAN_POINT ( 'NONE',  ( 0.6785254037844393700, 1.175240473580835300, -2.229166666666666500 ) ) ;
#2469 = CARTESIAN_POINT ( 'NONE',  ( -0.6785254037844384900, 1.175240473580835700, 1.854166666666666300 ) ) ;
#2470 = CARTESIAN_POINT ( 'NONE',  ( 4.336808689942017700E-016, -1.443375672974064300, 3.500000000000000400 ) ) ;
#2471 = CARTESIAN_POINT ( 'NONE',  ( 1.017788105676657800, -0.5876202367904183000, -5.354166666666667000 ) ) ;
#2472 = CARTESIAN_POINT ( 'NONE',  ( -1.439254484199189600E-016, -1.175240473580835500, -4.000000000000000000 ) ) ;
#2473 = CARTESIAN_POINT ( 'NONE',  ( 1.017788105676658200, 0.5876202367904168600, 0.6666666666666669600 ) ) ;
#2474 = CARTESIAN_POINT ( 'NONE',  ( -0.8816504037844389300, -1.527063293868263100, -3.244791666666689600 ) ) ;
#2475 = CARTESIAN_POINT ( 'NONE',  ( -1.017788105676658200, -0.5876202367904175300, -5.520833333333333000 ) ) ;
#2476 = CARTESIAN_POINT ( 'NONE',  ( 1.732050807568878500, -3.181725716174722500E-016, -5.124999999999979600 ) ) ;
#2477 = CARTESIAN_POINT ( 'NONE',  ( 0.0000000000000000000, 1.296351071171740100E-055, -5.499999999999998200 ) ) ;
#2478 = CARTESIAN_POINT ( 'NONE',  ( 1.836970198721030900E-016, -1.500000000000000900, -5.500000000000000000 ) ) ;
#2479 = CARTESIAN_POINT ( 'NONE',  ( 1.357050807568877200, -2.492861891654333800E-016, -0.8124999999999998900 ) ) ;
#2480 = EDGE_CURVE ( 'NONE', #620, #2222, #1143, .T. ) ;
#2481 = CONICAL_SURFACE ( 'NONE', #3399, 1.175240473580835500, 0.7853981633974446200 ) ;
#2482 = CARTESIAN_POINT ( 'NONE',  ( 0.0000000000000000000, 1.175240473580835500, 1.312500000000000200 ) ) ;
#2483 = ORIENTED_EDGE ( 'NONE', *, *, #1023, .T. ) ;
#2484 = CARTESIAN_POINT ( 'NONE',  ( -0.6785254037844389300, -1.175240473580835500, -4.479166666666666100 ) ) ;
#2485 = CARTESIAN_POINT ( 'NONE',  ( -1.357050807568877200, 8.309539638847781400E-017, -3.562500000000000400 ) ) ;
#2486 = CARTESIAN_POINT ( 'NONE',  ( -1.313931738857011500, -0.4379485596483278500, 2.281960922716529200 ) ) ;
#2487 = CARTESIAN_POINT ( 'NONE',  ( 1.763300807568877000, -3.239131034884752100E-016, -3.578125000000022600 ) ) ;
#2488 = CARTESIAN_POINT ( 'NONE',  ( -1.322475605676657800, 0.7635316469341318900, 2.598958333333352600 ) ) ;
#2489 =( BOUNDED_CURVE ( )  B_SPLINE_CURVE ( 2, ( #1762, #849, #1144, #820, #1750, #2033, #2613 ),
 .UNSPECIFIED., .F., .T. ) 
 B_SPLINE_CURVE_WITH_KNOTS ( ( 3, 2, 2, 3 ),
 ( 0.6176470588235293300, 0.6274509803921567400, 0.6372549019607842700, 0.6470588235294118000 ),
 .UNSPECIFIED. ) 
 CURVE ( )  GEOMETRIC_REPRESENTATION_ITEM ( )  RATIONAL_B_SPLINE_CURVE ( ( 1.000000000000001600, 0.8660254037844371500, 1.000000000000000000, 0.8660254037844387100, 1.000000000000000000, 0.8660254037844387100, 1.000000000000000000 ) ) 
 REPRESENTATION_ITEM ( '' )  );
#2490 = ORIENTED_EDGE ( 'NONE', *, *, #3516, .F. ) ;
#2491 = CARTESIAN_POINT ( 'NONE',  ( -1.836970198721030900E-016, -1.500000000000000900, 0.7500000000000179900 ) ) ;
#2492 = DATE_AND_TIME ( #2928, #3276 ) ;
#2493 = CARTESIAN_POINT ( 'NONE',  ( -0.6785254037844389300, -1.175240473580835500, -0.9791666666666664100 ) ) ;
#2494 = CARTESIAN_POINT ( 'NONE',  ( -1.836970198721030900E-016, -1.500000000000000900, -4.687500000000020400 ) ) ;
#2495 = AXIS2_PLACEMENT_3D ( 'NONE', #2955, #852, #255 ) ;
#2496 = VERTEX_POINT ( 'NONE', #886 ) ;
#2497 = CARTESIAN_POINT ( 'NONE',  ( 0.6785254037844382600, -1.175240473580835700, 0.6041666666666669600 ) ) ;
#2498 = CARTESIAN_POINT ( 'NONE',  ( 1.250000000000000000, -0.7216878364870316100, 5.391746824526944900 ) ) ;
#2499 = ORIENTED_EDGE ( 'NONE', *, *, #3776, .T. ) ;
#2500 = CARTESIAN_POINT ( 'NONE',  ( 0.0000000000000000000, 1.500000000000000900, -1.499999999999981100 ) ) ;
#2501 = CYLINDRICAL_SURFACE ( 'NONE', #808, 1.500000000000000900 ) ;
#2502 = CARTESIAN_POINT ( 'NONE',  ( -0.6785254037844383700, 1.175240473580835500, -4.145833333333333000 ) ) ;
#2503 = VERTEX_POINT ( 'NONE', #2048 ) ;
#2504 = CARTESIAN_POINT ( 'NONE',  ( 0.6785254037844382600, -1.175240473580835700, 2.041666666666666500 ) ) ;
#2505 = CARTESIAN_POINT ( 'NONE',  ( 1.322475605676658400, 0.7635316469341306700, -2.036458333333356100 ) ) ;
#2506 = CARTESIAN_POINT ( 'NONE',  ( 1.322475605676658400, 0.7635316469341306700, 2.432291666666685200 ) ) ;
#2507 = EDGE_CURVE ( 'NONE', #3138, #2761, #3158, .T. ) ;
#2508 = DIRECTION ( 'NONE',  ( -1.224646799147353200E-016, 1.000000000000000000, 0.0000000000000000000 ) ) ;
#2509 = DIRECTION ( 'NONE',  ( -0.0000000000000000000, 1.178500973792491200E-056, -1.000000000000000000 ) ) ;
#2510 = CARTESIAN_POINT ( 'NONE',  ( 0.8660254037844400400, 1.500000000000000700, 2.020833333333311300 ) ) ;
#2511 = CARTESIAN_POINT ( 'NONE',  ( 0.0000000000000000000, 1.175240473580835500, -2.687500000000000000 ) ) ;
#2512 = CARTESIAN_POINT ( 'NONE',  ( -0.6785254037844389300, -1.175240473580835500, -4.541666666666667000 ) ) ;
#2513 = CARTESIAN_POINT ( 'NONE',  ( 1.166679672620519700, -0.2076633279060598500, 2.162500000000012100 ) ) ;
#2514 = CARTESIAN_POINT ( 'NONE',  ( -0.8660254037844336000, -1.500000000000010700, 1.708333333333351900 ) ) ;
#2515 = EDGE_CURVE ( 'NONE', #2811, #446, #790, .T. ) ;
#2516 =( BOUNDED_CURVE ( )  B_SPLINE_CURVE ( 2, ( #975, #1608, #2438, #1292, #2192, #131, #1581 ),
 .UNSPECIFIED., .F., .T. ) 
 B_SPLINE_CURVE_WITH_KNOTS ( ( 3, 2, 2, 3 ),
 ( 0.2058823529411763500, 0.2156862745098037700, 0.2254901960784311800, 0.2352941176470587100 ),
 .UNSPECIFIED. ) 
 CURVE ( )  GEOMETRIC_REPRESENTATION_ITEM ( )  RATIONAL_B_SPLINE_CURVE ( ( 1.000000000000002400, 0.8660254037844364900, 1.000000000000000000, 0.8660254037844387100, 1.000000000000000000, 0.8660254037844409300, 0.9999999999999977800 ) ) 
 REPRESENTATION_ITEM ( '' )  );
#2517 = CARTESIAN_POINT ( 'NONE',  ( 0.0000000000000000000, 1.175240473580835500, -5.187499999999999100 ) ) ;
#2518 = CARTESIAN_POINT ( 'NONE',  ( -0.6785254037844389300, -1.175240473580835300, -4.979166666666666100 ) ) ;
#2519 = CARTESIAN_POINT ( 'NONE',  ( 2.575872105785769600E-011, -1.467524047359166000, 2.331250000000623800 ) ) ;
#2520 = CARTESIAN_POINT ( 'NONE',  ( 1.322475605676658400, 0.7635316469341306700, -1.536458333333355900 ) ) ;
#2521 = CARTESIAN_POINT ( 'NONE',  ( 0.8816504037844392600, 1.527063293868263100, 2.973958333333352600 ) ) ;
#2522 = CARTESIAN_POINT ( 'NONE',  ( 1.299038105676659300, 0.7499999999999993300, -2.020833333333355200 ) ) ;
#2523 = CARTESIAN_POINT ( 'NONE',  ( 1.322475605676658400, 0.7635316469341306700, -3.067708333333313900 ) ) ;
#2524 = CARTESIAN_POINT ( 'NONE',  ( 1.017788105676657800, -0.5876202367904183000, -2.354166666666666500 ) ) ;
#2525 = CARTESIAN_POINT ( 'NONE',  ( -0.6785254037844389300, -1.175240473580835500, -5.041666666666667000 ) ) ;
#2526 = CARTESIAN_POINT ( 'NONE',  ( 0.6785254037844382600, -1.175240473580835500, -5.395833333333333000 ) ) ;
#2527 = CARTESIAN_POINT ( 'NONE',  ( -1.732050807568878500, 1.060575238724907400E-016, -3.812500000000022200 ) ) ;
#2528 = CARTESIAN_POINT ( 'NONE',  ( -0.6785254037844389300, -1.175240473580835500, 1.958333333333332800 ) ) ;
#2529 = CARTESIAN_POINT ( 'NONE',  ( 0.8816504037844380400, -1.527063293868264000, -0.6614583333333560200 ) ) ;
#2530 = CIRCLE ( 'NONE', #1405, 1.500000000000001800 ) ;
#2531 = CARTESIAN_POINT ( 'NONE',  ( -1.017788105676658200, -0.5876202367904175300, -2.020833333333333000 ) ) ;
#2532 = CARTESIAN_POINT ( 'NONE',  ( 1.299038105676658400, -0.7500000000000011100, -2.104166666666688700 ) ) ;
#2533 = DIRECTION ( 'NONE',  ( 0.0000000000000000000, 1.000000000000000000, 0.0000000000000000000 ) ) ;
#2534 = LINE ( 'NONE', #182, #2664 ) ;
#2535 = CARTESIAN_POINT ( 'NONE',  ( 0.6785254037844382600, -1.175240473580835700, 1.104166666666666500 ) ) ;
#2536 = CARTESIAN_POINT ( 'NONE',  ( -1.017788105676658200, -0.5876202367904175300, -4.083333333333333000 ) ) ;
#2537 = CARTESIAN_POINT ( 'NONE',  ( 0.0000000000000000000, 1.296351071171740300E-055, -5.500000000000000000 ) ) ;
#2538 = ORIENTED_EDGE ( 'NONE', *, *, #2655, .T. ) ;
#2539 = CARTESIAN_POINT ( 'NONE',  ( 0.1620765073087463100, -1.490754716607966700, -5.177939761348701700 ) ) ;
#2540 =( BOUNDED_CURVE ( )  B_SPLINE_CURVE ( 2, ( #199, #486, #472, #1710, #1988, #535, #2902 ),
 .UNSPECIFIED., .F., .T. ) 
 B_SPLINE_CURVE_WITH_KNOTS ( ( 3, 2, 2, 3 ),
 ( 0.6470588235294116900, 0.6568627450980391000, 0.6666666666666666300, 0.6764705882352939300 ),
 .UNSPECIFIED. ) 
 CURVE ( )  GEOMETRIC_REPRESENTATION_ITEM ( )  RATIONAL_B_SPLINE_CURVE ( ( 1.000000000000000000, 0.8660254037844387100, 1.000000000000000000, 0.8660254037844387100, 1.000000000000000000, 0.8660254037844417100, 0.9999999999999970000 ) ) 
 REPRESENTATION_ITEM ( '' )  );
#2541 = ORIENTED_EDGE ( 'NONE', *, *, #3182, .T. ) ;
#2542 = CARTESIAN_POINT ( 'NONE',  ( -1.017788105676658000, 0.5876202367904178600, -4.604166666666666100 ) ) ;
#2543 = CARTESIAN_POINT ( 'NONE',  ( -0.9066209444513845300, 0.9421618962950293300, 2.237124844910273400 ) ) ;
#2544 = CARTESIAN_POINT ( 'NONE',  ( 0.8816504037844392600, 1.527063293868263100, 0.5052083333333107200 ) ) ;
#2545 = CARTESIAN_POINT ( 'NONE',  ( -0.6785254037844384900, 1.175240473580835700, -1.645833333333333300 ) ) ;
#2546 = CONICAL_SURFACE ( 'NONE', #3734, 2.750000000000000000, 0.7853981633974511700 ) ;
#2547 = ORIENTED_EDGE ( 'NONE', *, *, #569, .T. ) ;
#2548 = CARTESIAN_POINT ( 'NONE',  ( -1.299038105676658700, 0.7500000000000005600, -4.416666666666646500 ) ) ;
#2549 = ADVANCED_FACE ( 'NONE', ( #2363 ), #2973, .T. ) ;
#2550 = CARTESIAN_POINT ( 'NONE',  ( -0.6785254037844383700, 1.175240473580835500, -5.145833333333333000 ) ) ;
#2551 = CARTESIAN_POINT ( 'NONE',  ( -1.017788105676658200, -0.5876202367904175300, 0.4791666666666668000 ) ) ;
#2552 = CARTESIAN_POINT ( 'NONE',  ( -1.439254484199189600E-016, -1.175240473580835500, -5.500000000000000000 ) ) ;
#2553 = CYLINDRICAL_SURFACE ( 'NONE', #511, 1.500000000000000900 ) ;
#2554 = CC_DESIGN_PERSON_AND_ORGANIZATION_ASSIGNMENT ( #3097, #2572, ( #546 ) ) ;
#2555 = ORIENTED_EDGE ( 'NONE', *, *, #2219, .F. ) ;
#2556 = CARTESIAN_POINT ( 'NONE',  ( 1.836970198721030900E-016, -1.500000000000000900, -5.500000000000000000 ) ) ;
#2557 = CYLINDRICAL_SURFACE ( 'NONE', #1498, 2.750000000000000000 ) ;
#2558 = ORIENTED_EDGE ( 'NONE', *, *, #1798, .T. ) ;
#2559 = CARTESIAN_POINT ( 'NONE',  ( -1.836970198721030900E-016, -1.500000000000000900, -3.249999999999981300 ) ) ;
#2560 = CARTESIAN_POINT ( 'NONE',  ( 1.017788105676658200, 0.5876202367904168600, -0.7708333333333334800 ) ) ;
#2561 = CARTESIAN_POINT ( 'NONE',  ( -0.6878906242867582900, 1.094708619360142500, 2.228656985554560200 ) ) ;
#2562 = CARTESIAN_POINT ( 'NONE',  ( -1.322475605676657800, 0.7635316469341318900, -0.3697916666666892800 ) ) ;
#2563 = CARTESIAN_POINT ( 'NONE',  ( 1.357050807568877200, -2.492861891654333800E-016, -1.812499999999999800 ) ) ;
#2564 = EDGE_CURVE ( 'NONE', #3782, #394, #1535, .T. ) ;
#2565 = CARTESIAN_POINT ( 'NONE',  ( -1.017788105676658000, 0.5876202367904178600, 0.8958333333333335900 ) ) ;
#2566 = CARTESIAN_POINT ( 'NONE',  ( 0.0000000000000000000, 1.175240473580835500, -1.749999999999999800 ) ) ;
#2567 =( BOUNDED_CURVE ( )  B_SPLINE_CURVE ( 2, ( #3279, #1520, #3587, #2400, #1495, #3027, #1835 ),
 .UNSPECIFIED., .F., .T. ) 
 B_SPLINE_CURVE_WITH_KNOTS ( ( 3, 2, 2, 3 ),
 ( 0.5294117647058822500, 0.5392156862745097800, 0.5490196078431371900, 0.5588235294117646100 ),
 .UNSPECIFIED. ) 
 CURVE ( )  GEOMETRIC_REPRESENTATION_ITEM ( )  RATIONAL_B_SPLINE_CURVE ( ( 1.000000000000001600, 0.8660254037844371500, 1.000000000000000000, 0.8660254037844387100, 1.000000000000000000, 0.8660254037844402600, 0.9999999999999984500 ) ) 
 REPRESENTATION_ITEM ( '' )  );
#2568 = CARTESIAN_POINT ( 'NONE',  ( 1.250000000000000200, 0.7216878364870319400, 5.391746824526944900 ) ) ;
#2569 = AXIS2_PLACEMENT_3D ( 'NONE', #2843, #2271, #1057 ) ;
#2570 = CARTESIAN_POINT ( 'NONE',  ( -0.8660254037844336000, -1.500000000000010700, -0.7916666666666475300 ) ) ;
#2571 = CARTESIAN_POINT ( 'NONE',  ( 1.357050807568877200, -2.492861891654334300E-016, -0.3125000000000002800 ) ) ;
#2572 = PERSON_AND_ORGANIZATION_ROLE ( 'design_owner' ) ;
#2573 = CARTESIAN_POINT ( 'NONE',  ( -0.8816504037844389300, -1.527063293868263100, -1.744791666666689600 ) ) ;
#2574 = CARTESIAN_POINT ( 'NONE',  ( 0.6785254037844393700, 1.175240473580835300, -2.729166666666666500 ) ) ;
#2575 = AXIS2_PLACEMENT_3D ( 'NONE', #3673, #2509, #1306 ) ;
#2576 = CARTESIAN_POINT ( 'NONE',  ( 1.299038105676658400, -0.7500000000000011100, -5.104166666666687400 ) ) ;
#2577 = CARTESIAN_POINT ( 'NONE',  ( 0.0000000000000000000, 1.500000000000000900, -5.500000000000000000 ) ) ;
#2578 = CARTESIAN_POINT ( 'NONE',  ( 1.017788105676658200, 0.5876202367904168600, 0.2291666666666665700 ) ) ;
#2579 = CARTESIAN_POINT ( 'NONE',  ( 0.6785254037844393700, 1.175240473580835300, -3.291666666666666500 ) ) ;
#2580 = CARTESIAN_POINT ( 'NONE',  ( -1.357050807568877200, 8.309539638847781400E-017, -0.1250000000000001100 ) ) ;
#2581 = CARTESIAN_POINT ( 'NONE',  ( 0.8660254037844461500, -1.499999999999987600, 2.291666666666685600 ) ) ;
#2582 = CARTESIAN_POINT ( 'NONE',  ( 1.299038105676659300, 0.7499999999999993300, -3.520833333333354400 ) ) ;
#2583 = CIRCLE ( 'NONE', #774, 1.500000000000001800 ) ;
#2584 = CARTESIAN_POINT ( 'NONE',  ( -0.8660254037844281600, -1.500000000000020400, -3.291666666666646500 ) ) ;
#2585 = CARTESIAN_POINT ( 'NONE',  ( 1.017788105676657800, -0.5876202367904183000, -0.8541666666666663000 ) ) ;
#2586 = EDGE_CURVE ( 'NONE', #2811, #1445, #1334, .T. ) ;
#2587 = CARTESIAN_POINT ( 'NONE',  ( -1.870113174931182600E-016, -1.527063293868263300, 0.7968749999999772400 ) ) ;
#2588 = CARTESIAN_POINT ( 'NONE',  ( -0.6785254037844389300, -1.175240473580835500, -2.479166666666666500 ) ) ;
#2589 = ORIENTED_EDGE ( 'NONE', *, *, #1283, .T. ) ;
#2590 = CARTESIAN_POINT ( 'NONE',  ( 0.0000000000000000000, 1.500000000000000900, -4.937500000000021300 ) ) ;
#2591 = ADVANCED_FACE ( 'NONE', ( #1238 ), #1062, .T. ) ;
#2592 = CARTESIAN_POINT ( 'NONE',  ( 1.017788105676658200, 0.5876202367904168600, 1.729166666666666100 ) ) ;
#2593 = CARTESIAN_POINT ( 'NONE',  ( -1.017788105676658200, -0.5876202367904175300, -2.583333333333333500 ) ) ;
#2594 = ORIENTED_EDGE ( 'NONE', *, *, #2894, .F. ) ;
#2595 = CARTESIAN_POINT ( 'NONE',  ( -1.763300807568877000, 1.079710344961584000E-016, -4.359374999999980500 ) ) ;
#2596 = EDGE_CURVE ( 'NONE', #1430, #361, #2236, .T. ) ;
#2597 = CARTESIAN_POINT ( 'NONE',  ( -1.439254484199189600E-016, -1.175240473580835500, 0.4999999999999995600 ) ) ;
#2598 = CARTESIAN_POINT ( 'NONE',  ( -1.836970198721030900E-016, -1.500000000000000900, -2.687500000000021300 ) ) ;
#2599 = ORIENTED_EDGE ( 'NONE', *, *, #2808, .T. ) ;
#2600 = CARTESIAN_POINT ( 'NONE',  ( 0.8660254037844272700, -1.500000000000020900, 0.3541666666666442000 ) ) ;
#2601 = CARTESIAN_POINT ( 'NONE',  ( 0.8660254037844312700, 1.500000000000015100, 0.9583333333333524700 ) ) ;
#2602 = FACE_OUTER_BOUND ( 'NONE', #590, .T. ) ;
#2603 = CARTESIAN_POINT ( 'NONE',  ( -0.6785254037844383700, 1.175240473580835500, -1.645833333333333300 ) ) ;
#2604 = EDGE_LOOP ( 'NONE', ( #2976, #1568 ) ) ;
#2605 = CARTESIAN_POINT ( 'NONE',  ( 0.0000000000000000000, 1.527063293868263300, 1.046874999999977600 ) ) ;
#2606 = VERTEX_POINT ( 'NONE', #289 ) ;
#2607 = CARTESIAN_POINT ( 'NONE',  ( -1.439254484199189600E-016, -1.175240473580835500, -3.500000000000000000 ) ) ;
#2608 = CARTESIAN_POINT ( 'NONE',  ( -1.439254484199189600E-016, -1.175240473580835500, -2.500000000000000000 ) ) ;
#2609 = CARTESIAN_POINT ( 'NONE',  ( -1.322475605676657800, 0.7635316469341318900, -4.901041666666647400 ) ) ;
#2610 = CARTESIAN_POINT ( 'NONE',  ( 1.017788105676657800, -0.5876202367904183000, -1.416666666666666700 ) ) ;
#2611 = DIRECTION ( 'NONE',  ( 0.0000000000000000000, 1.000000000000000000, 0.0000000000000000000 ) ) ;
#2612 = ADVANCED_FACE ( 'NONE', ( #3243 ), #3649, .T. ) ;
#2613 = CARTESIAN_POINT ( 'NONE',  ( 0.0000000000000000000, 1.500000000000000900, -0.4375000000000218700 ) ) ;
#2614 = CARTESIAN_POINT ( 'NONE',  ( 0.6785254037844382600, -1.175240473580835500, -2.395833333333333000 ) ) ;
#2615 = EDGE_CURVE ( 'NONE', #303, #3432, #1198, .T. ) ;
#2616 = CARTESIAN_POINT ( 'NONE',  ( 0.9440027743286415500, -1.364939232376817000, -5.138329957354289800 ) ) ;
#2617 = CARTESIAN_POINT ( 'NONE',  ( -1.827451964197231700E-016, -1.492227771688600500, -5.183012701892231200 ) ) ;
#2618 = CARTESIAN_POINT ( 'NONE',  ( -1.357050807568877200, 8.309539638847781400E-017, -4.625000000000000000 ) ) ;
#2619 = CARTESIAN_POINT ( 'NONE',  ( -1.439254484199189600E-016, -1.175240473580835500, -3.000000000000000000 ) ) ;
#2620 = CARTESIAN_POINT ( 'NONE',  ( 1.763300807568877000, -3.239131034884752100E-016, -5.109374999999980500 ) ) ;
#2621 = CARTESIAN_POINT ( 'NONE',  ( 1.017788105676657800, -0.5876202367904183000, 0.5833333333333332600 ) ) ;
#2622 = AXIS2_PLACEMENT_3D ( 'NONE', #3304, #2689, #927 ) ;
#2623 = FACE_OUTER_BOUND ( 'NONE', #49, .T. ) ;
#2624 = CARTESIAN_POINT ( 'NONE',  ( -0.6785254037844389300, -1.175240473580835500, 2.520833333333333500 ) ) ;
#2625 = CARTESIAN_POINT ( 'NONE',  ( -0.6785254037844389300, -1.175240473580835500, -2.041666666666667000 ) ) ;
#2626 = CARTESIAN_POINT ( 'NONE',  ( -1.017788105676658200, -0.5876202367904175300, 0.9166666666666663000 ) ) ;
#2627 = CARTESIAN_POINT ( 'NONE',  ( -1.836970198721030900E-016, -1.500000000000000900, -4.687500000000020400 ) ) ;
#2628 = PLANE ( 'NONE',  #2031 ) ;
#2629 = EDGE_LOOP ( 'NONE', ( #543, #2044, #545, #1229 ) ) ;
#2630 = EDGE_CURVE ( 'NONE', #559, #39, #1245, .T. ) ;
#2631 = ORIENTED_EDGE ( 'NONE', *, *, #25, .F. ) ;
#2632 = CARTESIAN_POINT ( 'NONE',  ( 0.6785254037844382600, -1.175240473580835700, -5.458333333333333000 ) ) ;
#2633 = CARTESIAN_POINT ( 'NONE',  ( -1.357050807568877200, 8.309539638847781400E-017, -0.1250000000000001100 ) ) ;
#2634 = CYLINDRICAL_SURFACE ( 'NONE', #1546, 1.500000000000000900 ) ;
#2635 = CARTESIAN_POINT ( 'NONE',  ( 0.8816504037844392600, 1.527063293868263100, -1.026041666666647200 ) ) ;
#2636 = ORIENTED_EDGE ( 'NONE', *, *, #2987, .T. ) ;
#2637 = EDGE_CURVE ( 'NONE', #1477, #2389, #636, .T. ) ;
#2638 = CARTESIAN_POINT ( 'NONE',  ( 1.335140067605503900, -0.03795051484799238200, 2.122309024854833700 ) ) ;
#2639 = CARTESIAN_POINT ( 'NONE',  ( -0.8660254037844360400, 1.500000000000005600, -4.395833333333355200 ) ) ;
#2640 = CYLINDRICAL_SURFACE ( 'NONE', #3119, 1.500000000000000900 ) ;
#2641 = ADVANCED_FACE ( 'NONE', ( #2276 ), #1774, .T. ) ;
#2642 = ORIENTED_EDGE ( 'NONE', *, *, #3617, .F. ) ;
#2643 = CARTESIAN_POINT ( 'NONE',  ( 1.017788105676657800, -0.5876202367904183000, 0.1458333333333328700 ) ) ;
#2644 = VECTOR ( 'NONE', #1375, 1000.000000000000000 ) ;
#2645 = AXIS2_PLACEMENT_3D ( 'NONE', #3220, #2895, #1392 ) ;
#2646 = ORIENTED_EDGE ( 'NONE', *, *, #1311, .T. ) ;
#2647 = CARTESIAN_POINT ( 'NONE',  ( 0.0000000000000000000, 1.500000000000000900, -2.437500000000021300 ) ) ;
#2648 = CARTESIAN_POINT ( 'NONE',  ( 0.0000000000000000000, 0.0000000000000000000, 5.500000000000000000 ) ) ;
#2649 = ORIENTED_EDGE ( 'NONE', *, *, #913, .F. ) ;
#2650 = CARTESIAN_POINT ( 'NONE',  ( -1.017788105676658000, 0.5876202367904178600, -4.666666666666666100 ) ) ;
#2651 = CARTESIAN_POINT ( 'NONE',  ( -0.6785254037844389300, -1.175240473580835500, 0.9583333333333337000 ) ) ;
#2652 = CARTESIAN_POINT ( 'NONE',  ( 1.763300807568877000, -3.239131034884752100E-016, -1.109374999999980900 ) ) ;
#2653 = CARTESIAN_POINT ( 'NONE',  ( 1.250000000000000000, -0.7216878364870316100, 3.500000000000000400 ) ) ;
#2654 = CARTESIAN_POINT ( 'NONE',  ( 2.833373647570990600E-014, 1.251017696411969700, 2.206249999999996300 ) ) ;
#2655 = EDGE_CURVE ( 'NONE', #782, #3787, #277, .T. ) ;
#2656 = CARTESIAN_POINT ( 'NONE',  ( 1.017788105676658200, 0.5876202367904168600, 0.2291666666666665700 ) ) ;
#2657 =( BOUNDED_CURVE ( )  B_SPLINE_CURVE ( 2, ( #3456, #2887, #198, #485, #3474, #1091, #771 ),
 .UNSPECIFIED., .F., .T. ) 
 B_SPLINE_CURVE_WITH_KNOTS ( ( 3, 2, 2, 3 ),
 ( 0.7058823529411764100, 0.7156862745098038200, 0.7254901960784311300, 0.7352941176470586500 ),
 .UNSPECIFIED. ) 
 CURVE ( )  GEOMETRIC_REPRESENTATION_ITEM ( )  RATIONAL_B_SPLINE_CURVE ( ( 1.000000000000001600, 0.8660254037844371500, 1.000000000000000000, 0.8660254037844387100, 1.000000000000000000, 0.8660254037844417100, 0.9999999999999970000 ) ) 
 REPRESENTATION_ITEM ( '' )  );
#2658 = CARTESIAN_POINT ( 'NONE',  ( 0.6785254037844393700, 1.175240473580835300, -0.7916666666666671800 ) ) ;
#2659 = CARTESIAN_POINT ( 'NONE',  ( 1.017788105676658200, 0.5876202367904168600, 1.166666666666666500 ) ) ;
#2660 = CARTESIAN_POINT ( 'NONE',  ( -1.870113174931182600E-016, -1.527063293868263300, -2.734374999999980900 ) ) ;
#2661 = CARTESIAN_POINT ( 'NONE',  ( -0.8660254037844338200, -1.500000000000010700, -4.729166666666687400 ) ) ;
#2662 = DIRECTION ( 'NONE',  ( 0.0000000000000000000, 1.000000000000000000, 0.0000000000000000000 ) ) ;
#2663 = VECTOR ( 'NONE', #978, 1000.000000000000000 ) ;
#2664 = VECTOR ( 'NONE', #2290, 1000.000000000000000 ) ;
#2665 = CC_DESIGN_APPROVAL ( #2286, ( #1693 ) ) ;
#2666 = CARTESIAN_POINT ( 'NONE',  ( -1.017788105676658000, 0.5876202367904178600, 1.895833333333333500 ) ) ;
#2667 = CARTESIAN_POINT ( 'NONE',  ( -0.8660254037844418200, 1.499999999999995800, 0.04166666666668496900 ) ) ;
#2668 = CARTESIAN_POINT ( 'NONE',  ( 0.6785254037844393700, 1.175240473580835300, -3.291666666666666500 ) ) ;
#2669 = CARTESIAN_POINT ( 'NONE',  ( -1.017788105676658000, 0.5876202367904178600, -0.1666666666666665200 ) ) ;
#2670 = ORIENTED_EDGE ( 'NONE', *, *, #2749, .F. ) ;
#2671 = CARTESIAN_POINT ( 'NONE',  ( -1.322475605676657800, 0.7635316469341318900, -2.901041666666647400 ) ) ;
#2672 = CARTESIAN_POINT ( 'NONE',  ( -1.299038105676658700, 0.7500000000000005600, -1.354166666666688300 ) ) ;
#2673 = CARTESIAN_POINT ( 'NONE',  ( 1.836970198721030900E-016, -1.500000000000000900, -5.500000000000000000 ) ) ;
#2674 = ORIENTED_EDGE ( 'NONE', *, *, #1587, .T. ) ;
#2675 =( BOUNDED_CURVE ( )  B_SPLINE_CURVE ( 2, ( #599, #1808, #265, #903, #309, #560, #3534 ),
 .UNSPECIFIED., .F., .T. ) 
 B_SPLINE_CURVE_WITH_KNOTS ( ( 3, 2, 2, 3 ),
 ( 0.8529411764705880900, 0.8627450980392156200, 0.8725490196078431500, 0.8823529411764705600 ),
 .UNSPECIFIED. ) 
 CURVE ( )  GEOMETRIC_REPRESENTATION_ITEM ( )  RATIONAL_B_SPLINE_CURVE ( ( 1.000000000000001600, 0.8660254037844371500, 1.000000000000000000, 0.8660254037844387100, 1.000000000000000000, 0.8660254037844387100, 1.000000000000000000 ) ) 
 REPRESENTATION_ITEM ( '' )  );
#2676 = APPROVAL_PERSON_ORGANIZATION ( #230, #3676, #523 ) ;
#2677 = CARTESIAN_POINT ( 'NONE',  ( -1.439254484199189600E-016, -1.175240473580835500, -0.4375000000000003900 ) ) ;
#2678 = ORIENTED_EDGE ( 'NONE', *, *, #1514, .T. ) ;
#2679 = EDGE_CURVE ( 'NONE', #1051, #554, #678, .T. ) ;
#2680 = CARTESIAN_POINT ( 'NONE',  ( -1.439254484199189600E-016, -1.175240473580835500, -4.500000000000000000 ) ) ;
#2681 = ORIENTED_EDGE ( 'NONE', *, *, #2845, .F. ) ;
#2682 = CARTESIAN_POINT ( 'NONE',  ( 1.017788105676657800, -0.5876202367904183000, -1.916666666666666700 ) ) ;
#2683 = CARTESIAN_POINT ( 'NONE',  ( -1.322475605676657800, 0.7635316469341318900, -4.869791666666689200 ) ) ;
#2684 = CARTESIAN_POINT ( 'NONE',  ( -1.763300807568877000, 1.079710344961584000E-016, -2.359374999999980500 ) ) ;
#2685 = VECTOR ( 'NONE', #1293, 1000.000000000000000 ) ;
#2686 = ORIENTED_EDGE ( 'NONE', *, *, #1040, .F. ) ;
#2687 = CARTESIAN_POINT ( 'NONE',  ( 1.836970198721030900E-016, -1.500000000000000900, -5.500000000000000000 ) ) ;
#2688 = CARTESIAN_POINT ( 'NONE',  ( -0.8816504037844382600, 1.527063293868263300, 1.588541666666643600 ) ) ;
#2689 = DIRECTION ( 'NONE',  ( 0.0000000000000000000, -9.944396304902820400E-017, 1.000000000000000000 ) ) ;
#2690 = DIRECTION ( 'NONE',  ( 0.7071067811865487900, 0.0000000000000000000, 0.7071067811865463500 ) ) ;
#2691 = CARTESIAN_POINT ( 'NONE',  ( 0.0000000000000000000, 1.258078129358402400E-055, -5.175240473580831100 ) ) ;
#2692 = CARTESIAN_POINT ( 'NONE',  ( 1.357050807568877200, -2.492861891654333800E-016, -3.375000000000000000 ) ) ;
#2693 = CARTESIAN_POINT ( 'NONE',  ( -1.357050807568877200, 8.309539638847781400E-017, 1.875000000000000000 ) ) ;
#2694 = CARTESIAN_POINT ( 'NONE',  ( -0.8816504037844382600, 1.527063293868263300, 1.557291666666686100 ) ) ;
#2695 = CARTESIAN_POINT ( 'NONE',  ( 0.0000000000000000000, 1.500000000000000900, -2.499999999999981300 ) ) ;
#2696 = CARTESIAN_POINT ( 'NONE',  ( -1.412646249963152500, -0.2489328073545500600, -5.252978751057168200 ) ) ;
#2697 = CARTESIAN_POINT ( 'NONE',  ( 0.0000000000000000000, 1.333734122634717900, -5.341506350946115600 ) ) ;
#2698 = EDGE_CURVE ( 'NONE', #1378, #792, #2440, .T. ) ;
#2699 = CARTESIAN_POINT ( 'NONE',  ( 1.017788105676657800, -0.5876202367904183000, 1.145833333333332800 ) ) ;
#2700 = CARTESIAN_POINT ( 'NONE',  ( 1.836970198721030900E-016, -1.500000000000000900, -5.500000000000000000 ) ) ;
#2701 = CARTESIAN_POINT ( 'NONE',  ( -1.357050807568877200, 8.309539638847781400E-017, -5.125000000000000900 ) ) ;
#2702 = EDGE_CURVE ( 'NONE', #1851, #1763, #2799, .T. ) ;
#2703 = CARTESIAN_POINT ( 'NONE',  ( 0.0000000000000000000, 1.175240473580835500, -1.250000000000000200 ) ) ;
#2704 = CARTESIAN_POINT ( 'NONE',  ( 1.763300807568877000, -3.239131034884752100E-016, -5.578125000000022200 ) ) ;
#2705 = CARTESIAN_POINT ( 'NONE',  ( 1.763300807568877000, -3.239131034884752100E-016, 0.8906250000000189800 ) ) ;
#2706 = CARTESIAN_POINT ( 'NONE',  ( -1.221885773272354700, -0.7696440873589117700, -5.234106850905580400 ) ) ;
#2707 = CYLINDRICAL_SURFACE ( 'NONE', #209, 1.500000000000000900 ) ;
#2708 = CARTESIAN_POINT ( 'NONE',  ( 1.322475605676658400, 0.7635316469341306700, 1.463541666666643400 ) ) ;
#2709 = CARTESIAN_POINT ( 'NONE',  ( 0.0000000000000000000, 1.296351071171740100E-055, -5.499999999999998200 ) ) ;
#2710 = AXIS2_PLACEMENT_3D ( 'NONE', #360, #336, #3575 ) ;
#2711 = ORIENTED_EDGE ( 'NONE', *, *, #1399, .T. ) ;
#2712 = CARTESIAN_POINT ( 'NONE',  ( 1.050564750521082900, -1.056380725351582700, -5.201980157605508000 ) ) ;
#2713 = VERTEX_POINT ( 'NONE', #890 ) ;
#2714 = DIRECTION ( 'NONE',  ( -0.0000000000000000000, 1.178500973792491200E-056, -1.000000000000000000 ) ) ;
#2715 = CARTESIAN_POINT ( 'NONE',  ( -1.439254484199189600E-016, -1.175240473580835500, 0.4999999999999995600 ) ) ;
#2716 = CARTESIAN_POINT ( 'NONE',  ( 0.8816504037844380400, -1.527063293868264000, -5.661458333333356100 ) ) ;
#2717 = LOCAL_TIME ( 8, 29, 13.00000000000000000, #1227 ) ;
#2718 = CARTESIAN_POINT ( 'NONE',  ( -1.322475605676657800, -0.7635316469341314500, 0.1822916666666856100 ) ) ;
#2719 = VERTEX_POINT ( 'NONE', #2653 ) ;
#2720 = CARTESIAN_POINT ( 'NONE',  ( -1.732050807568878500, 1.060575238724907400E-016, -1.874999999999981600 ) ) ;
#2721 = CARTESIAN_POINT ( 'NONE',  ( -1.836970198721030900E-016, -1.500000000000000900, -1.687500000000022200 ) ) ;
#2722 = LINE ( 'NONE', #2700, #1807 ) ;
#2723 = VERTEX_POINT ( 'NONE', #1784 ) ;
#2724 = CARTESIAN_POINT ( 'NONE',  ( -1.017788105676658200, -0.5876202367904175300, -0.5208333333333332600 ) ) ;
#2725 = VECTOR ( 'NONE', #2410, 1000.000000000000000 ) ;
#2726 = CARTESIAN_POINT ( 'NONE',  ( 0.0000000000000000000, 1.500000000000000900, 0.5000000000000186500 ) ) ;
#2727 = CARTESIAN_POINT ( 'NONE',  ( 0.0000000000000000000, 1.175240473580835500, 0.8124999999999998900 ) ) ;
#2728 = ORIENTED_EDGE ( 'NONE', *, *, #52, .T. ) ;
#2729 = CARTESIAN_POINT ( 'NONE',  ( -1.299038105676658700, 0.7500000000000005600, -2.854166666666687800 ) ) ;
#2730 = VECTOR ( 'NONE', #1446, 1000.000000000000000 ) ;
#2731 = CARTESIAN_POINT ( 'NONE',  ( 1.836970198721030900E-016, -1.500000000000000900, -5.500000000000000000 ) ) ;
#2732 = VERTEX_POINT ( 'NONE', #1471 ) ;
#2733 = CARTESIAN_POINT ( 'NONE',  ( 0.6785254037844382600, -1.175240473580835700, 0.5416666666666668500 ) ) ;
#2734 = CARTESIAN_POINT ( 'NONE',  ( 1.017788105676658200, 0.5876202367904168600, 2.666666666666666100 ) ) ;
#2735 = CARTESIAN_POINT ( 'NONE',  ( 1.322475605676657300, -0.7635316469341323400, 0.3489583333333521300 ) ) ;
#2736 = CARTESIAN_POINT ( 'NONE',  ( 0.0000000000000000000, 1.296351071171740300E-055, -5.500000000000000000 ) ) ;
#2737 = CARTESIAN_POINT ( 'NONE',  ( 1.322475605676658400, 0.7635316469341306700, 2.463541666666643400 ) ) ;
#2738 = CARTESIAN_POINT ( 'NONE',  ( 0.0000000000000000000, 1.500000000000000900, -0.9375000000000214300 ) ) ;
#2739 = CARTESIAN_POINT ( 'NONE',  ( -1.017788105676658000, 0.5876202367904178600, 0.3958333333333330900 ) ) ;
#2740 = DIRECTION ( 'NONE',  ( -0.0000000000000000000, 1.178500973792491200E-056, -1.000000000000000000 ) ) ;
#2741 = CARTESIAN_POINT ( 'NONE',  ( 0.0000000000000000000, 1.767751460688717800E-057, 5.350000000000000500 ) ) ;
#2742 = CARTESIAN_POINT ( 'NONE',  ( -0.6785254037844383700, 1.175240473580835500, -3.708333333333333500 ) ) ;
#2743 = CARTESIAN_POINT ( 'NONE',  ( -1.439254484199189600E-016, -1.175240473580835500, 1.499999999999999600 ) ) ;
#2744 = CARTESIAN_POINT ( 'NONE',  ( -1.322475605676657800, -0.7635316469341314500, -3.286458333333356100 ) ) ;
#2745 = CARTESIAN_POINT ( 'NONE',  ( -0.8816504037844389300, -1.527063293868263100, -0.2760416666666475300 ) ) ;
#2746 = CARTESIAN_POINT ( 'NONE',  ( 1.255779613878756900, -0.8249259056527682400, -5.170829216980691500 ) ) ;
#2747 = CARTESIAN_POINT ( 'NONE',  ( 1.732050807568878500, -3.181725716174722500E-016, 1.875000000000017800 ) ) ;
#2748 = DIRECTION ( 'NONE',  ( -0.0000000000000000000, 1.178500973792491200E-056, -1.000000000000000000 ) ) ;
#2749 = EDGE_CURVE ( 'NONE', #1388, #2283, #2289, .T. ) ;
#2750 = CARTESIAN_POINT ( 'NONE',  ( 0.0000000000000000000, 1.175240473580835500, -0.1875000000000001700 ) ) ;
#2751 = VECTOR ( 'NONE', #1595, 1000.000000000000000 ) ;
#2752 = CARTESIAN_POINT ( 'NONE',  ( -0.6785254037844384900, 1.175240473580835700, -4.145833333333333000 ) ) ;
#2753 = CARTESIAN_POINT ( 'NONE',  ( 0.6785254037844392600, 1.175240473580835100, -3.791666666666667000 ) ) ;
#2754 = CARTESIAN_POINT ( 'NONE',  ( 0.6785254037844382600, -1.175240473580835700, 1.541666666666667000 ) ) ;
#2755 = CARTESIAN_POINT ( 'NONE',  ( 1.763300807568877000, -3.239131034884752100E-016, -2.578125000000023100 ) ) ;
#2756 = CONICAL_SURFACE ( 'NONE', #2622, 1732.050807568857200, 1.047197551196592700 ) ;
#2757 = CARTESIAN_POINT ( 'NONE',  ( -0.6785254037844389300, -1.175240473580835500, -5.479166666666667000 ) ) ;
#2758 = DIRECTION ( 'NONE',  ( 0.0000000000000000000, -1.178500973792491200E-056, 1.000000000000000000 ) ) ;
#2759 = DIRECTION ( 'NONE',  ( -0.7071067811865487900, 8.659560562354948900E-017, 0.7071067811865463500 ) ) ;
#2760 = CARTESIAN_POINT ( 'NONE',  ( 0.8660254037844386000, -1.500000000000001100, 1.854166666666644800 ) ) ;
#2761 = VERTEX_POINT ( 'NONE', #2372 ) ;
#2762 = CARTESIAN_POINT ( 'NONE',  ( 1.017788105676658200, 0.5876202367904168600, -0.2708333333333329800 ) ) ;
#2763 = CARTESIAN_POINT ( 'NONE',  ( 0.0000000000000000000, 1.296351071171740300E-055, -5.500000000000000000 ) ) ;
#2764 = CARTESIAN_POINT ( 'NONE',  ( 1.299038105676658400, -0.7500000000000011100, -0.1666666666666482300 ) ) ;
#2765 = VERTEX_POINT ( 'NONE', #2695 ) ;
#2766 = CARTESIAN_POINT ( 'NONE',  ( -0.6785254037844383700, 1.175240473580835500, 1.354166666666666700 ) ) ;
#2767 = CALENDAR_DATE ( 2025, 16, 7 ) ;
#2768 = CARTESIAN_POINT ( 'NONE',  ( 1.017788105676658200, 0.5876202367904168600, -4.770833333333333900 ) ) ;
#2769 = CARTESIAN_POINT ( 'NONE',  ( 0.6785254037844392600, 1.175240473580835100, -3.291666666666666500 ) ) ;
#2770 = ORIENTED_EDGE ( 'NONE', *, *, #3033, .F. ) ;
#2771 = CARTESIAN_POINT ( 'NONE',  ( 1.017788105676657800, -0.5876202367904183000, -0.4166666666666667400 ) ) ;
#2772 = CARTESIAN_POINT ( 'NONE',  ( 0.0000000000000000000, 1.527063293868263300, -4.453125000000023100 ) ) ;
#2773 = CARTESIAN_POINT ( 'NONE',  ( 0.8816504037844380400, -1.527063293868264000, 2.307291666666686100 ) ) ;
#2774 = CIRCLE ( 'NONE', #2645, 2.750000000000000000 ) ;
#2775 = ORIENTED_EDGE ( 'NONE', *, *, #2596, .T. ) ;
#2776 = EDGE_CURVE ( 'NONE', #2783, #2227, #858, .T. ) ;
#2777 = DIRECTION ( 'NONE',  ( -0.0000000000000000000, 1.178500973792491200E-056, -1.000000000000000000 ) ) ;
#2778 = DIRECTION ( 'NONE',  ( -0.0000000000000000000, 1.178500973792491200E-056, -1.000000000000000000 ) ) ;
#2779 = CARTESIAN_POINT ( 'NONE',  ( 0.8660254037844498100, -1.499999999999981300, -3.708333333333313100 ) ) ;
#2780 = CARTESIAN_POINT ( 'NONE',  ( 0.6785254037844393700, 1.175240473580835300, -1.729166666666667000 ) ) ;
#2781 = DIRECTION ( 'NONE',  ( 0.0000000000000000000, 1.000000000000000000, 0.0000000000000000000 ) ) ;
#2782 = LINE ( 'NONE', #159, #2685 ) ;
#2783 = VERTEX_POINT ( 'NONE', #616 ) ;
#2784 = CARTESIAN_POINT ( 'NONE',  ( -0.6785254037844389300, -1.175240473580835500, 1.520833333333333300 ) ) ;
#2785 = CARTESIAN_POINT ( 'NONE',  ( 0.0000000000000000000, 3.712278067446347900E-056, 2.349999999999999600 ) ) ;
#2786 = EDGE_CURVE ( 'NONE', #2133, #2783, #2567, .T. ) ;
#2787 = CARTESIAN_POINT ( 'NONE',  ( -1.017788105676658000, 0.5876202367904178600, -5.604166666666666100 ) ) ;
#2788 = CARTESIAN_POINT ( 'NONE',  ( 1.017788105676657800, -0.5876202367904183000, -4.354166666666667000 ) ) ;
#2789 = CARTESIAN_POINT ( 'NONE',  ( -1.017788105676658000, 0.5876202367904178600, 2.333333333333333000 ) ) ;
#2790 = CARTESIAN_POINT ( 'NONE',  ( 0.8816504037844392600, 1.527063293868263100, -3.994791666666690100 ) ) ;
#2791 = CARTESIAN_POINT ( 'NONE',  ( -1.439254484199189600E-016, -1.175240473580835500, -5.437500000000000000 ) ) ;
#2792 = DIRECTION ( 'NONE',  ( 0.0000000000000000000, 1.000000000000000000, 0.0000000000000000000 ) ) ;
#2793 = DIRECTION ( 'NONE',  ( -0.0000000000000000000, 1.178500973792491200E-056, -1.000000000000000000 ) ) ;
#2794 = CARTESIAN_POINT ( 'NONE',  ( 0.0000000000000000000, 3.712278067446347900E-056, 2.349999999999999600 ) ) ;
#2795 = CARTESIAN_POINT ( 'NONE',  ( 1.017788105676658200, 0.5876202367904168600, -2.770833333333333500 ) ) ;
#2796 = CARTESIAN_POINT ( 'NONE',  ( 1.017788105676658200, 0.5876202367904168600, 0.7291666666666670700 ) ) ;
#2797 = CARTESIAN_POINT ( 'NONE',  ( 1.250000000000000000, -0.4977939633749650600, 5.279799887970908900 ) ) ;
#2798 = VECTOR ( 'NONE', #3588, 1000.000000000000000 ) ;
#2799 =( BOUNDED_CURVE ( )  B_SPLINE_CURVE ( 2, ( #3298, #2997, #2960, #3804, #1176, #2661, #2087 ),
 .UNSPECIFIED., .F., .T. ) 
 B_SPLINE_CURVE_WITH_KNOTS ( ( 3, 2, 2, 3 ),
 ( 0.1176470588235294100, 0.1274509803921568800, 0.1372549019607844100, 0.1470588235294118800 ),
 .UNSPECIFIED. ) 
 CURVE ( )  GEOMETRIC_REPRESENTATION_ITEM ( )  RATIONAL_B_SPLINE_CURVE ( ( 1.000000000000000000, 0.8660254037844387100, 1.000000000000000000, 0.8660254037844387100, 1.000000000000000000, 0.8660254037844371500, 1.000000000000001600 ) ) 
 REPRESENTATION_ITEM ( '' )  );
#2800 = CARTESIAN_POINT ( 'NONE',  ( -1.439254484199189600E-016, -1.175240473580835500, -5.437500000000000000 ) ) ;
#2801 = CARTESIAN_POINT ( 'NONE',  ( -0.3547962127286469200, -1.418527198665450400, 2.321987035884581100 ) ) ;
#2802 = CARTESIAN_POINT ( 'NONE',  ( -1.322475605676657800, -0.7635316469341314500, -4.286458333333355200 ) ) ;
#2803 = CARTESIAN_POINT ( 'NONE',  ( 0.8816504037844380400, -1.527063293868264000, 2.807291666666685200 ) ) ;
#2804 = CARTESIAN_POINT ( 'NONE',  ( -0.4090586785750388000, -1.207205534784412600, 5.197837918555811700 ) ) ;
#2805 = DIRECTION ( 'NONE',  ( 0.0000000000000000000, 1.000000000000000000, 0.0000000000000000000 ) ) ;
#2806 = CARTESIAN_POINT ( 'NONE',  ( 1.357050807568877200, -2.492861891654333800E-016, -1.812499999999999800 ) ) ;
#2807 = CARTESIAN_POINT ( 'NONE',  ( 0.6785254037844382600, -1.175240473580835700, -5.458333333333333000 ) ) ;
#2808 = EDGE_CURVE ( 'NONE', #3422, #830, #2916, .T. ) ;
#2809 = FACE_OUTER_BOUND ( 'NONE', #734, .T. ) ;
#2810 = DIRECTION ( 'NONE',  ( -0.8660254037844386000, -0.5000000000000001100, -5.892504868962456200E-057 ) ) ;
#2811 = VERTEX_POINT ( 'NONE', #1817 ) ;
#2812 = CARTESIAN_POINT ( 'NONE',  ( -0.6785254037844384900, 1.175240473580835700, -3.645833333333333000 ) ) ;
#2813 = CARTESIAN_POINT ( 'NONE',  ( 0.6785254037844392600, 1.175240473580835100, -3.729166666666666500 ) ) ;
#2814 = AXIS2_PLACEMENT_3D ( 'NONE', #2763, #989, #2781 ) ;
#2815 = CARTESIAN_POINT ( 'NONE',  ( 0.0000000000000000000, 0.0000000000000000000, 0.0000000000000000000 ) ) ;
#2816 = CARTESIAN_POINT ( 'NONE',  ( -1.763300807568877000, 1.079710344961584000E-016, -0.8281250000000225400 ) ) ;
#2817 = CARTESIAN_POINT ( 'NONE',  ( 0.0000000000000000000, 1.175240473580835500, -5.187499999999999100 ) ) ;
#2818 = ORIENTED_EDGE ( 'NONE', *, *, #893, .T. ) ;
#2819 = CARTESIAN_POINT ( 'NONE',  ( 0.0000000000000000000, 1.500000000000000900, -1.937500000000021500 ) ) ;
#2820 = ADVANCED_FACE ( 'NONE', ( #3607 ), #2553, .T. ) ;
#2821 = CARTESIAN_POINT ( 'NONE',  ( 1.299038105676658400, -0.7500000000000011100, 1.833333333333351700 ) ) ;
#2822 = CARTESIAN_POINT ( 'NONE',  ( 1.017788105676658200, 0.5876202367904168600, -1.270833333333333000 ) ) ;
#2823 = CARTESIAN_POINT ( 'NONE',  ( 1.357050807568877200, -2.492861891654333800E-016, -4.375000000000000000 ) ) ;
#2824 = ORIENTED_EDGE ( 'NONE', *, *, #3715, .F. ) ;
#2825 = LINE ( 'NONE', #1065, #552 ) ;
#2826 = CARTESIAN_POINT ( 'NONE',  ( 1.299038105676659300, 0.7499999999999993300, -0.08333333333331453800 ) ) ;
#2827 = ORIENTED_EDGE ( 'NONE', *, *, #2776, .F. ) ;
#2828 = DESIGN_CONTEXT ( 'detailed design', #1082, 'design' ) ;
#2829 =( BOUNDED_SURFACE ( )  B_SPLINE_SURFACE ( 1, 2, ( 
 ( #3092, #443, #458, #1675, #3108, #1308, #2552, #2807, #178, #1318, #469, #3693, #1074, #2268, #149, #3438, #3123, #2525, #1943, #1043, #1032, #3720, #755, #2856, #1961, #1643, #3383, #1970, #1612, #2512, #1918, #742, #727, #2823, #135, #429, #3407, #3709, #2841, #162, #2536, #1055, #3134, #1350, #3421, #2016, #1397, #829, #1707, #1435, #1411, #2285, #3468, #1747, #1130, #2882, #3763, #496, #236, #2579, #3502, #3801, #2311, #2337, #1719, #1423, #2619, #3774, #1738, #1100, #3490, #2000, #802, #3175, #2923, #529, #2593, #2037, #2608, #3786, #1140, #217, #2910, #2299, #2027, #515, #814, #2897, #3201, #2625, #3213, #257, #1114, #1087, #249, #3188, #2325, #3452, #539, #551, #844, #3514, #3749, #1984, #2871, #3164, #1377, #1692, #206, #1756, #1162, #2940, #2378, #3524, #564, #1768, #3247, #22, #1484, #2969, #3811, #1192, #1468, #3548, #592, #299, #281, #1790, #854, #2062, #2074, #1493, #2949, #2385, #2669, #2633, #11, #3235, #2083, #1458, #897, #2098, #3538, #2981, #2958, #2354, #1782, #874, #863, #3557, #578, #3264, #3569, #3831, #313, #1800, #603, #2344, #1149, #571, #3822, #2651, #3223, #1448, #2051, #291, #2659, #268, #2368, #888, #1174, #1181, #3254, #1833, #1212, #644, #1516, #1252, #1220, #2108, #3289, #1550, #944, #2693, #3585, #327, #54, #2397, #3311, #3622, #2135, #2156, #1531, #1236, #2435, #3598, #1539, #921, #3301, #1824, #614, #2999, #2734, #346, #2413 ),
 ( #44, #629, #2121, #3011, #339, #1860, #2422, #2716, #3025, #2704, #932, #3613, #74, #3035, #377, #1501, #1845, #655, #2452, #1813, #64, #1206, #363, #2146, #955, #3324, #2683, #906, #2989, #3275, #3578, #31, #3658, #3076, #1565, #1290, #2772, #3101, #3359, #1028, #2802, #1900, #414, #2189, #2224, #693, #3647, #2790, #1885, #104, #1591, #705, #1013, #3049, #435, #2462, #398, #2487, #113, #983, #1302, #3686, #1872, #665, #2744, #2474, #385, #3389, #1260, #996, #1914, #2201, #973, #3335, #1313, #676, #3632, #3086, #1623, #3378, #1605, #2755, #1924, #3670, #92, #2170, #3066, #144, #1276, #3347, #720, #126, #2212, #424, #2505, #1578, #3117, #1083, #453, #3704, #189, #2573, #1938, #2240, #3156, #464, #2520, #1993, #1049, #3128, #1700, #1976, #779, #2834, #2262, #2293, #736, #2865, #475, #3462, #202, #1370, #3141, #2816, #1635, #2280, #3447, #2529, #2250, #1954, #2849, #1650, #1389, #1965, #2562, #1066, #171, #156, #749, #1687, #3757, #2877, #210, #1326, #3741, #490, #1038, #1343, #1356, #3400, #796, #1094, #3414, #3727, #3169, #2544, #3716, #761, #3431, #1668, #3772, #1715, #2587, #2012, #3481, #823, #229, #2906, #2605, #2307, #524, #1406, #1126, #508, #810, #2892, #1107, #3183, #2708, #352, #2426, #2688, #1866, #2112, #1521, #2139, #936, #619, #948, #3328, #1505, #80, #319, #3590, #36, #3041, #910, #1826, #1544, #47, #608, #2993, #2737, #332, #2390 ) ),
 .UNSPECIFIED., .F., .F., .T. ) 
 B_SPLINE_SURFACE_WITH_KNOTS ( ( 2, 2 ),
 ( 3, 2, 2, 2, 2, 2, 2, 2, 2, 2, 2, 2, 2, 2, 2, 2, 2, 2, 2, 2, 2, 2, 2, 2, 2, 2, 2, 2, 2, 2, 2, 2, 2, 2, 2, 2, 2, 2, 2, 2, 2, 2, 2, 2, 2, 2, 2, 2, 2, 2, 2, 2, 2, 2, 2, 2, 2, 2, 2, 2, 2, 2, 2, 2, 2, 2, 2, 2, 2, 2, 2, 2, 2, 2, 2, 2, 2, 2, 2, 2, 2, 2, 2, 2, 2, 2, 2, 2, 2, 2, 2, 2, 2, 2, 2, 2, 2, 2, 2, 2, 2, 2, 3 ),
 ( 0.0000000000000000000, 1.000000000000000000 ),
 ( 0.0000000000000000000, 0.009803921568627450800, 0.01960784313725490200, 0.02941176470588235300, 0.03921568627450980300, 0.04901960784313725400, 0.05882352941176470500, 0.06862745098039216300, 0.07843137254901960700, 0.08823529411764706500, 0.09803921568627450800, 0.1078431372549019700, 0.1176470588235294100, 0.1274509803921568500, 0.1372549019607843300, 0.1470588235294117700, 0.1568627450980392100, 0.1666666666666666600, 0.1764705882352941300, 0.1862745098039215700, 0.1960784313725490200, 0.2058823529411764600, 0.2156862745098039300, 0.2254901960784313800, 0.2352941176470588200, 0.2450980392156862600, 0.2549019607843137100, 0.2647058823529411800, 0.2745098039215686500, 0.2843137254901960700, 0.2941176470588235400, 0.3039215686274509600, 0.3137254901960784300, 0.3235294117647059000, 0.3333333333333333100, 0.3431372549019607900, 0.3529411764705882600, 0.3627450980392156700, 0.3725490196078431500, 0.3823529411764705600, 0.3921568627450980300, 0.4019607843137255100, 0.4117647058823529200, 0.4215686274509803900, 0.4313725490196078600, 0.4411764705882352800, 0.4509803921568627500, 0.4607843137254901700, 0.4705882352941176400, 0.4803921568627451100, 0.4901960784313725300, 0.5000000000000000000, 0.5098039215686274200, 0.5196078431372549400, 0.5294117647058823600, 0.5392156862745097800, 0.5490196078431373000, 0.5588235294117647200, 0.5686274509803921400, 0.5784313725490196600, 0.5882352941176470800, 0.5980392156862744900, 0.6078431372549019100, 0.6176470588235294400, 0.6274509803921568500, 0.6372549019607842700, 0.6470588235294118000, 0.6568627450980392100, 0.6666666666666666300, 0.6764705882352941600, 0.6862745098039215700, 0.6960784313725489900, 0.7058823529411765200, 0.7156862745098039300, 0.7254901960784313500, 0.7352941176470588800, 0.7450980392156862900, 0.7549019607843137100, 0.7647058823529411200, 0.7745098039215686500, 0.7843137254901960700, 0.7941176470588234800, 0.8039215686274510100, 0.8137254901960784300, 0.8235294117647058400, 0.8333333333333333700, 0.8431372549019607900, 0.8529411764705882000, 0.8627450980392157300, 0.8725490196078431500, 0.8823529411764705600, 0.8921568627450980900, 0.9019607843137255100, 0.9117647058823529200, 0.9215686274509803400, 0.9313725490196078600, 0.9411764705882352800, 0.9509803921568627000, 0.9607843137254902200, 0.9705882352941176400, 0.9803921568627450600, 0.9901960784313725800, 1.000000000000000000 ),
 .UNSPECIFIED. ) 
 GEOMETRIC_REPRESENTATION_ITEM ( )  RATIONAL_B_SPLINE_SURFACE ( (
 ( 1.000000000000000000, 0.8660254037844387100, 1.000000000000000000, 0.8660254037844387100, 1.000000000000000000, 0.8660254037844387100, 1.000000000000000000, 0.8660254037844387100, 1.000000000000000000, 0.8660254037844387100, 1.000000000000000000, 0.8660254037844387100, 1.000000000000000000, 0.8660254037844387100, 1.000000000000000000, 0.8660254037844387100, 1.000000000000000000, 0.8660254037844387100, 1.000000000000000000, 0.8660254037844387100, 1.000000000000000000, 0.8660254037844387100, 1.000000000000000000, 0.8660254037844387100, 1.000000000000000000, 0.8660254037844387100, 1.000000000000000000, 0.8660254037844387100, 1.000000000000000000, 0.8660254037844387100, 1.000000000000000000, 0.8660254037844387100, 1.000000000000000000, 0.8660254037844387100, 1.000000000000000000, 0.8660254037844387100, 1.000000000000000000, 0.8660254037844387100, 1.000000000000000000, 0.8660254037844387100, 1.000000000000000000, 0.8660254037844387100, 1.000000000000000000, 0.8660254037844387100, 1.000000000000000000, 0.8660254037844387100, 1.000000000000000000, 0.8660254037844387100, 1.000000000000000000, 0.8660254037844387100, 1.000000000000000000, 0.8660254037844387100, 1.000000000000000000, 0.8660254037844387100, 1.000000000000000000, 0.8660254037844387100, 1.000000000000000000, 0.8660254037844387100, 1.000000000000000000, 0.8660254037844387100, 1.000000000000000000, 0.8660254037844387100, 1.000000000000000000, 0.8660254037844387100, 1.000000000000000000, 0.8660254037844387100, 1.000000000000000000, 0.8660254037844387100, 1.000000000000000000, 0.8660254037844387100, 1.000000000000000000, 0.8660254037844387100, 1.000000000000000000, 0.8660254037844387100, 1.000000000000000000, 0.8660254037844387100, 1.000000000000000000, 0.8660254037844387100, 1.000000000000000000, 0.8660254037844387100, 1.000000000000000000, 0.8660254037844387100, 1.000000000000000000, 0.8660254037844387100, 1.000000000000000000, 0.8660254037844387100, 1.000000000000000000, 0.8660254037844387100, 1.000000000000000000, 0.8660254037844387100, 1.000000000000000000, 0.8660254037844387100, 1.000000000000000000, 0.8660254037844387100, 1.000000000000000000, 0.8660254037844387100, 1.000000000000000000, 0.8660254037844387100, 1.000000000000000000, 0.8660254037844387100, 1.000000000000000000, 0.8660254037844387100, 1.000000000000000000, 0.8660254037844387100, 1.000000000000000000, 0.8660254037844387100, 1.000000000000000000, 0.8660254037844387100, 1.000000000000000000, 0.8660254037844387100, 1.000000000000000000, 0.8660254037844387100, 1.000000000000000000, 0.8660254037844387100, 1.000000000000000000, 0.8660254037844387100, 1.000000000000000000, 0.8660254037844387100, 1.000000000000000000, 0.8660254037844387100, 1.000000000000000000, 0.8660254037844387100, 1.000000000000000000, 0.8660254037844387100, 1.000000000000000000, 0.8660254037844387100, 1.000000000000000000, 0.8660254037844387100, 1.000000000000000000, 0.8660254037844387100, 1.000000000000000000, 0.8660254037844387100, 1.000000000000000000, 0.8660254037844387100, 1.000000000000000000, 0.8660254037844387100, 1.000000000000000000, 0.8660254037844387100, 1.000000000000000000, 0.8660254037844387100, 1.000000000000000000, 0.8660254037844387100, 1.000000000000000000, 0.8660254037844387100, 1.000000000000000000, 0.8660254037844387100, 1.000000000000000000, 0.8660254037844387100, 1.000000000000000000, 0.8660254037844387100, 1.000000000000000000, 0.8660254037844387100, 1.000000000000000000, 0.8660254037844387100, 1.000000000000000000, 0.8660254037844387100, 1.000000000000000000, 0.8660254037844387100, 1.000000000000000000, 0.8660254037844387100, 1.000000000000000000, 0.8660254037844387100, 1.000000000000000000, 0.8660254037844387100, 1.000000000000000000, 0.8660254037844387100, 1.000000000000000000, 0.8660254037844387100, 1.000000000000000000, 0.8660254037844387100, 1.000000000000000000, 0.8660254037844387100, 1.000000000000000000, 0.8660254037844387100, 1.000000000000000000, 0.8660254037844387100, 1.000000000000000000, 0.8660254037844387100, 1.000000000000000000, 0.8660254037844387100, 1.000000000000000000, 0.8660254037844387100, 1.000000000000000000, 0.8660254037844387100, 1.000000000000000000, 0.8660254037844387100, 1.000000000000000000, 0.8660254037844387100, 1.000000000000000000, 0.8660254037844387100, 1.000000000000000000, 0.8660254037844387100, 1.000000000000000000, 0.8660254037844387100, 1.000000000000000000, 0.8660254037844387100, 1.000000000000000000, 0.8660254037844387100, 1.000000000000000000, 0.8660254037844387100, 1.000000000000000000, 0.8660254037844387100, 1.000000000000000000, 0.8660254037844387100, 1.000000000000000000),
 ( 1.000000000000000000, 0.8660254037844387100, 1.000000000000000000, 0.8660254037844387100, 1.000000000000000000, 0.8660254037844387100, 1.000000000000000000, 0.8660254037844387100, 1.000000000000000000, 0.8660254037844387100, 1.000000000000000000, 0.8660254037844387100, 1.000000000000000000, 0.8660254037844387100, 1.000000000000000000, 0.8660254037844387100, 1.000000000000000000, 0.8660254037844387100, 1.000000000000000000, 0.8660254037844387100, 1.000000000000000000, 0.8660254037844387100, 1.000000000000000000, 0.8660254037844387100, 1.000000000000000000, 0.8660254037844387100, 1.000000000000000000, 0.8660254037844387100, 1.000000000000000000, 0.8660254037844387100, 1.000000000000000000, 0.8660254037844387100, 1.000000000000000000, 0.8660254037844387100, 1.000000000000000000, 0.8660254037844387100, 1.000000000000000000, 0.8660254037844387100, 1.000000000000000000, 0.8660254037844387100, 1.000000000000000000, 0.8660254037844387100, 1.000000000000000000, 0.8660254037844387100, 1.000000000000000000, 0.8660254037844387100, 1.000000000000000000, 0.8660254037844387100, 1.000000000000000000, 0.8660254037844387100, 1.000000000000000000, 0.8660254037844387100, 1.000000000000000000, 0.8660254037844387100, 1.000000000000000000, 0.8660254037844387100, 1.000000000000000000, 0.8660254037844387100, 1.000000000000000000, 0.8660254037844387100, 1.000000000000000000, 0.8660254037844387100, 1.000000000000000000, 0.8660254037844387100, 1.000000000000000000, 0.8660254037844387100, 1.000000000000000000, 0.8660254037844387100, 1.000000000000000000, 0.8660254037844387100, 1.000000000000000000, 0.8660254037844387100, 1.000000000000000000, 0.8660254037844387100, 1.000000000000000000, 0.8660254037844387100, 1.000000000000000000, 0.8660254037844387100, 1.000000000000000000, 0.8660254037844387100, 1.000000000000000000, 0.8660254037844387100, 1.000000000000000000, 0.8660254037844387100, 1.000000000000000000, 0.8660254037844387100, 1.000000000000000000, 0.8660254037844387100, 1.000000000000000000, 0.8660254037844387100, 1.000000000000000000, 0.8660254037844387100, 1.000000000000000000, 0.8660254037844387100, 1.000000000000000000, 0.8660254037844387100, 1.000000000000000000, 0.8660254037844387100, 1.000000000000000000, 0.8660254037844387100, 1.000000000000000000, 0.8660254037844387100, 1.000000000000000000, 0.8660254037844387100, 1.000000000000000000, 0.8660254037844387100, 1.000000000000000000, 0.8660254037844387100, 1.000000000000000000, 0.8660254037844387100, 1.000000000000000000, 0.8660254037844387100, 1.000000000000000000, 0.8660254037844387100, 1.000000000000000000, 0.8660254037844387100, 1.000000000000000000, 0.8660254037844387100, 1.000000000000000000, 0.8660254037844387100, 1.000000000000000000, 0.8660254037844387100, 1.000000000000000000, 0.8660254037844387100, 1.000000000000000000, 0.8660254037844387100, 1.000000000000000000, 0.8660254037844387100, 1.000000000000000000, 0.8660254037844387100, 1.000000000000000000, 0.8660254037844387100, 1.000000000000000000, 0.8660254037844387100, 1.000000000000000000, 0.8660254037844387100, 1.000000000000000000, 0.8660254037844387100, 1.000000000000000000, 0.8660254037844387100, 1.000000000000000000, 0.8660254037844387100, 1.000000000000000000, 0.8660254037844387100, 1.000000000000000000, 0.8660254037844387100, 1.000000000000000000, 0.8660254037844387100, 1.000000000000000000, 0.8660254037844387100, 1.000000000000000000, 0.8660254037844387100, 1.000000000000000000, 0.8660254037844387100, 1.000000000000000000, 0.8660254037844387100, 1.000000000000000000, 0.8660254037844387100, 1.000000000000000000, 0.8660254037844387100, 1.000000000000000000, 0.8660254037844387100, 1.000000000000000000, 0.8660254037844387100, 1.000000000000000000, 0.8660254037844387100, 1.000000000000000000, 0.8660254037844387100, 1.000000000000000000, 0.8660254037844387100, 1.000000000000000000, 0.8660254037844387100, 1.000000000000000000, 0.8660254037844387100, 1.000000000000000000, 0.8660254037844387100, 1.000000000000000000, 0.8660254037844387100, 1.000000000000000000, 0.8660254037844387100, 1.000000000000000000, 0.8660254037844387100, 1.000000000000000000, 0.8660254037844387100, 1.000000000000000000, 0.8660254037844387100, 1.000000000000000000, 0.8660254037844387100, 1.000000000000000000, 0.8660254037844387100, 1.000000000000000000, 0.8660254037844387100, 1.000000000000000000, 0.8660254037844387100, 1.000000000000000000, 0.8660254037844387100, 1.000000000000000000, 0.8660254037844387100, 1.000000000000000000, 0.8660254037844387100, 1.000000000000000000, 0.8660254037844387100, 1.000000000000000000, 0.8660254037844387100, 1.000000000000000000) ) ) 
 REPRESENTATION_ITEM ( '' )  SURFACE ( )  );
#2830 = VECTOR ( 'NONE', #1147, 1000.000000000000000 ) ;
#2831 = CARTESIAN_POINT ( 'NONE',  ( 1.017788105676658200, 0.5876202367904168600, -3.270833333333333000 ) ) ;
#2832 = VERTEX_POINT ( 'NONE', #330 ) ;
#2833 = CARTESIAN_POINT ( 'NONE',  ( -0.6789117923681562400, -1.275434171402075600, 2.311893337920017700 ) ) ;
#2834 = CARTESIAN_POINT ( 'NONE',  ( -0.8816504037844389300, -1.527063293868263100, -1.244791666666689400 ) ) ;
#2835 = CARTESIAN_POINT ( 'NONE',  ( 1.357050807568877200, -2.492861891654333800E-016, -2.812500000000000000 ) ) ;
#2836 = EDGE_CURVE ( 'NONE', #3558, #3601, #2975, .T. ) ;
#2837 = CARTESIAN_POINT ( 'NONE',  ( -3.204619126434813600E-016, 1.443375672974063900, -1.318813079129866200 ) ) ;
#2838 = CARTESIAN_POINT ( 'NONE',  ( 0.0000000000000000000, 1.767751460688717800E-057, 5.350000000000000500 ) ) ;
#2839 = EDGE_LOOP ( 'NONE', ( #2457, #231, #2538, #3791 ) ) ;
#2840 = CARTESIAN_POINT ( 'NONE',  ( -0.6785254037844389300, -1.175240473580835500, 0.02083333333333364400 ) ) ;
#2841 = CARTESIAN_POINT ( 'NONE',  ( -1.017788105676658000, 0.5876202367904178600, -4.166666666666667000 ) ) ;
#2842 = ORIENTED_EDGE ( 'NONE', *, *, #2586, .T. ) ;
#2843 = CARTESIAN_POINT ( 'NONE',  ( 0.0000000000000000000, 0.0000000000000000000, 2.350000000000000500 ) ) ;
#2844 = DIRECTION ( 'NONE',  ( -0.0000000000000000000, 1.178500973792491200E-056, -1.000000000000000000 ) ) ;
#2845 = EDGE_CURVE ( 'NONE', #2331, #1221, #1828, .T. ) ;
#2846 = CARTESIAN_POINT ( 'NONE',  ( 0.08096564454287164000, -1.494710258218029200, -5.180530215362798800 ) ) ;
#2847 = CARTESIAN_POINT ( 'NONE',  ( -1.439254484199189600E-016, -1.175240473580835500, -3.937500000000000000 ) ) ;
#2848 = CARTESIAN_POINT ( 'NONE',  ( 0.0000000000000000000, 1.500000000000000900, -3.999999999999981800 ) ) ;
#2849 = CARTESIAN_POINT ( 'NONE',  ( 1.322475605676658400, 0.7635316469341306700, -0.5364583333333558000 ) ) ;
#2850 = CARTESIAN_POINT ( 'NONE',  ( -1.017788105676658200, -0.5876202367904175300, -2.520833333333333000 ) ) ;
#2851 = AXIS2_PLACEMENT_3D ( 'NONE', #1481, #2071, #895 ) ;
#2852 = DIRECTION ( 'NONE',  ( -0.0000000000000000000, 1.178500973792491200E-056, -1.000000000000000000 ) ) ;
#2853 = FACE_OUTER_BOUND ( 'NONE', #2879, .T. ) ;
#2854 = CARTESIAN_POINT ( 'NONE',  ( 0.0000000000000000000, 0.0000000000000000000, 5.500000000000000000 ) ) ;
#2855 = CARTESIAN_POINT ( 'NONE',  ( 1.017788105676658200, 0.5876202367904168600, 0.7291666666666670700 ) ) ;
#2856 = CARTESIAN_POINT ( 'NONE',  ( 0.6785254037844393700, 1.175240473580835300, -4.791666666666667000 ) ) ;
#2857 = CARTESIAN_POINT ( 'NONE',  ( 1.017788105676658200, 0.5876202367904168600, 0.1666666666666665200 ) ) ;
#2858 = CARTESIAN_POINT ( 'NONE',  ( 0.6785254037844382600, -1.175240473580835700, 2.604166666666666100 ) ) ;
#2859 = CARTESIAN_POINT ( 'NONE',  ( 1.732050807568878500, -3.181725716174722500E-016, -1.124999999999981800 ) ) ;
#2860 = CARTESIAN_POINT ( 'NONE',  ( 1.299038105676658400, -0.7500000000000011100, -3.604166666666688700 ) ) ;
#2861 = CARTESIAN_POINT ( 'NONE',  ( 0.0000000000000000000, -2.600000000000000100, 2.500000000000000400 ) ) ;
#2862 = CARTESIAN_POINT ( 'NONE',  ( 1.017788105676657800, -0.5876202367904183000, -2.354166666666666500 ) ) ;
#2863 = APPLICATION_CONTEXT ( 'configuration controlled 3d designs of mechanical parts and assemblies' ) ;
#2864 = EDGE_CURVE ( 'NONE', #2316, #1903, #212, .T. ) ;
#2865 = CARTESIAN_POINT ( 'NONE',  ( 1.763300807568877000, -3.239131034884752100E-016, -1.078125000000022600 ) ) ;
#2866 = CONICAL_SURFACE ( 'NONE', #102, 1.175240473580835500, 0.7853981633974446200 ) ;
#2867 = CARTESIAN_POINT ( 'NONE',  ( 1.357050807568877200, -2.492861891654333800E-016, -1.312500000000000200 ) ) ;
#2868 = CARTESIAN_POINT ( 'NONE',  ( 1.836970198721030900E-016, -1.500000000000000900, -5.500000000000000000 ) ) ;
#2869 = ORIENTED_EDGE ( 'NONE', *, *, #1891, .F. ) ;
#2870 = CARTESIAN_POINT ( 'NONE',  ( -1.357050807568877200, 8.309539638847781400E-017, 1.937499999999999800 ) ) ;
#2871 = CARTESIAN_POINT ( 'NONE',  ( 1.017788105676657800, -0.5876202367904183000, -1.416666666666666700 ) ) ;
#2872 = CARTESIAN_POINT ( 'NONE',  ( -1.357050807568877200, 8.309539638847781400E-017, 0.3749999999999994400 ) ) ;
#2873 = CARTESIAN_POINT ( 'NONE',  ( 1.158933772172601900, 0.2464921935752473200, 2.162499999999997000 ) ) ;
#2874 = ORIENTED_EDGE ( 'NONE', *, *, #3552, .T. ) ;
#2875 = EDGE_LOOP ( 'NONE', ( #1944, #284, #2589, #3014, #2450 ) ) ;
#2876 = CARTESIAN_POINT ( 'NONE',  ( 1.357050807568877200, -2.492861891654334300E-016, -1.812499999999999800 ) ) ;
#2877 = CARTESIAN_POINT ( 'NONE',  ( 1.763300807568877000, -3.239131034884752100E-016, -0.07812500000002263500 ) ) ;
#2878 = CARTESIAN_POINT ( 'NONE',  ( -0.6785254037844389300, -1.175240473580835500, -1.979166666666666700 ) ) ;
#2879 = EDGE_LOOP ( 'NONE', ( #4, #3694, #1160, #1804 ) ) ;
#2880 = DIRECTION ( 'NONE',  ( 0.0000000000000000000, -1.000000000000000000, 0.0000000000000000000 ) ) ;
#2881 = CARTESIAN_POINT ( 'NONE',  ( -0.6785254037844389300, -1.175240473580835500, 1.020833333333333700 ) ) ;
#2882 = CARTESIAN_POINT ( 'NONE',  ( 0.6785254037844382600, -1.175240473580835700, -3.458333333333333000 ) ) ;
#2883 = CC_DESIGN_PERSON_AND_ORGANIZATION_ASSIGNMENT ( #1805, #1731, ( #1693 ) ) ;
#2884 = CARTESIAN_POINT ( 'NONE',  ( 1.017788105676657800, -0.5876202367904183000, 2.145833333333333000 ) ) ;
#2885 = ORIENTED_EDGE ( 'NONE', *, *, #2381, .T. ) ;
#2886 = CARTESIAN_POINT ( 'NONE',  ( -1.439254484199189600E-016, -1.175240473580835500, -1.500000000000000400 ) ) ;
#2887 = CARTESIAN_POINT ( 'NONE',  ( -0.8660254037844332700, 1.500000000000010700, 0.1041666666666444400 ) ) ;
#2888 = FACE_OUTER_BOUND ( 'NONE', #2257, .T. ) ;
#2889 = ORIENTED_EDGE ( 'NONE', *, *, #743, .T. ) ;
#2890 = CARTESIAN_POINT ( 'NONE',  ( -1.017788105676658200, -0.5876202367904175300, 1.479166666666666700 ) ) ;
#2891 = CARTESIAN_POINT ( 'NONE',  ( 0.6785254037844382600, -1.175240473580835500, -1.395833333333333000 ) ) ;
#2892 = CARTESIAN_POINT ( 'NONE',  ( 0.8816504037844380400, -1.527063293868264000, 1.338541666666644100 ) ) ;
#2893 = CARTESIAN_POINT ( 'NONE',  ( 0.6785254037844382600, -1.175240473580835700, -3.395833333333333000 ) ) ;
#2894 = EDGE_CURVE ( 'NONE', #1145, #3322, #3208, .T. ) ;
#2895 = DIRECTION ( 'NONE',  ( -0.0000000000000000000, 1.178500973792491200E-056, -1.000000000000000000 ) ) ;
#2896 = CARTESIAN_POINT ( 'NONE',  ( -1.017788105676658000, 0.5876202367904178600, 2.395833333333333000 ) ) ;
#2897 = CARTESIAN_POINT ( 'NONE',  ( -1.357050807568877200, 8.309539638847781400E-017, -2.125000000000000000 ) ) ;
#2898 = VECTOR ( 'NONE', #1911, 1000.000000000000000 ) ;
#2899 = CARTESIAN_POINT ( 'NONE',  ( 0.8816504037844380400, -1.527063293868264000, -4.192708333333314400 ) ) ;
#2900 = CARTESIAN_POINT ( 'NONE',  ( -1.439254484199189600E-016, -1.175240473580835500, -2.000000000000000000 ) ) ;
#2901 = PLANE ( 'NONE',  #2010 ) ;
#2902 = CARTESIAN_POINT ( 'NONE',  ( -1.836970198721030900E-016, -1.500000000000000900, -2.749999999999981300 ) ) ;
#2903 = CARTESIAN_POINT ( 'NONE',  ( -1.732050807568878500, 1.060575238724907400E-016, -0.3125000000000217600 ) ) ;
#2904 = CARTESIAN_POINT ( 'NONE',  ( -0.6785254037844389300, -1.175240473580835300, -1.979166666666666700 ) ) ;
#2905 = PLANE ( 'NONE',  #1158 ) ;
#2906 = CARTESIAN_POINT ( 'NONE',  ( 0.8816504037844392600, 1.527063293868263100, 1.005208333333310200 ) ) ;
#2907 = CARTESIAN_POINT ( 'NONE',  ( -1.249999999999999600, -0.7216878364870322700, -1.318813079129866200 ) ) ;
#2908 = CARTESIAN_POINT ( 'NONE',  ( 1.250000000000000000, 0.4924713528083590200, 5.286866629111074200 ) ) ;
#2909 = CARTESIAN_POINT ( 'NONE',  ( 1.017788105676658200, 0.5876202367904168600, -4.833333333333333900 ) ) ;
#2910 = CARTESIAN_POINT ( 'NONE',  ( 1.017788105676658200, 0.5876202367904168600, -2.333333333333333500 ) ) ;
#2911 = CARTESIAN_POINT ( 'NONE',  ( 1.322475605676657300, -0.7635316469341323400, -5.151041666666647400 ) ) ;
#2912 = CARTESIAN_POINT ( 'NONE',  ( 1.357050807568877200, -2.492861891654334300E-016, -1.375000000000000400 ) ) ;
#2913 = CARTESIAN_POINT ( 'NONE',  ( 1.299038105676659300, 0.7499999999999993300, -2.083333333333315300 ) ) ;
#2914 = VECTOR ( 'NONE', #3095, 1000.000000000000000 ) ;
#2915 = CARTESIAN_POINT ( 'NONE',  ( 1.250000000000000200, 0.7216878364870319400, 3.500000000000000400 ) ) ;
#2916 = B_SPLINE_CURVE_WITH_KNOTS ( 'NONE', 3,
 ( #2424, #3580, #2101, #646, #2124, #946 ),
 .UNSPECIFIED., .F., .F.,
 ( 4, 2, 4 ),
 ( 0.0007647701669575294100, 0.001138845728486599000, 0.001512921290015668600 ),
 .UNSPECIFIED. ) ;
#2917 = CARTESIAN_POINT ( 'NONE',  ( 1.357050807568877200, -2.492861891654334300E-016, -1.312500000000000200 ) ) ;
#2918 = ORIENTED_EDGE ( 'NONE', *, *, #856, .F. ) ;
#2919 = CARTESIAN_POINT ( 'NONE',  ( 2.575872105785769600E-011, -1.467524047359166000, 2.331250000000623800 ) ) ;
#2920 = CARTESIAN_POINT ( 'NONE',  ( 1.732050807568878500, -3.181725716174722500E-016, -4.624999999999980500 ) ) ;
#2921 = CARTESIAN_POINT ( 'NONE',  ( -1.017788105676658000, 0.5876202367904178600, -5.104166666666667000 ) ) ;
#2922 = CARTESIAN_POINT ( 'NONE',  ( 0.6785254037844393700, 1.175240473580835300, -4.791666666666667000 ) ) ;
#2923 = CARTESIAN_POINT ( 'NONE',  ( -1.017788105676658000, 0.5876202367904178600, -2.666666666666666500 ) ) ;
#2924 = VERTEX_POINT ( 'NONE', #3660 ) ;
#2925 = CARTESIAN_POINT ( 'NONE',  ( 0.0000000000000000000, 1.527063293868263300, -4.984374999999980500 ) ) ;
#2926 = EDGE_CURVE ( 'NONE', #1851, #1110, #3109, .T. ) ;
#2927 = CARTESIAN_POINT ( 'NONE',  ( -1.732050807568878500, 1.060575238724907400E-016, -1.812500000000021300 ) ) ;
#2928 = CALENDAR_DATE ( 2025, 16, 7 ) ;
#2929 = CARTESIAN_POINT ( 'NONE',  ( -1.836970198721030900E-016, -1.500000000000000900, -2.187500000000021300 ) ) ;
#2930 = ORIENTED_EDGE ( 'NONE', *, *, #1646, .T. ) ;
#2931 = CARTESIAN_POINT ( 'NONE',  ( 1.299038105676658400, -0.7500000000000011100, 0.8333333333333518000 ) ) ;
#2932 = LINE ( 'NONE', #735, #3525 ) ;
#2933 = ORIENTED_EDGE ( 'NONE', *, *, #447, .F. ) ;
#2934 = CARTESIAN_POINT ( 'NONE',  ( -1.017788105676658000, 0.5876202367904178600, -1.104166666666666500 ) ) ;
#2935 =( BOUNDED_CURVE ( )  B_SPLINE_CURVE ( 2, ( #527, #2323, #1968, #2920, #478, #3487, #1112 ),
 .UNSPECIFIED., .F., .T. ) 
 B_SPLINE_CURVE_WITH_KNOTS ( ( 3, 2, 2, 3 ),
 ( 0.8823529411764704500, 0.8921568627450978700, 0.9019607843137253900, 0.9117647058823528100 ),
 .UNSPECIFIED. ) 
 CURVE ( )  GEOMETRIC_REPRESENTATION_ITEM ( )  RATIONAL_B_SPLINE_CURVE ( ( 1.000000000000001600, 0.8660254037844371500, 1.000000000000000000, 0.8660254037844387100, 1.000000000000000000, 0.8660254037844402600, 0.9999999999999984500 ) ) 
 REPRESENTATION_ITEM ( '' )  );
#2936 = CARTESIAN_POINT ( 'NONE',  ( -0.8660254037844448100, 1.499999999999990700, -3.958333333333313500 ) ) ;
#2937 = ORIENTED_EDGE ( 'NONE', *, *, #1667, .F. ) ;
#2938 = CYLINDRICAL_SURFACE ( 'NONE', #2278, 1.500000000000000900 ) ;
#2939 = CARTESIAN_POINT ( 'NONE',  ( 1.357050807568877200, -2.492861891654333800E-016, -3.874999999999999600 ) ) ;
#2940 = CARTESIAN_POINT ( 'NONE',  ( -1.357050807568877200, 8.309539638847781400E-017, -1.125000000000000000 ) ) ;
#2941 = CARTESIAN_POINT ( 'NONE',  ( 1.763300807568877000, -3.239131034884752100E-016, -4.609374999999981300 ) ) ;
#2942 = ORIENTED_EDGE ( 'NONE', *, *, #3269, .T. ) ;
#2943 = CARTESIAN_POINT ( 'NONE',  ( 1.017788105676658200, 0.5876202367904168600, 1.166666666666666500 ) ) ;
#2944 = CARTESIAN_POINT ( 'NONE',  ( 0.4430797455704273400, 1.165503555317022300, 2.192259379406015500 ) ) ;
#2945 = CARTESIAN_POINT ( 'NONE',  ( 0.0000000000000000000, 1.500000000000000900, -2.499999999999981300 ) ) ;
#2946 = ADVANCED_FACE ( 'NONE', ( #3013 ), #505, .T. ) ;
#2947 = DIRECTION ( 'NONE',  ( 0.0000000000000000000, 1.000000000000000000, 0.0000000000000000000 ) ) ;
#2948 = CARTESIAN_POINT ( 'NONE',  ( 1.017788105676658200, 0.5876202367904168600, 2.729166666666666100 ) ) ;
#2949 = CARTESIAN_POINT ( 'NONE',  ( 0.0000000000000000000, 1.175240473580835500, -0.2500000000000002200 ) ) ;
#2950 = CARTESIAN_POINT ( 'NONE',  ( -1.322475605676657800, 0.7635316469341318900, -1.901041666666647200 ) ) ;
#2951 = CARTESIAN_POINT ( 'NONE',  ( 0.0000000000000000000, 1.175240473580835500, 1.250000000000000200 ) ) ;
#2952 = CARTESIAN_POINT ( 'NONE',  ( 0.0000000000000000000, 1.296351071171740300E-055, -5.500000000000000000 ) ) ;
#2953 = CARTESIAN_POINT ( 'NONE',  ( 0.0000000000000000000, 1.296351071171740100E-055, -5.499999999999998200 ) ) ;
#2954 =( BOUNDED_CURVE ( )  B_SPLINE_CURVE ( 2, ( #2559, #2584, #1973, #3724, #1935, #1402, #462 ),
 .UNSPECIFIED., .F., .T. ) 
 B_SPLINE_CURVE_WITH_KNOTS ( ( 3, 2, 2, 3 ),
 ( 0.7352941176470586500, 0.7450980392156860700, 0.7549019607843136000, 0.7647058823529410100 ),
 .UNSPECIFIED. ) 
 CURVE ( )  GEOMETRIC_REPRESENTATION_ITEM ( )  RATIONAL_B_SPLINE_CURVE ( ( 1.000000000000003100, 0.8660254037844357100, 1.000000000000000000, 0.8660254037844387100, 1.000000000000000000, 0.8660254037844402600, 0.9999999999999984500 ) ) 
 REPRESENTATION_ITEM ( '' )  );
#2955 = CARTESIAN_POINT ( 'NONE',  ( 0.0000000000000000000, 1.296351071171740300E-055, -5.500000000000000000 ) ) ;
#2956 = FACE_OUTER_BOUND ( 'NONE', #2629, .T. ) ;
#2957 = CARTESIAN_POINT ( 'NONE',  ( 0.0000000000000000000, 1.175240473580835500, -5.750000000000000000 ) ) ;
#2958 = CARTESIAN_POINT ( 'NONE',  ( 0.0000000000000000000, 1.175240473580835500, 0.2500000000000002200 ) ) ;
#2959 = CARTESIAN_POINT ( 'NONE',  ( 0.8816504037844392600, 1.527063293868263100, -3.026041666666647000 ) ) ;
#2960 = CARTESIAN_POINT ( 'NONE',  ( -1.299038105676658700, 0.7500000000000005600, -4.854166666666688300 ) ) ;
#2961 = FACE_OUTER_BOUND ( 'NONE', #2875, .T. ) ;
#2962 = CARTESIAN_POINT ( 'NONE',  ( -1.299038105676658700, 0.7500000000000005600, 0.5833333333333514700 ) ) ;
#2963 = ORIENTED_EDGE ( 'NONE', *, *, #3395, .F. ) ;
#2964 = EDGE_CURVE ( 'NONE', #3322, #3464, #1567, .T. ) ;
#2965 = ORIENTED_EDGE ( 'NONE', *, *, #1967, .T. ) ;
#2966 = CARTESIAN_POINT ( 'NONE',  ( 0.8660254037844400400, 1.500000000000000700, -3.979166666666689200 ) ) ;
#2967 = CARTESIAN_POINT ( 'NONE',  ( -1.732050807568878500, 1.060575238724907400E-016, 0.1250000000000184000 ) ) ;
#2968 = CARTESIAN_POINT ( 'NONE',  ( -1.439254484199189600E-016, -1.175240473580835500, -3.000000000000000000 ) ) ;
#2969 = CARTESIAN_POINT ( 'NONE',  ( 0.6785254037844393700, 1.175240473580835300, -0.7916666666666671800 ) ) ;
#2970 = CARTESIAN_POINT ( 'NONE',  ( 0.0000000000000000000, 1.527063293868263300, -0.4843749999999804600 ) ) ;
#2971 = ORIENTED_EDGE ( 'NONE', *, *, #893, .F. ) ;
#2972 = CARTESIAN_POINT ( 'NONE',  ( 0.0000000000000000000, 1.500000000000000900, -1.937500000000021500 ) ) ;
#2973 = CYLINDRICAL_SURFACE ( 'NONE', #2495, 1.500000000000000900 ) ;
#2974 = ORIENTED_EDGE ( 'NONE', *, *, #1614, .F. ) ;
#2975 =( BOUNDED_CURVE ( )  B_SPLINE_CURVE ( 2, ( #317, #1215, #350, #1240, #1542, #34, #341 ),
 .UNSPECIFIED., .F., .T. ) 
 B_SPLINE_CURVE_WITH_KNOTS ( ( 3, 2, 2, 3 ),
 ( 0.7941176470588234800, 0.8039215686274510100, 0.8137254901960784300, 0.8235294117647058400 ),
 .UNSPECIFIED. ) 
 CURVE ( )  GEOMETRIC_REPRESENTATION_ITEM ( )  RATIONAL_B_SPLINE_CURVE ( ( 1.000000000000000000, 0.8660254037844387100, 1.000000000000000000, 0.8660254037844387100, 1.000000000000000000, 0.8660254037844387100, 1.000000000000000000 ) ) 
 REPRESENTATION_ITEM ( '' )  );
#2976 = ORIENTED_EDGE ( 'NONE', *, *, #420, .F. ) ;
#2977 = CARTESIAN_POINT ( 'NONE',  ( 1.299038105676658400, -0.7500000000000011100, -4.104166666666688300 ) ) ;
#2978 = ADVANCED_FACE ( 'NONE', ( #2231 ), #3, .T. ) ;
#2979 = CARTESIAN_POINT ( 'NONE',  ( -1.439254484199189600E-016, -1.175240473580835500, -5.000000000000000000 ) ) ;
#2980 = CARTESIAN_POINT ( 'NONE',  ( -0.6785254037844384900, 1.175240473580835700, -1.208333333333333000 ) ) ;
#2981 = CARTESIAN_POINT ( 'NONE',  ( 0.6785254037844393700, 1.175240473580835300, 0.2083333333333329500 ) ) ;
#2982 = CARTESIAN_POINT ( 'NONE',  ( 0.8816504037844392600, 1.527063293868263100, -2.526041666666647400 ) ) ;
#2983 = CARTESIAN_POINT ( 'NONE',  ( -0.8660254037844396000, -1.500000000000000700, -1.229166666666688100 ) ) ;
#2984 = CARTESIAN_POINT ( 'NONE',  ( -0.1850352140565922900, 1.340081676074174100, -5.335158797506681900 ) ) ;
#2985 = EDGE_CURVE ( 'NONE', #1110, #782, #1769, .T. ) ;
#2986 = CARTESIAN_POINT ( 'NONE',  ( 0.8660254037844370400, -1.500000000000003100, -4.145833333333353500 ) ) ;
#2987 = EDGE_CURVE ( 'NONE', #394, #3518, #2516, .T. ) ;
#2988 = CARTESIAN_POINT ( 'NONE',  ( -1.357050807568877200, 8.309539638847781400E-017, -1.125000000000000000 ) ) ;
#2989 = CARTESIAN_POINT ( 'NONE',  ( -1.322475605676657800, -0.7635316469341314500, -4.786458333333356100 ) ) ;
#2990 = CARTESIAN_POINT ( 'NONE',  ( -1.763300807568877000, 1.079710344961584000E-016, -1.859374999999980700 ) ) ;
#2991 = CARTESIAN_POINT ( 'NONE',  ( 0.0000000000000000000, 1.500000000000000900, -1.999999999999981300 ) ) ;
#2992 = MANIFOLD_SOLID_BREP ( 'Revolve2', #2333 ) ;
#2993 = CARTESIAN_POINT ( 'NONE',  ( 1.763300807568877000, -3.239131034884752100E-016, 2.421874999999978200 ) ) ;
#2994 = ADVANCED_FACE ( 'NONE', ( #1478 ), #2640, .T. ) ;
#2995 = CARTESIAN_POINT ( 'NONE',  ( 1.634517816638205000E-016, 1.175240473580835500, -5.499999999999998200 ) ) ;
#2996 = CONICAL_SURFACE ( 'NONE', #349, 1732.050807568857200, 1.047197551196592700 ) ;
#2997 = CARTESIAN_POINT ( 'NONE',  ( -0.8660254037844391500, 1.500000000000000700, -4.895833333333355200 ) ) ;
#2998 = CARTESIAN_POINT ( 'NONE',  ( 0.6785254037844393700, 1.175240473580835300, -1.791666666666667000 ) ) ;
#2999 = CARTESIAN_POINT ( 'NONE',  ( 1.357050807568877200, -2.492861891654333800E-016, 2.625000000000000400 ) ) ;
#3000 = ORIENTED_EDGE ( 'NONE', *, *, #2242, .F. ) ;
#3001 = CARTESIAN_POINT ( 'NONE',  ( 0.8816504037844380400, -1.527063293868264000, 1.807291666666686300 ) ) ;
#3002 = CARTESIAN_POINT ( 'NONE',  ( 1.220666826871188200, 0.3897850095641411900, -5.404517514328935200 ) ) ;
#3003 = ORIENTED_EDGE ( 'NONE', *, *, #1507, .T. ) ;
#3004 = DATE_AND_TIME ( #2129, #1193 ) ;
#3005 = ORIENTED_EDGE ( 'NONE', *, *, #3484, .F. ) ;
#3006 = EDGE_CURVE ( 'NONE', #669, #1388, #160, .T. ) ;
#3007 = CARTESIAN_POINT ( 'NONE',  ( -1.836970198721030900E-016, -1.500000000000000900, -3.187500000000021800 ) ) ;
#3008 = CARTESIAN_POINT ( 'NONE',  ( -1.017788105676658000, 0.5876202367904178600, -4.666666666666666100 ) ) ;
#3009 = ORIENTED_EDGE ( 'NONE', *, *, #1556, .T. ) ;
#3010 = CARTESIAN_POINT ( 'NONE',  ( 0.6785254037844382600, -1.175240473580835700, -0.9583333333333337000 ) ) ;
#3011 = CARTESIAN_POINT ( 'NONE',  ( -1.763300807568877000, 1.079710344961584000E-016, -5.828125000000023100 ) ) ;
#3012 = CARTESIAN_POINT ( 'NONE',  ( 0.8816504037844392600, 1.527063293868263100, 0.9739583333333525800 ) ) ;
#3013 = FACE_OUTER_BOUND ( 'NONE', #1806, .T. ) ;
#3014 = ORIENTED_EDGE ( 'NONE', *, *, #1450, .T. ) ;
#3015 = CARTESIAN_POINT ( 'NONE',  ( -1.836970198721030900E-016, -1.500000000000000900, -1.749999999999981600 ) ) ;
#3016 = CARTESIAN_POINT ( 'NONE',  ( -0.8742844498189277200, 1.069159284781256100, -5.306466525597933500 ) ) ;
#3017 =( BOUNDED_CURVE ( )  B_SPLINE_CURVE ( 2, ( #403, #2760, #3364, #379, #3691, #2510, #668 ),
 .UNSPECIFIED., .F., .T. ) 
 B_SPLINE_CURVE_WITH_KNOTS ( ( 3, 2, 2, 3 ),
 ( 0.9117647058823529200, 0.9215686274509803400, 0.9313725490196078600, 0.9411764705882352800 ),
 .UNSPECIFIED. ) 
 CURVE ( )  GEOMETRIC_REPRESENTATION_ITEM ( )  RATIONAL_B_SPLINE_CURVE ( ( 1.000000000000000000, 0.8660254037844387100, 1.000000000000000000, 0.8660254037844387100, 1.000000000000000000, 0.8660254037844387100, 1.000000000000000000 ) ) 
 REPRESENTATION_ITEM ( '' )  );
#3018 = CARTESIAN_POINT ( 'NONE',  ( 1.009330062345442600, -0.7115177289391585400, -5.451174880429764600 ) ) ;
#3019 = CARTESIAN_POINT ( 'NONE',  ( 1.017788105676658200, 0.5876202367904168600, -0.7708333333333334800 ) ) ;
#3020 = ORIENTED_EDGE ( 'NONE', *, *, #2679, .T. ) ;
#3021 = CARTESIAN_POINT ( 'NONE',  ( 1.551628848447119000, -6.481755355858701300E-056, 5.500000000000000000 ) ) ;
#3022 = CARTESIAN_POINT ( 'NONE',  ( 1.017788105676657800, -0.5876202367904183000, 1.645833333333333300 ) ) ;
#3023 = CARTESIAN_POINT ( 'NONE',  ( -0.6785254037844389300, -1.175240473580835300, -4.541666666666667000 ) ) ;
#3024 = CARTESIAN_POINT ( 'NONE',  ( -1.439254484199189600E-016, -1.175240473580835500, 0.0000000000000000000 ) ) ;
#3025 = CARTESIAN_POINT ( 'NONE',  ( 1.322475605676657300, -0.7635316469341323400, -5.619791666666689200 ) ) ;
#3026 = CARTESIAN_POINT ( 'NONE',  ( -1.763300807568877000, 1.079710344961584000E-016, 0.6406250000000187600 ) ) ;
#3027 = CARTESIAN_POINT ( 'NONE',  ( 0.8660254037844443700, -1.499999999999991300, -1.708333333333314200 ) ) ;
#3028 = CARTESIAN_POINT ( 'NONE',  ( 0.4044126993943260600, -1.209887892115046700, 5.218916260448520600 ) ) ;
#3029 = CARTESIAN_POINT ( 'NONE',  ( 1.121107958840559900, -0.3525721420742978800, 2.162499999999996500 ) ) ;
#3030 = CARTESIAN_POINT ( 'NONE',  ( -0.8660254037844391500, 1.500000000000000700, -0.8958333333333550200 ) ) ;
#3031 = EDGE_CURVE ( 'NONE', #1388, #2227, #2001, .T. ) ;
#3032 = CARTESIAN_POINT ( 'NONE',  ( 0.0000000000000000000, 1.175240473580835500, -2.750000000000000000 ) ) ;
#3033 = EDGE_CURVE ( 'NONE', #2832, #1394, #3794, .T. ) ;
#3034 = CARTESIAN_POINT ( 'NONE',  ( 0.0000000000000000000, 1.175240473580835500, 0.7499999999999997800 ) ) ;
#3035 = CARTESIAN_POINT ( 'NONE',  ( -0.8816504037844382600, 1.527063293868263300, -5.411458333333355200 ) ) ;
#3036 =( BOUNDED_CURVE ( )  B_SPLINE_CURVE ( 2, ( #1796, #19, #1189, #576, #2070, #2059, #278 ),
 .UNSPECIFIED., .F., .T. ) 
 B_SPLINE_CURVE_WITH_KNOTS ( ( 3, 2, 2, 3 ),
 ( 0.2941176470588235400, 0.3039215686274509600, 0.3137254901960784300, 0.3235294117647059000 ),
 .UNSPECIFIED. ) 
 CURVE ( )  GEOMETRIC_REPRESENTATION_ITEM ( )  RATIONAL_B_SPLINE_CURVE ( ( 1.000000000000000000, 0.8660254037844387100, 1.000000000000000000, 0.8660254037844387100, 1.000000000000000000, 0.8660254037844387100, 1.000000000000000000 ) ) 
 REPRESENTATION_ITEM ( '' )  );
#3037 = CARTESIAN_POINT ( 'NONE',  ( 0.0000000000000000000, 1.527063293868263300, 1.015625000000019100 ) ) ;
#3038 = CARTESIAN_POINT ( 'NONE',  ( -1.299038105676658700, -0.7500000000000001100, 2.166666666666684700 ) ) ;
#3039 = CARTESIAN_POINT ( 'NONE',  ( 0.8660254037844329300, -1.500000000000010900, -1.645833333333355200 ) ) ;
#3040 = VECTOR ( 'NONE', #1547, 1000.000000000000000 ) ;
#3041 = CARTESIAN_POINT ( 'NONE',  ( -1.763300807568877000, 1.079710344961584000E-016, 2.171874999999977800 ) ) ;
#3042 = AXIS2_PLACEMENT_3D ( 'NONE', #3510, #2282, #3760 ) ;
#3043 = CARTESIAN_POINT ( 'NONE',  ( -1.017788105676658200, -0.5876202367904175300, -0.02083333333333364100 ) ) ;
#3044 = CARTESIAN_POINT ( 'NONE',  ( -1.836970198721030900E-016, -1.500000000000000900, 1.812499999999978200 ) ) ;
#3045 = VERTEX_POINT ( 'NONE', #1553 ) ;
#3046 = CARTESIAN_POINT ( 'NONE',  ( 0.0000000000000000000, 1.500000000000000900, 1.000000000000018200 ) ) ;
#3047 = CARTESIAN_POINT ( 'NONE',  ( -0.6785254037844389300, -1.175240473580835300, -2.541666666666666500 ) ) ;
#3048 = CARTESIAN_POINT ( 'NONE',  ( 1.017788105676657800, -0.5876202367904183000, 0.08333333333333282900 ) ) ;
#3049 = CARTESIAN_POINT ( 'NONE',  ( -0.8816504037844389300, -1.527063293868263100, -3.744791666666689200 ) ) ;
#3050 = CARTESIAN_POINT ( 'NONE',  ( -0.8816504037844389300, -1.527063293868263100, 0.7239583333333524700 ) ) ;
#3051 = VERTEX_POINT ( 'NONE', #1041 ) ;
#3052 = EDGE_CURVE ( 'NONE', #2496, #2765, #3565, .T. ) ;
#3053 = CARTESIAN_POINT ( 'NONE',  ( 0.0000000000000000000, 1.296351071171740300E-055, -5.500000000000000000 ) ) ;
#3054 = COORDINATED_UNIVERSAL_TIME_OFFSET ( 6, 0, .BEHIND. ) ;
#3055 = DIRECTION ( 'NONE',  ( -0.0000000000000000000, 1.178500973792491200E-056, -1.000000000000000000 ) ) ;
#3056 = ORIENTED_EDGE ( 'NONE', *, *, #2786, .F. ) ;
#3057 = CARTESIAN_POINT ( 'NONE',  ( 1.017788105676658200, 0.5876202367904168600, 0.2291666666666665700 ) ) ;
#3058 = VECTOR ( 'NONE', #3349, 1000.000000000000100 ) ;
#3059 = CARTESIAN_POINT ( 'NONE',  ( -1.017788105676658000, 0.5876202367904178600, 0.8958333333333335900 ) ) ;
#3060 = ORIENTED_EDGE ( 'NONE', *, *, #963, .T. ) ;
#3061 = CARTESIAN_POINT ( 'NONE',  ( 0.6785254037844393700, 1.175240473580835300, -5.229166666666667000 ) ) ;
#3062 = LINE ( 'NONE', #766, #883 ) ;
#3063 = CARTESIAN_POINT ( 'NONE',  ( 0.0000000000000000000, 1.175240473580835500, -2.250000000000000000 ) ) ;
#3064 = EDGE_LOOP ( 'NONE', ( #2842, #907, #3283, #3428 ) ) ;
#3065 = CARTESIAN_POINT ( 'NONE',  ( -1.017788105676658000, 0.5876202367904178600, -0.1666666666666665200 ) ) ;
#3066 = CARTESIAN_POINT ( 'NONE',  ( -1.322475605676657800, 0.7635316469341318900, -2.369791666666689200 ) ) ;
#3067 = CARTESIAN_POINT ( 'NONE',  ( -0.6785254037844389300, -1.175240473580835500, -4.479166666666666100 ) ) ;
#3068 =( BOUNDED_CURVE ( )  B_SPLINE_CURVE ( 2, ( #3071, #1004, #1297, #711, #3366, #1597, #119 ),
 .UNSPECIFIED., .F., .T. ) 
 B_SPLINE_CURVE_WITH_KNOTS ( ( 3, 2, 2, 3 ),
 ( 0.8235294117647057300, 0.8333333333333332600, 0.8431372549019605600, 0.8529411764705879800 ),
 .UNSPECIFIED. ) 
 CURVE ( )  GEOMETRIC_REPRESENTATION_ITEM ( )  RATIONAL_B_SPLINE_CURVE ( ( 1.000000000000001600, 0.8660254037844371500, 1.000000000000000000, 0.8660254037844387100, 1.000000000000000000, 0.8660254037844417100, 0.9999999999999970000 ) ) 
 REPRESENTATION_ITEM ( '' )  );
#3069 = CARTESIAN_POINT ( 'NONE',  ( -1.836970198721030900E-016, -1.500000000000000900, -1.249999999999981800 ) ) ;
#3070 = CARTESIAN_POINT ( 'NONE',  ( 0.6785254037844393700, 1.175240473580835300, -0.2291666666666666000 ) ) ;
#3071 = CARTESIAN_POINT ( 'NONE',  ( 0.0000000000000000000, 1.500000000000000900, -3.999999999999981800 ) ) ;
#3072 = CC_DESIGN_PERSON_AND_ORGANIZATION_ASSIGNMENT ( #2272, #2023, ( #1693 ) ) ;
#3073 = CARTESIAN_POINT ( 'NONE',  ( 0.0000000000000000000, 1.175240473580835500, -4.687500000000000000 ) ) ;
#3074 = CARTESIAN_POINT ( 'NONE',  ( 0.0000000000000000000, 1.175240473580835500, -3.750000000000000000 ) ) ;
#3075 = CARTESIAN_POINT ( 'NONE',  ( 0.6785254037844393700, 1.175240473580835300, 0.2083333333333329500 ) ) ;
#3076 = CARTESIAN_POINT ( 'NONE',  ( 1.763300807568877000, -3.239131034884752100E-016, -4.578125000000023100 ) ) ;
#3077 = CARTESIAN_POINT ( 'NONE',  ( 1.763300807568877000, -3.239131034884752100E-016, 2.890625000000019500 ) ) ;
#3078 = CARTESIAN_POINT ( 'NONE',  ( 0.0000000000000000000, 1.500000000000000900, -5.500000000000000000 ) ) ;
#3079 = CARTESIAN_POINT ( 'NONE',  ( -1.249999999999999600, -0.7216878364870322700, 3.500000000000000400 ) ) ;
#3080 = CARTESIAN_POINT ( 'NONE',  ( -1.357050807568877200, 8.309539638847781400E-017, -2.062500000000000000 ) ) ;
#3081 = EDGE_CURVE ( 'NONE', #2399, #2761, #1294, .T. ) ;
#3082 = CARTESIAN_POINT ( 'NONE',  ( -1.357050807568877200, 8.309539638847781400E-017, 1.937499999999999800 ) ) ;
#3083 = CARTESIAN_POINT ( 'NONE',  ( 1.357050807568877200, -2.492861891654334300E-016, 1.187500000000000200 ) ) ;
#3084 = CARTESIAN_POINT ( 'NONE',  ( 1.017788105676657800, -0.5876202367904183000, -4.354166666666667000 ) ) ;
#3085 = CARTESIAN_POINT ( 'NONE',  ( 1.017788105676657800, -0.5876202367904183000, -2.854166666666667000 ) ) ;
#3086 = CARTESIAN_POINT ( 'NONE',  ( -0.8816504037844389300, -1.527063293868263100, -2.744791666666689200 ) ) ;
#3087 = CARTESIAN_POINT ( 'NONE',  ( 1.322475605676658400, 0.7635316469341306700, 2.932291666666685600 ) ) ;
#3088 = CARTESIAN_POINT ( 'NONE',  ( 0.6841100080454264300, -1.334913291900298400, 2.349999999999999600 ) ) ;
#3089 = CARTESIAN_POINT ( 'NONE',  ( -1.836970198721030900E-016, -1.500000000000000900, -2.187500000000021300 ) ) ;
#3090 = ORIENTED_EDGE ( 'NONE', *, *, #2515, .T. ) ;
#3091 = CARTESIAN_POINT ( 'NONE',  ( 1.017788105676658200, 0.5876202367904168600, -0.7708333333333334800 ) ) ;
#3092 = CARTESIAN_POINT ( 'NONE',  ( 0.0000000000000000000, 1.175240473580835500, -5.750000000000000000 ) ) ;
#3093 = AXIS2_PLACEMENT_3D ( 'NONE', #1899, #748, #143 ) ;
#3094 = CARTESIAN_POINT ( 'NONE',  ( -1.357050807568877200, 8.309539638847781400E-017, -0.06250000000000005600 ) ) ;
#3095 = DIRECTION ( 'NONE',  ( 8.659560562354957500E-017, -0.7071067811865495700, -0.7071067811865454600 ) ) ;
#3096 = ORIENTED_EDGE ( 'NONE', *, *, #3818, .T. ) ;
#3097 = PERSON_AND_ORGANIZATION ( #850, #3642 ) ;
#3098 = CARTESIAN_POINT ( 'NONE',  ( 0.6785254037844393700, 1.175240473580835300, -4.229166666666666100 ) ) ;
#3099 = ORIENTED_EDGE ( 'NONE', *, *, #3576, .F. ) ;
#3100 = CARTESIAN_POINT ( 'NONE',  ( 0.0000000000000000000, 1.175240473580835500, -4.687500000000000000 ) ) ;
#3101 = CARTESIAN_POINT ( 'NONE',  ( -0.8816504037844382600, 1.527063293868263300, -4.411458333333356100 ) ) ;
#3102 = CARTESIAN_POINT ( 'NONE',  ( -1.439254484199189600E-016, -1.175240473580835500, -3.937500000000000000 ) ) ;
#3103 = SHAPE_DEFINITION_REPRESENTATION ( #3756, #781 ) ;
#3104 = ORIENTED_EDGE ( 'NONE', *, *, #3509, .T. ) ;
#3105 = CARTESIAN_POINT ( 'NONE',  ( 0.0000000000000000000, 1.500000000000000900, -4.499999999999981300 ) ) ;
#3106 = CARTESIAN_POINT ( 'NONE',  ( -1.836970198721030900E-016, -1.500000000000000900, -3.187500000000021800 ) ) ;
#3107 = CARTESIAN_POINT ( 'NONE',  ( -1.357050807568877200, 8.309539638847781400E-017, -2.562500000000000400 ) ) ;
#3108 = CARTESIAN_POINT ( 'NONE',  ( -1.017788105676658200, -0.5876202367904175300, -5.583333333333333000 ) ) ;
#3109 = LINE ( 'NONE', #2465, #1950 ) ;
#3110 = VERTEX_POINT ( 'NONE', #3746 ) ;
#3111 = CARTESIAN_POINT ( 'NONE',  ( -0.6785254037844389300, -1.175240473580835500, 2.520833333333333500 ) ) ;
#3112 = EDGE_CURVE ( 'NONE', #238, #2220, #785, .T. ) ;
#3113 = ORIENTED_EDGE ( 'NONE', *, *, #1732, .T. ) ;
#3114 = CARTESIAN_POINT ( 'NONE',  ( -0.6785254037844384900, 1.175240473580835700, -5.645833333333333900 ) ) ;
#3115 =( BOUNDED_CURVE ( )  B_SPLINE_CURVE ( 2, ( #2177, #976, #1907 ),
 .UNSPECIFIED., .F., .T. ) 
 B_SPLINE_CURVE_WITH_KNOTS ( ( 3, 3 ),
 ( 0.9705882352941176400, 0.9750325507034886000 ),
 .UNSPECIFIED. ) 
 CURVE ( )  GEOMETRIC_REPRESENTATION_ITEM ( )  RATIONAL_B_SPLINE_CURVE ( ( 1.000000000000000000, 0.9392666130326425800, 0.9335965648879978000 ) ) 
 REPRESENTATION_ITEM ( '' )  );
#3116 = CARTESIAN_POINT ( 'NONE',  ( 1.017788105676658200, 0.5876202367904168600, -4.770833333333333900 ) ) ;
#3117 = CARTESIAN_POINT ( 'NONE',  ( 0.0000000000000000000, 1.527063293868263300, -1.953125000000022600 ) ) ;
#3118 = CARTESIAN_POINT ( 'NONE',  ( 0.6785254037844393700, 1.175240473580835300, -4.729166666666666100 ) ) ;
#3119 = AXIS2_PLACEMENT_3D ( 'NONE', #695, #2777, #2792 ) ;
#3120 = DIRECTION ( 'NONE',  ( -0.0000000000000000000, 1.178500973792491200E-056, -1.000000000000000000 ) ) ;
#3121 = CARTESIAN_POINT ( 'NONE',  ( -1.299038105676658700, 0.7500000000000005600, -2.916666666666648300 ) ) ;
#3122 = CARTESIAN_POINT ( 'NONE',  ( -1.017788105676658200, -0.5876202367904175300, -0.5208333333333332600 ) ) ;
#3123 = CARTESIAN_POINT ( 'NONE',  ( -1.017788105676658200, -0.5876202367904175300, -5.083333333333333000 ) ) ;
#3124 = CARTESIAN_POINT ( 'NONE',  ( 0.0000000000000000000, 1.175240473580835500, 2.812499999999999100 ) ) ;
#3125 = CARTESIAN_POINT ( 'NONE',  ( 2.020667218593135000E-016, -1.650000000000001700, 2.500000000000000400 ) ) ;
#3126 = CARTESIAN_POINT ( 'NONE',  ( 1.017788105676658200, 0.5876202367904168600, -4.270833333333333000 ) ) ;
#3127 = CARTESIAN_POINT ( 'NONE',  ( 0.6785254037844382600, -1.175240473580835700, 2.541666666666666100 ) ) ;
#3128 = CARTESIAN_POINT ( 'NONE',  ( -0.8816504037844382600, 1.527063293868263300, -1.411458333333355900 ) ) ;
#3129 = CARTESIAN_POINT ( 'NONE',  ( 0.6785254037844393700, 1.175240473580835300, -3.729166666666666500 ) ) ;
#3130 = CARTESIAN_POINT ( 'NONE',  ( -0.8455873006056740000, -0.9551756173460491700, 5.218916260448520600 ) ) ;
#3131 = ADVANCED_FACE ( 'NONE', ( #83, #840 ), #751, .T. ) ;
#3132 = CARTESIAN_POINT ( 'NONE',  ( -0.8660254037844396000, -1.500000000000000700, 0.7708333333333119400 ) ) ;
#3133 = CARTESIAN_POINT ( 'NONE',  ( -0.6785254037844384900, 1.175240473580835700, 0.8541666666666663000 ) ) ;
#3134 = CARTESIAN_POINT ( 'NONE',  ( -1.439254484199189600E-016, -1.175240473580835500, -4.000000000000000000 ) ) ;
#3135 = LINE ( 'NONE', #2861, #389 ) ;
#3136 =( BOUNDED_CURVE ( )  B_SPLINE_CURVE ( 2, ( #1626, #146, #1905, #417, #3121, #467, #1420 ),
 .UNSPECIFIED., .F., .T. ) 
 B_SPLINE_CURVE_WITH_KNOTS ( ( 3, 2, 2, 3 ),
 ( 0.6764705882352939300, 0.6862745098039213500, 0.6960784313725488800, 0.7058823529411762900 ),
 .UNSPECIFIED. ) 
 CURVE ( )  GEOMETRIC_REPRESENTATION_ITEM ( )  RATIONAL_B_SPLINE_CURVE ( ( 1.000000000000003100, 0.8660254037844357100, 1.000000000000000000, 0.8660254037844387100, 1.000000000000000000, 0.8660254037844402600, 0.9999999999999984500 ) ) 
 REPRESENTATION_ITEM ( '' )  );
#3137 = CARTESIAN_POINT ( 'NONE',  ( -1.299038105676658700, 0.7500000000000005600, 2.145833333333311700 ) ) ;
#3138 = VERTEX_POINT ( 'NONE', #3419 ) ;
#3139 = CARTESIAN_POINT ( 'NONE',  ( 0.6785254037844382600, -1.175240473580835500, -3.395833333333333000 ) ) ;
#3140 = CARTESIAN_POINT ( 'NONE',  ( -1.357050807568877200, 8.309539638847781400E-017, 2.375000000000000400 ) ) ;
#3141 = CARTESIAN_POINT ( 'NONE',  ( -1.322475605676657800, 0.7635316469341318900, -0.8697916666666897200 ) ) ;
#3142 = CARTESIAN_POINT ( 'NONE',  ( -1.017788105676658000, 0.5876202367904178600, -2.604166666666666500 ) ) ;
#3143 = ORIENTED_EDGE ( 'NONE', *, *, #2894, .T. ) ;
#3144 = CARTESIAN_POINT ( 'NONE',  ( -1.836970198721030900E-016, -1.500000000000000900, -4.249999999999981300 ) ) ;
#3145 = CARTESIAN_POINT ( 'NONE',  ( 0.0000000000000000000, 1.175240473580835500, 1.812499999999999800 ) ) ;
#3146 = CARTESIAN_POINT ( 'NONE',  ( -1.732050807568878500, 1.060575238724907400E-016, -0.8125000000000214300 ) ) ;
#3147 = EDGE_LOOP ( 'NONE', ( #1202, #3278, #46, #497 ) ) ;
#3148 = CARTESIAN_POINT ( 'NONE',  ( 0.6785254037844392600, 1.175240473580835100, 0.2083333333333329500 ) ) ;
#3149 = CIRCLE ( 'NONE', #3608, 2.600000000000000100 ) ;
#3150 = ORIENTED_EDGE ( 'NONE', *, *, #3576, .T. ) ;
#3151 = ADVANCED_FACE ( 'NONE', ( #881 ), #1525, .F. ) ;
#3152 = FACE_OUTER_BOUND ( 'NONE', #1098, .T. ) ;
#3153 = CARTESIAN_POINT ( 'NONE',  ( -1.357050807568877200, 8.309539638847781400E-017, -0.5624999999999996700 ) ) ;
#3154 = VERTEX_POINT ( 'NONE', #158 ) ;
#3155 = CARTESIAN_POINT ( 'NONE',  ( 0.0000000000000000000, 2.600000000000000100, 2.500000000000000400 ) ) ;
#3156 = CARTESIAN_POINT ( 'NONE',  ( 1.322475605676657300, -0.7635316469341323400, -1.619791666666689600 ) ) ;
#3157 = CARTESIAN_POINT ( 'NONE',  ( -1.439254484199189600E-016, -1.175240473580835500, -2.437500000000000000 ) ) ;
#3158 = LINE ( 'NONE', #3252, #1956 ) ;
#3159 = EDGE_CURVE ( 'NONE', #3464, #1105, #2180, .T. ) ;
#3160 = CARTESIAN_POINT ( 'NONE',  ( -0.6785254037844389300, -1.175240473580835500, -2.979166666666666500 ) ) ;
#3161 = CARTESIAN_POINT ( 'NONE',  ( -1.249999999999999800, -0.2534697143641936300, 5.198371151552879400 ) ) ;
#3162 = ORIENTED_EDGE ( 'NONE', *, *, #1967, .F. ) ;
#3163 = CARTESIAN_POINT ( 'NONE',  ( -1.439254484199189600E-016, -1.175240473580835500, 2.062500000000000000 ) ) ;
#3164 = CARTESIAN_POINT ( 'NONE',  ( 1.357050807568877200, -2.492861891654333800E-016, -1.375000000000000400 ) ) ;
#3165 = CARTESIAN_POINT ( 'NONE',  ( 1.017788105676657800, -0.5876202367904183000, -0.9166666666666663000 ) ) ;
#3166 = DIRECTION ( 'NONE',  ( 0.0000000000000000000, 1.000000000000000000, 0.0000000000000000000 ) ) ;
#3167 = DIRECTION ( 'NONE',  ( 1.060575238724903700E-016, 0.8660254037844361500, 0.5000000000000043300 ) ) ;
#3168 = CARTESIAN_POINT ( 'NONE',  ( 0.6785254037844392600, 1.175240473580835100, -0.7291666666666671800 ) ) ;
#3169 = CARTESIAN_POINT ( 'NONE',  ( 1.322475605676658400, 0.7635316469341306700, 0.4635416666666442600 ) ) ;
#3170 = CARTESIAN_POINT ( 'NONE',  ( 1.017788105676657800, -0.5876202367904183000, -3.354166666666667000 ) ) ;
#3171 = CARTESIAN_POINT ( 'NONE',  ( 0.0000000000000000000, 1.500000000000000900, -0.4999999999999812400 ) ) ;
#3172 = ADVANCED_FACE ( 'NONE', ( #1440 ), #1980, .F. ) ;
#3173 = CARTESIAN_POINT ( 'NONE',  ( 0.8660254037844386000, -1.500000000000001100, -1.145833333333355200 ) ) ;
#3174 = CARTESIAN_POINT ( 'NONE',  ( -1.357050807568877200, 8.309539638847781400E-017, 0.9375000000000000000 ) ) ;
#3175 = CARTESIAN_POINT ( 'NONE',  ( -0.6785254037844384900, 1.175240473580835700, -2.708333333333333500 ) ) ;
#3176 = CARTESIAN_POINT ( 'NONE',  ( 1.322475605676658400, 0.7635316469341306700, -3.567708333333314400 ) ) ;
#3177 = CARTESIAN_POINT ( 'NONE',  ( 0.6785254037844382600, -1.175240473580835500, -0.4583333333333332000 ) ) ;
#3178 = DIRECTION ( 'NONE',  ( -0.0000000000000000000, 1.178500973792491200E-056, -1.000000000000000000 ) ) ;
#3179 = CARTESIAN_POINT ( 'NONE',  ( 1.299038105676658400, -0.7500000000000011100, 0.3958333333333116100 ) ) ;
#3180 = CARTESIAN_POINT ( 'NONE',  ( 3.103284636243910000E-016, -1.443375672974064300, 3.500000000000000400 ) ) ;
#3181 = CARTESIAN_POINT ( 'NONE',  ( 0.0000000000000000000, 1.175240473580835500, -0.1875000000000001700 ) ) ;
#3182 = EDGE_CURVE ( 'NONE', #2389, #2832, #1386, .T. ) ;
#3183 = CARTESIAN_POINT ( 'NONE',  ( 1.763300807568877000, -3.239131034884752100E-016, 1.421874999999977100 ) ) ;
#3184 = CARTESIAN_POINT ( 'NONE',  ( -1.017788105676658200, -0.5876202367904175300, -3.520833333333333500 ) ) ;
#3185 = CARTESIAN_POINT ( 'NONE',  ( 1.299038105676658400, -0.7500000000000011100, -1.104166666666688100 ) ) ;
#3186 = ORIENTED_EDGE ( 'NONE', *, *, #743, .F. ) ;
#3187 = CARTESIAN_POINT ( 'NONE',  ( -1.017788105676658200, -0.5876202367904175300, 2.479166666666666100 ) ) ;
#3188 = CARTESIAN_POINT ( 'NONE',  ( 0.6785254037844393700, 1.175240473580835300, -1.791666666666667000 ) ) ;
#3189 = CARTESIAN_POINT ( 'NONE',  ( 0.0000000000000000000, 1.527063293868263300, -3.984374999999980900 ) ) ;
#3190 = EDGE_CURVE ( 'NONE', #1121, #1056, #2774, .T. ) ;
#3191 = CARTESIAN_POINT ( 'NONE',  ( -0.6785254037844383700, 1.175240473580835500, 0.2916666666666666900 ) ) ;
#3192 = CARTESIAN_POINT ( 'NONE',  ( -1.249999999999999600, -0.7216878364870322700, -1.318813079129866200 ) ) ;
#3193 = ORIENTED_EDGE ( 'NONE', *, *, #715, .F. ) ;
#3194 = ADVANCED_FACE ( 'NONE', ( #3152 ), #2226, .T. ) ;
#3195 = ORIENTED_EDGE ( 'NONE', *, *, #3663, .T. ) ;
#3196 = CARTESIAN_POINT ( 'NONE',  ( -0.6785254037844389300, -1.175240473580835300, -0.4791666666666668500 ) ) ;
#3197 = AXIS2_PLACEMENT_3D ( 'NONE', #240, #1452, #833 ) ;
#3198 = CALENDAR_DATE ( 2025, 16, 7 ) ;
#3199 = EDGE_LOOP ( 'NONE', ( #786, #3479, #3744, #3113, #2079, #3641, #2728, #3561, #3195, #3150, #37, #2003, #1323, #2130, #2327, #3591, #1282, #1683, #221, #834, #547, #3009, #2287, #3645, #579, #2930, #2194, #2091, #2361, #2889, #3527, #3143, #3096, #1248, #3688, #2933, #3319, #3332 ) ) ;
#3200 = CARTESIAN_POINT ( 'NONE',  ( 1.017788105676658200, 0.5876202367904168600, -5.333333333333333000 ) ) ;
#3201 = CARTESIAN_POINT ( 'NONE',  ( -1.017788105676658200, -0.5876202367904175300, -2.083333333333333500 ) ) ;
#3202 = VECTOR ( 'NONE', #1419, 1000.000000000000000 ) ;
#3203 = CARTESIAN_POINT ( 'NONE',  ( 0.8816504037844380400, -1.527063293868264000, -4.692708333333313500 ) ) ;
#3204 = EDGE_LOOP ( 'NONE', ( #2974, #32, #1889, #1285 ) ) ;
#3205 = CARTESIAN_POINT ( 'NONE',  ( -1.017788105676658000, 0.5876202367904178600, -1.166666666666666500 ) ) ;
#3206 = CARTESIAN_POINT ( 'NONE',  ( 0.0000000000000000000, 1.500000000000000900, -1.999999999999981300 ) ) ;
#3207 = EDGE_LOOP ( 'NONE', ( #2942, #2711, #2885, #2008, #2446 ) ) ;
#3208 = B_SPLINE_CURVE_WITH_KNOTS ( 'NONE', 3,
 ( #3088, #3635, #3672, #1593, #1263, #2158 ),
 .UNSPECIFIED., .F., .F.,
 ( 4, 2, 4 ),
 ( 3.252606517456513300E-019, 0.0003505654568515185300, 0.0007011309137030367400 ),
 .UNSPECIFIED. ) ;
#3209 = CARTESIAN_POINT ( 'NONE',  ( -0.6785254037844383700, 1.175240473580835500, -1.145833333333332800 ) ) ;
#3210 = VERTEX_POINT ( 'NONE', #2296 ) ;
#3211 = EDGE_CURVE ( 'NONE', #918, #3750, #2114, .T. ) ;
#3212 = CARTESIAN_POINT ( 'NONE',  ( -1.017788105676658000, 0.5876202367904178600, -4.166666666666667000 ) ) ;
#3213 = CARTESIAN_POINT ( 'NONE',  ( -1.439254484199189600E-016, -1.175240473580835500, -2.000000000000000000 ) ) ;
#3214 = CARTESIAN_POINT ( 'NONE',  ( -1.322475605676657800, -0.7635316469341314500, -4.317708333333314400 ) ) ;
#3215 = CARTESIAN_POINT ( 'NONE',  ( -1.299038105676658700, -0.7500000000000001100, -1.770833333333355000 ) ) ;
#3216 = CARTESIAN_POINT ( 'NONE',  ( -0.8409413214249614700, 0.9578579746766831000, 5.197837918555811700 ) ) ;
#3217 = AXIS2_PLACEMENT_3D ( 'NONE', #3637, #1628, #2205 ) ;
#3218 = DIRECTION ( 'NONE',  ( -0.8660254037844387100, 0.4999999999999997200, 5.892504868962452900E-057 ) ) ;
#3219 = AXIS2_PLACEMENT_3D ( 'NONE', #588, #2153, #2430 ) ;
#3220 = CARTESIAN_POINT ( 'NONE',  ( 0.0000000000000000000, 3.358727775308597400E-056, 2.650000000000001200 ) ) ;
#3221 = CARTESIAN_POINT ( 'NONE',  ( 0.0000000000000000000, 1.296351071171740300E-055, -5.500000000000000000 ) ) ;
#3222 = CARTESIAN_POINT ( 'NONE',  ( 0.0000000000000000000, 1.175240473580835500, -5.249999999999999100 ) ) ;
#3223 = CARTESIAN_POINT ( 'NONE',  ( -1.439254484199189600E-016, -1.175240473580835500, 1.000000000000000000 ) ) ;
#3224 = CARTESIAN_POINT ( 'NONE',  ( 0.8816504037844392600, 1.527063293868263100, -4.026041666666647400 ) ) ;
#3225 = CARTESIAN_POINT ( 'NONE',  ( 0.6785254037844382600, -1.175240473580835500, 1.541666666666667000 ) ) ;
#3226 = CARTESIAN_POINT ( 'NONE',  ( 0.9591568588641135000, 0.7356516458238818700, 2.169634450474134700 ) ) ;
#3227 = ADVANCED_FACE ( 'NONE', ( #2330 ), #1902, .T. ) ;
#3228 = TOROIDAL_SURFACE ( 'NONE', #2569, 1.650000000000001700, 0.1500000000000000800 ) ;
#3229 = CARTESIAN_POINT ( 'NONE',  ( 0.0000000000000000000, 1.500000000000000900, -4.999999999999981300 ) ) ;
#3230 = B_SPLINE_CURVE_WITH_KNOTS ( 'NONE', 3,
 ( #2568, #3494, #2019, #791, #3426, #184, #773, #2256 ),
 .UNSPECIFIED., .F., .F.,
 ( 4, 2, 2, 4 ),
 ( 2.544378114030884700E-007, 0.0003729905366538290900, 0.0007457266354962553900, 0.001491198833181107700 ),
 .UNSPECIFIED. ) ;
#3231 = EDGE_CURVE ( 'NONE', #951, #554, #3355, .T. ) ;
#3232 = FACE_OUTER_BOUND ( 'NONE', #3199, .T. ) ;
#3233 = CARTESIAN_POINT ( 'NONE',  ( 0.8660254037844371500, 1.500000000000006000, -2.479166666666687800 ) ) ;
#3234 = CARTESIAN_POINT ( 'NONE',  ( -1.439254484199189600E-016, -1.175240473580835500, -5.500000000000000000 ) ) ;
#3235 = CARTESIAN_POINT ( 'NONE',  ( -0.6785254037844389300, -1.175240473580835500, -0.04166666666666641500 ) ) ;
#3236 = ORIENTED_EDGE ( 'NONE', *, *, #2045, .F. ) ;
#3237 = CARTESIAN_POINT ( 'NONE',  ( -1.763300807568877000, 1.079710344961584000E-016, -0.8593749999999807900 ) ) ;
#3238 = EDGE_CURVE ( 'NONE', #269, #1571, #1728, .T. ) ;
#3239 = CARTESIAN_POINT ( 'NONE',  ( 0.6785254037844382600, -1.175240473580835500, 1.041666666666666500 ) ) ;
#3240 = ORIENTED_EDGE ( 'NONE', *, *, #1820, .F. ) ;
#3241 = CARTESIAN_POINT ( 'NONE',  ( 1.299038105676659300, 0.7499999999999993300, 0.9166666666666853900 ) ) ;
#3242 = ORIENTED_EDGE ( 'NONE', *, *, #3484, .T. ) ;
#3243 = FACE_OUTER_BOUND ( 'NONE', #1469, .T. ) ;
#3244 = CARTESIAN_POINT ( 'NONE',  ( -1.299038105676658700, -0.7500000000000001100, 0.1666666666666848100 ) ) ;
#3245 = ORIENTED_EDGE ( 'NONE', *, *, #1046, .F. ) ;
#3246 = CARTESIAN_POINT ( 'NONE',  ( -1.357050807568877200, 8.309539638847781400E-017, -5.125000000000000900 ) ) ;
#3247 = CARTESIAN_POINT ( 'NONE',  ( 1.017788105676657800, -0.5876202367904183000, -0.9166666666666663000 ) ) ;
#3248 = CARTESIAN_POINT ( 'NONE',  ( -0.8816504037844382600, 1.527063293868263300, -2.442708333333313900 ) ) ;
#3249 = VECTOR ( 'NONE', #3809, 1000.000000000000000 ) ;
#3250 = ORIENTED_EDGE ( 'NONE', *, *, #1891, .T. ) ;
#3251 = CARTESIAN_POINT ( 'NONE',  ( -1.249999999999999800, 0.7216878364870317200, 5.391746824526944900 ) ) ;
#3252 = CARTESIAN_POINT ( 'NONE',  ( 0.0000000000000000000, 1.500000000000000900, -5.500000000000000000 ) ) ;
#3253 = CARTESIAN_POINT ( 'NONE',  ( 0.0000000000000000000, 1.175240473580835500, -2.250000000000000000 ) ) ;
#3254 = CARTESIAN_POINT ( 'NONE',  ( -1.017788105676658200, -0.5876202367904175300, 1.416666666666666700 ) ) ;
#3255 = CARTESIAN_POINT ( 'NONE',  ( -1.322475605676657800, 0.7635316469341318900, -2.401041666666647400 ) ) ;
#3256 = CARTESIAN_POINT ( 'NONE',  ( 0.6785254037844392600, 1.175240473580835100, 0.7083333333333333700 ) ) ;
#3257 = CARTESIAN_POINT ( 'NONE',  ( -1.414576763332264300, 0.03070829040918690900, -5.263400086791182100 ) ) ;
#3258 = CARTESIAN_POINT ( 'NONE',  ( -1.732050807568878500, 1.060575238724907400E-016, -4.874999999999981300 ) ) ;
#3259 = AXIS2_PLACEMENT_3D ( 'NONE', #2838, #3393, #1053 ) ;
#3260 = CC_DESIGN_PERSON_AND_ORGANIZATION_ASSIGNMENT ( #3563, #3497, ( #1033 ) ) ;
#3261 = DIRECTION ( 'NONE',  ( 0.0000000000000000000, 1.000000000000000000, 0.0000000000000000000 ) ) ;
#3262 = CARTESIAN_POINT ( 'NONE',  ( 0.0000000000000000000, 1.175240473580835500, -5.249999999999999100 ) ) ;
#3263 = CARTESIAN_POINT ( 'NONE',  ( -1.017788105676658000, 0.5876202367904178600, -1.166666666666666500 ) ) ;
#3264 = CARTESIAN_POINT ( 'NONE',  ( 0.6785254037844382600, -1.175240473580835700, 0.5416666666666668500 ) ) ;
#3265 = CARTESIAN_POINT ( 'NONE',  ( 1.322475605676658400, 0.7635316469341306700, -2.067708333333314400 ) ) ;
#3266 = CARTESIAN_POINT ( 'NONE',  ( -0.3692440718396671800, -1.445217446685703700, -5.195021744313993200 ) ) ;
#3267 = ORIENTED_EDGE ( 'NONE', *, *, #1234, .T. ) ;
#3268 = ORIENTED_EDGE ( 'NONE', *, *, #2507, .F. ) ;
#3269 = EDGE_CURVE ( 'NONE', #2719, #3475, #3369, .T. ) ;
#3270 = ORIENTED_EDGE ( 'NONE', *, *, #2428, .F. ) ;
#3271 = CARTESIAN_POINT ( 'NONE',  ( 1.299038105676659300, 0.7499999999999993300, -4.020833333333355200 ) ) ;
#3272 = CARTESIAN_POINT ( 'NONE',  ( -1.017788105676658200, -0.5876202367904175300, 1.979166666666666300 ) ) ;
#3273 = DIRECTION ( 'NONE',  ( 0.0000000000000000000, 1.000000000000000000, 0.0000000000000000000 ) ) ;
#3274 = CARTESIAN_POINT ( 'NONE',  ( -1.439254484199189600E-016, -1.175240473580835500, -1.000000000000000000 ) ) ;
#3275 = CARTESIAN_POINT ( 'NONE',  ( -0.8816504037844389300, -1.527063293868263100, -4.744791666666688300 ) ) ;
#3276 = LOCAL_TIME ( 8, 29, 13.00000000000000000, #402 ) ;
#3277 = CARTESIAN_POINT ( 'NONE',  ( 0.8816504037844392600, 1.527063293868263100, -1.526041666666647600 ) ) ;
#3278 = ORIENTED_EDGE ( 'NONE', *, *, #2248, .T. ) ;
#3279 = CARTESIAN_POINT ( 'NONE',  ( 0.0000000000000000000, 1.500000000000000900, -1.499999999999981100 ) ) ;
#3280 = CARTESIAN_POINT ( 'NONE',  ( -0.7052988574930982900, -1.289696165317367100, -5.208194841930842100 ) ) ;
#3281 = FACE_OUTER_BOUND ( 'NONE', #728, .T. ) ;
#3282 = CARTESIAN_POINT ( 'NONE',  ( 1.101961889306224200, -0.5704293874116359600, -5.445218793993592300 ) ) ;
#3283 = ORIENTED_EDGE ( 'NONE', *, *, #2119, .F. ) ;
#3284 = LINE ( 'NONE', #3436, #1619 ) ;
#3285 = CC_DESIGN_APPROVAL ( #84, ( #3545 ) ) ;
#3286 = VERTEX_POINT ( 'NONE', #1997 ) ;
#3287 = CARTESIAN_POINT ( 'NONE',  ( 0.0000000000000000000, 1.296351071171740300E-055, -5.500000000000000000 ) ) ;
#3288 = CARTESIAN_POINT ( 'NONE',  ( 0.6785254037844393700, 1.175240473580835300, -2.791666666666666500 ) ) ;
#3289 = CARTESIAN_POINT ( 'NONE',  ( 0.0000000000000000000, 1.175240473580835500, 1.749999999999999800 ) ) ;
#3290 = CARTESIAN_POINT ( 'NONE',  ( -1.763300807568877000, 1.079710344961584000E-016, -0.3593749999999803500 ) ) ;
#3291 = CARTESIAN_POINT ( 'NONE',  ( -1.299038105676658700, 0.7500000000000005600, -1.916666666666647900 ) ) ;
#3292 = DIRECTION ( 'NONE',  ( 0.4999999999999997800, 0.8660254037844388200, 0.0000000000000000000 ) ) ;
#3293 =( BOUNDED_CURVE ( )  B_SPLINE_CURVE ( 2, ( #1497, #1793, #3295, #912, #2090, #306, #3574 ),
 .UNSPECIFIED., .F., .T. ) 
 B_SPLINE_CURVE_WITH_KNOTS ( ( 3, 2, 2, 3 ),
 ( 0.3823529411764705100, 0.3921568627450979800, 0.4019607843137253900, 0.4117647058823527600 ),
 .UNSPECIFIED. ) 
 CURVE ( )  GEOMETRIC_REPRESENTATION_ITEM ( )  RATIONAL_B_SPLINE_CURVE ( ( 1.000000000000000700, 0.8660254037844378200, 1.000000000000000000, 0.8660254037844387100, 1.000000000000000000, 0.8660254037844409300, 0.9999999999999977800 ) ) 
 REPRESENTATION_ITEM ( '' )  );
#3294 = CARTESIAN_POINT ( 'NONE',  ( 0.7656010186950941200, 1.066141955851778000, -5.373161742745396400 ) ) ;
#3295 = CARTESIAN_POINT ( 'NONE',  ( -1.299038105676658700, -0.7500000000000001100, -0.3333333333333147700 ) ) ;
#3296 = EDGE_CURVE ( 'NONE', #3787, #1851, #1018, .T. ) ;
#3297 = CARTESIAN_POINT ( 'NONE',  ( -1.357050807568877200, 8.309539638847781400E-017, -0.5624999999999996700 ) ) ;
#3298 = CARTESIAN_POINT ( 'NONE',  ( 0.0000000000000000000, 1.500000000000000900, -4.937500000000021300 ) ) ;
#3299 = EDGE_CURVE ( 'NONE', #1524, #1430, #2447, .T. ) ;
#3300 = CARTESIAN_POINT ( 'NONE',  ( 0.6785254037844382600, -1.175240473580835700, -2.958333333333333000 ) ) ;
#3301 = CARTESIAN_POINT ( 'NONE',  ( -1.439254484199189600E-016, -1.175240473580835500, 2.500000000000000400 ) ) ;
#3302 = CARTESIAN_POINT ( 'NONE',  ( -0.8816504037844382600, 1.527063293868263300, 1.057291666666685600 ) ) ;
#3303 = CARTESIAN_POINT ( 'NONE',  ( 0.08293103221950404200, -1.178469053734938000, -5.496771419845899200 ) ) ;
#3304 = CARTESIAN_POINT ( 'NONE',  ( 0.0000000000000000000, -9.963129310404506200E-014, 1001.483974596215600 ) ) ;
#3305 = AXIS2_PLACEMENT_3D ( 'NONE', #2265, #426, #1927 ) ;
#3306 = CARTESIAN_POINT ( 'NONE',  ( -0.8234078741650789900, -0.8385640366158402200, -5.499999999999999100 ) ) ;
#3307 = CYLINDRICAL_SURFACE ( 'NONE', #18, 1.500000000000000900 ) ;
#3308 = CARTESIAN_POINT ( 'NONE',  ( -1.836970198721030900E-016, -1.500000000000000900, -2.687500000000021300 ) ) ;
#3309 = CARTESIAN_POINT ( 'NONE',  ( 1.357050807568877200, -2.492861891654334300E-016, -4.375000000000000000 ) ) ;
#3310 = CARTESIAN_POINT ( 'NONE',  ( -0.6785254037844389300, -1.175240473580835500, -0.5416666666666668500 ) ) ;
#3311 = CARTESIAN_POINT ( 'NONE',  ( 1.017788105676657800, -0.5876202367904183000, 2.083333333333333000 ) ) ;
#3312 =( BOUNDED_CURVE ( )  B_SPLINE_CURVE ( 2, ( #1171, #2986, #2977, #1465, #3271, #2966, #885 ),
 .UNSPECIFIED., .F., .T. ) 
 B_SPLINE_CURVE_WITH_KNOTS ( ( 3, 2, 2, 3 ),
 ( 0.2058823529411764300, 0.2156862745098039000, 0.2254901960784313800, 0.2352941176470588200 ),
 .UNSPECIFIED. ) 
 CURVE ( )  GEOMETRIC_REPRESENTATION_ITEM ( )  RATIONAL_B_SPLINE_CURVE ( ( 1.000000000000000400, 0.8660254037844384900, 1.000000000000000000, 0.8660254037844387100, 1.000000000000000000, 0.8660254037844387100, 1.000000000000000000 ) ) 
 REPRESENTATION_ITEM ( '' )  );
#3313 = LINE ( 'NONE', #1837, #1839 ) ;
#3314 = CARTESIAN_POINT ( 'NONE',  ( -1.322475605676657800, 0.7635316469341318900, 0.09895833333335279900 ) ) ;
#3315 = CARTESIAN_POINT ( 'NONE',  ( -1.836970198721030900E-016, -1.500000000000000900, 2.250000000000018700 ) ) ;
#3316 = DIRECTION ( 'NONE',  ( -0.0000000000000000000, 1.178500973792491200E-056, -1.000000000000000000 ) ) ;
#3317 = ORIENTED_EDGE ( 'NONE', *, *, #3699, .T. ) ;
#3318 = CARTESIAN_POINT ( 'NONE',  ( 0.0000000000000000000, 1.500000000000000900, 1.562499999999978200 ) ) ;
#3319 = ORIENTED_EDGE ( 'NONE', *, *, #1862, .F. ) ;
#3320 = LINE ( 'NONE', #2342, #1058 ) ;
#3321 = CARTESIAN_POINT ( 'NONE',  ( -1.017788105676658200, -0.5876202367904175300, -3.583333333333333500 ) ) ;
#3322 = VERTEX_POINT ( 'NONE', #2919 ) ;
#3323 = CARTESIAN_POINT ( 'NONE',  ( -0.6785254037844389300, -1.175240473580835500, -0.04166666666666641500 ) ) ;
#3324 = CARTESIAN_POINT ( 'NONE',  ( -0.8816504037844382600, 1.527063293868263300, -4.911458333333356100 ) ) ;
#3325 = CARTESIAN_POINT ( 'NONE',  ( 1.763300807568877000, -3.239131034884752100E-016, 1.890625000000019100 ) ) ;
#3326 = ORIENTED_EDGE ( 'NONE', *, *, #1992, .T. ) ;
#3327 = CARTESIAN_POINT ( 'NONE',  ( 0.8660254037844400400, 1.500000000000000700, -1.479166666666688300 ) ) ;
#3328 = CARTESIAN_POINT ( 'NONE',  ( 1.763300807568877000, -3.239131034884752100E-016, 1.921874999999977400 ) ) ;
#3329 = VERTEX_POINT ( 'NONE', #1717 ) ;
#3330 = CARTESIAN_POINT ( 'NONE',  ( -1.017788105676658000, 0.5876202367904178600, 0.8958333333333335900 ) ) ;
#3331 = CARTESIAN_POINT ( 'NONE',  ( -1.836970198721030900E-016, -1.500000000000000900, -1.187500000000021800 ) ) ;
#3332 = ORIENTED_EDGE ( 'NONE', *, *, #868, .F. ) ;
#3333 = CARTESIAN_POINT ( 'NONE',  ( 1.017788105676658200, 0.5876202367904168600, -2.333333333333333500 ) ) ;
#3334 = CARTESIAN_POINT ( 'NONE',  ( -0.6785254037844384900, 1.175240473580835700, -0.7083333333333333700 ) ) ;
#3335 = CARTESIAN_POINT ( 'NONE',  ( -0.8816504037844382600, 1.527063293868263300, -2.911458333333356600 ) ) ;
#3336 = CARTESIAN_POINT ( 'NONE',  ( -1.763300807568877000, 1.079710344961584000E-016, 0.1406250000000192100 ) ) ;
#3337 =( BOUNDED_CURVE ( )  B_SPLINE_CURVE ( 2, ( #152, #688, #2826, #139, #2764, #993, #445 ),
 .UNSPECIFIED., .F., .T. ) 
 B_SPLINE_CURVE_WITH_KNOTS ( ( 3, 2, 2, 3 ),
 ( 0.3529411764705881500, 0.3627450980392156700, 0.3725490196078430900, 0.3823529411764705100 ),
 .UNSPECIFIED. ) 
 CURVE ( )  GEOMETRIC_REPRESENTATION_ITEM ( )  RATIONAL_B_SPLINE_CURVE ( ( 1.000000000000000700, 0.8660254037844378200, 1.000000000000000000, 0.8660254037844387100, 1.000000000000000000, 0.8660254037844394800, 0.9999999999999992200 ) ) 
 REPRESENTATION_ITEM ( '' )  );
#3338 = CARTESIAN_POINT ( 'NONE',  ( 0.0000000000000000000, 1.500000000000000900, -4.999999999999981300 ) ) ;
#3339 = CARTESIAN_POINT ( 'NONE',  ( 0.0000000000000000000, 1.296351071171740300E-055, -5.500000000000000000 ) ) ;
#3340 = EDGE_CURVE ( 'NONE', #1613, #2496, #1346, .T. ) ;
#3341 = CARTESIAN_POINT ( 'NONE',  ( -1.439254484199189600E-016, -1.175240473580835500, 0.06250000000000005600 ) ) ;
#3342 = CARTESIAN_POINT ( 'NONE',  ( 1.204193495294828600, -0.8943813649051658400, -5.175240473580831900 ) ) ;
#3343 = CARTESIAN_POINT ( 'NONE',  ( -0.6785254037844389300, -1.175240473580835300, 1.020833333333333700 ) ) ;
#3344 = CARTESIAN_POINT ( 'NONE',  ( 0.6785254037844382600, -1.175240473580835700, -4.395833333333333000 ) ) ;
#3345 = CARTESIAN_POINT ( 'NONE',  ( -1.017788105676658000, 0.5876202367904178600, -2.166666666666666500 ) ) ;
#3346 = CARTESIAN_POINT ( 'NONE',  ( 1.357050807568877200, -2.492861891654333800E-016, 1.624999999999999800 ) ) ;
#3347 = CARTESIAN_POINT ( 'NONE',  ( -0.8816504037844389300, -1.527063293868263100, -2.244791666666689600 ) ) ;
#3348 = CARTESIAN_POINT ( 'NONE',  ( 0.6785254037844382600, -1.175240473580835700, -4.395833333333333000 ) ) ;
#3349 = DIRECTION ( 'NONE',  ( 0.0000000000000000000, -0.8660254037844362700, 0.5000000000000042200 ) ) ;
#3350 = DIRECTION ( 'NONE',  ( 0.0000000000000000000, 1.000000000000000000, 0.0000000000000000000 ) ) ;
#3351 = FACE_OUTER_BOUND ( 'NONE', #3207, .T. ) ;
#3352 = CARTESIAN_POINT ( 'NONE',  ( 1.017788105676658200, 0.5876202367904168600, -1.770833333333333500 ) ) ;
#3353 = CARTESIAN_POINT ( 'NONE',  ( -0.6785254037844389300, -1.175240473580835500, 0.02083333333333364400 ) ) ;
#3354 = CARTESIAN_POINT ( 'NONE',  ( -0.6785254037844389300, -1.175240473580835500, -0.9791666666666664100 ) ) ;
#3355 =( BOUNDED_CURVE ( )  B_SPLINE_CURVE ( 2, ( #3171, #3808, #1128, #2321, #798, #2047, #494 ),
 .UNSPECIFIED., .F., .T. ) 
 B_SPLINE_CURVE_WITH_KNOTS ( ( 3, 2, 2, 3 ),
 ( 0.4117647058823527600, 0.4215686274509801700, 0.4313725490196077500, 0.4411764705882351700 ),
 .UNSPECIFIED. ) 
 CURVE ( )  GEOMETRIC_REPRESENTATION_ITEM ( )  RATIONAL_B_SPLINE_CURVE ( ( 1.000000000000002400, 0.8660254037844364900, 1.000000000000000000, 0.8660254037844387100, 1.000000000000000000, 0.8660254037844402600, 0.9999999999999984500 ) ) 
 REPRESENTATION_ITEM ( '' )  );
#3356 = ORIENTED_EDGE ( 'NONE', *, *, #1046, .T. ) ;
#3357 = CARTESIAN_POINT ( 'NONE',  ( -1.017788105676658200, -0.5876202367904175300, -4.520833333333333000 ) ) ;
#3358 = CARTESIAN_POINT ( 'NONE',  ( 1.017788105676657800, -0.5876202367904183000, -3.416666666666667000 ) ) ;
#3359 = CARTESIAN_POINT ( 'NONE',  ( -1.322475605676657800, 0.7635316469341318900, -4.369791666666689200 ) ) ;
#3360 = CARTESIAN_POINT ( 'NONE',  ( -0.6785254037844384900, 1.175240473580835700, -5.645833333333333900 ) ) ;
#3361 = ORIENTED_EDGE ( 'NONE', *, *, #2319, .T. ) ;
#3362 = CARTESIAN_POINT ( 'NONE',  ( 0.0000000000000000000, 3.535502921377472600E-056, 2.500000000000000400 ) ) ;
#3363 = DIRECTION ( 'NONE',  ( -0.0000000000000000000, 1.178500973792491200E-056, -1.000000000000000000 ) ) ;
#3364 = CARTESIAN_POINT ( 'NONE',  ( 1.299038105676658400, -0.7500000000000011100, 1.895833333333311300 ) ) ;
#3365 = CARTESIAN_POINT ( 'NONE',  ( -1.017788105676658200, -0.5876202367904175300, -1.520833333333333300 ) ) ;
#3366 = CARTESIAN_POINT ( 'NONE',  ( 1.299038105676658400, -0.7500000000000011100, -4.166666666666648300 ) ) ;
#3367 = ORIENTED_EDGE ( 'NONE', *, *, #1399, .F. ) ;
#3368 = CARTESIAN_POINT ( 'NONE',  ( -1.439254484199189600E-016, -1.175240473580835500, 2.062500000000000000 ) ) ;
#3369 = LINE ( 'NONE', #3499, #1156 ) ;
#3370 = DIRECTION ( 'NONE',  ( 0.0000000000000000000, -0.7071067811865449100, 0.7071067811865501300 ) ) ;
#3371 = ORIENTED_EDGE ( 'NONE', *, *, #2836, .F. ) ;
#3372 = EDGE_CURVE ( 'NONE', #3329, #2315, #3036, .T. ) ;
#3373 = CARTESIAN_POINT ( 'NONE',  ( -1.439254484199189600E-016, -1.175240473580835500, -3.437500000000000000 ) ) ;
#3374 = CIRCLE ( 'NONE', #1475, 1.175240473580835500 ) ;
#3375 = CARTESIAN_POINT ( 'NONE',  ( 1.357050807568877200, -2.492861891654334300E-016, -4.812500000000000000 ) ) ;
#3376 = ORIENTED_EDGE ( 'NONE', *, *, #1186, .T. ) ;
#3377 = CARTESIAN_POINT ( 'NONE',  ( -1.439254484199189600E-016, -1.175240473580835500, 2.500000000000000400 ) ) ;
#3378 = CARTESIAN_POINT ( 'NONE',  ( 0.8816504037844380400, -1.527063293868264000, -2.661458333333356600 ) ) ;
#3379 = CARTESIAN_POINT ( 'NONE',  ( -0.6785254037844384900, 1.175240473580835700, -4.645833333333333000 ) ) ;
#3380 = CARTESIAN_POINT ( 'NONE',  ( -1.836970198721030900E-016, -1.500000000000000900, -1.687500000000022200 ) ) ;
#3381 = CARTESIAN_POINT ( 'NONE',  ( -1.836970198721030900E-016, -1.500000000000000900, -3.687500000000021300 ) ) ;
#3382 = CARTESIAN_POINT ( 'NONE',  ( -1.357050807568877200, 8.309539638847781400E-017, -0.5624999999999996700 ) ) ;
#3383 = CARTESIAN_POINT ( 'NONE',  ( -1.017788105676658000, 0.5876202367904178600, -4.666666666666666100 ) ) ;
#3384 = CARTESIAN_POINT ( 'NONE',  ( 0.6785254037844393700, 1.175240473580835300, 0.7708333333333334800 ) ) ;
#3385 = DIRECTION ( 'NONE',  ( 0.0000000000000000000, 1.000000000000000000, 0.0000000000000000000 ) ) ;
#3386 = CARTESIAN_POINT ( 'NONE',  ( 1.357050807568877200, -2.492861891654333800E-016, -4.312500000000000000 ) ) ;
#3387 = CARTESIAN_POINT ( 'NONE',  ( -0.6785254037844389300, -1.175240473580835300, -3.979166666666666100 ) ) ;
#3388 = CARTESIAN_POINT ( 'NONE',  ( -1.079265083270416900, -0.9201526794712220300, 2.296395582631889800 ) ) ;
#3389 = CARTESIAN_POINT ( 'NONE',  ( 0.8816504037844380400, -1.527063293868264000, -3.161458333333356100 ) ) ;
#3390 = CARTESIAN_POINT ( 'NONE',  ( -1.322475605676657800, -0.7635316469341314500, 2.682291666666685200 ) ) ;
#3391 = CARTESIAN_POINT ( 'NONE',  ( -1.836970198721030900E-016, -1.500000000000000900, -4.249999999999981300 ) ) ;
#3392 = ADVANCED_FACE ( 'NONE', ( #1946 ), #2634, .T. ) ;
#3393 = DIRECTION ( 'NONE',  ( -0.0000000000000000000, 1.178500973792491200E-056, -1.000000000000000000 ) ) ;
#3394 = CARTESIAN_POINT ( 'NONE',  ( -1.439254484199189600E-016, -1.175240473580835500, -1.937500000000000000 ) ) ;
#3395 = EDGE_CURVE ( 'NONE', #2503, #2732, #3312, .T. ) ;
#3396 = CARTESIAN_POINT ( 'NONE',  ( 0.0000000000000000000, 1.296351071171740100E-055, -5.499999999999998200 ) ) ;
#3397 = CARTESIAN_POINT ( 'NONE',  ( -1.017788105676658200, -0.5876202367904175300, -3.520833333333333500 ) ) ;
#3398 = CARTESIAN_POINT ( 'NONE',  ( -1.357050807568877200, 8.309539638847781400E-017, -4.562500000000000000 ) ) ;
#3399 = AXIS2_PLACEMENT_3D ( 'NONE', #2709, #937, #3562 ) ;
#3400 = CARTESIAN_POINT ( 'NONE',  ( -0.8816504037844389300, -1.527063293868263100, 0.2552083333333104400 ) ) ;
#3401 = LINE ( 'NONE', #3618, #2663 ) ;
#3402 = CARTESIAN_POINT ( 'NONE',  ( -1.357050807568877200, 8.309539638847781400E-017, -4.562499999999999100 ) ) ;
#3403 = CARTESIAN_POINT ( 'NONE',  ( 1.732050807568878500, -3.181725716174723000E-016, -2.062500000000021800 ) ) ;
#3404 = CARTESIAN_POINT ( 'NONE',  ( 0.8660254037844443700, -1.499999999999991300, 1.791666666666686100 ) ) ;
#3405 = ORIENTED_EDGE ( 'NONE', *, *, #1461, .T. ) ;
#3406 = CARTESIAN_POINT ( 'NONE',  ( -1.017788105676658000, 0.5876202367904178600, -1.604166666666667000 ) ) ;
#3407 = CARTESIAN_POINT ( 'NONE',  ( 0.0000000000000000000, 1.175240473580835500, -4.250000000000000000 ) ) ;
#3408 = CARTESIAN_POINT ( 'NONE',  ( 1.017788105676658200, 0.5876202367904168600, 2.729166666666666100 ) ) ;
#3409 = ORIENTED_EDGE ( 'NONE', *, *, #2776, .T. ) ;
#3410 = CARTESIAN_POINT ( 'NONE',  ( -1.299038105676658700, 0.7500000000000005600, -3.854166666666688300 ) ) ;
#3411 = ORIENTED_EDGE ( 'NONE', *, *, #1514, .F. ) ;
#3412 = CARTESIAN_POINT ( 'NONE',  ( -1.439254484199189600E-016, -1.175240473580835500, -2.937500000000000000 ) ) ;
#3413 = CARTESIAN_POINT ( 'NONE',  ( -1.181684227929101800, -0.7697090807282431800, 2.291702370226157600 ) ) ;
#3414 = CARTESIAN_POINT ( 'NONE',  ( 1.322475605676657300, -0.7635316469341323400, 0.3802083333333105600 ) ) ;
#3415 = CARTESIAN_POINT ( 'NONE',  ( 0.0000000000000000000, 1.175240473580835500, -3.687500000000000000 ) ) ;
#3416 = LINE ( 'NONE', #1178, #1670 ) ;
#3417 = ORIENTED_EDGE ( 'NONE', *, *, #2024, .F. ) ;
#3418 = EDGE_CURVE ( 'NONE', #2723, #2137, #2675, .T. ) ;
#3419 = CARTESIAN_POINT ( 'NONE',  ( 0.0000000000000000000, 1.500000000000000900, -4.437500000000022200 ) ) ;
#3420 = CARTESIAN_POINT ( 'NONE',  ( 1.017788105676657800, -0.5876202367904183000, 1.645833333333333300 ) ) ;
#3421 = CARTESIAN_POINT ( 'NONE',  ( 1.017788105676657800, -0.5876202367904183000, -3.916666666666666500 ) ) ;
#3422 = VERTEX_POINT ( 'NONE', #3251 ) ;
#3423 = CARTESIAN_POINT ( 'NONE',  ( 1.183635049173452600, -0.05379554018607812100, 2.162499999999996100 ) ) ;
#3424 = CARTESIAN_POINT ( 'NONE',  ( -1.299038105676658700, -0.7500000000000001100, 1.229166666666645200 ) ) ;
#3425 = CIRCLE ( 'NONE', #598, 2.600000000000000100 ) ;
#3426 = CARTESIAN_POINT ( 'NONE',  ( 0.7364247641451132600, 1.018200637156976700, 5.198642010119640700 ) ) ;
#3427 = AXIS2_PLACEMENT_3D ( 'NONE', #3738, #775, #1385 ) ;
#3428 = ORIENTED_EDGE ( 'NONE', *, *, #2515, .F. ) ;
#3429 = DIRECTION ( 'NONE',  ( 0.0000000000000000000, -0.7071067811865454600, 0.7071067811865495700 ) ) ;
#3430 = CARTESIAN_POINT ( 'NONE',  ( -1.439254484199189600E-016, -1.175240473580835500, -4.937500000000000000 ) ) ;
#3431 = CARTESIAN_POINT ( 'NONE',  ( -1.322475605676657800, 0.7635316469341318900, 0.6302083333333107200 ) ) ;
#3432 = VERTEX_POINT ( 'NONE', #1779 ) ;
#3433 = CARTESIAN_POINT ( 'NONE',  ( -0.6785254037844384900, 1.175240473580835700, -2.645833333333333500 ) ) ;
#3434 = AXIS2_PLACEMENT_3D ( 'NONE', #2648, #3555, #2060 ) ;
#3435 = CARTESIAN_POINT ( 'NONE',  ( 0.8660254037844386000, -1.500000000000001100, -2.145833333333355200 ) ) ;
#3436 = CARTESIAN_POINT ( 'NONE',  ( 0.0000000000000000000, 1.500000000000000900, -5.500000000000000000 ) ) ;
#3437 = CARTESIAN_POINT ( 'NONE',  ( 0.0000000000000000000, 1.175240473580835500, 1.312500000000000200 ) ) ;
#3438 = CARTESIAN_POINT ( 'NONE',  ( -1.357050807568877200, 8.309539638847781400E-017, -5.125000000000000900 ) ) ;
#3439 = CARTESIAN_POINT ( 'NONE',  ( -1.017788105676658200, -0.5876202367904175300, -0.08333333333333370300 ) ) ;
#3440 = CARTESIAN_POINT ( 'NONE',  ( 1.204193495294828600, -0.8943813649051658400, -5.175240473580831900 ) ) ;
#3441 = DIRECTION ( 'NONE',  ( 0.0000000000000000000, 1.000000000000000000, 0.0000000000000000000 ) ) ;
#3442 = CARTESIAN_POINT ( 'NONE',  ( -1.017788105676658200, -0.5876202367904175300, 0.4791666666666668000 ) ) ;
#3443 = CARTESIAN_POINT ( 'NONE',  ( 1.732050807568878500, -3.181725716174723000E-016, 0.4374999999999781300 ) ) ;
#3444 = CARTESIAN_POINT ( 'NONE',  ( -1.836970198721030900E-016, -1.500000000000000900, -4.749999999999981300 ) ) ;
#3445 = CARTESIAN_POINT ( 'NONE',  ( 0.6785254037844382600, -1.175240473580835500, -0.3958333333333330900 ) ) ;
#3446 = APPLICATION_PROTOCOL_DEFINITION ( 'international standard', 'config_control_design', 1994, #1082 ) ;
#3447 = CARTESIAN_POINT ( 'NONE',  ( -1.870113174931182600E-016, -1.527063293868263300, -0.7031250000000232000 ) ) ;
#3448 = CARTESIAN_POINT ( 'NONE',  ( 0.6785254037844393700, 1.175240473580835300, -3.229166666666667000 ) ) ;
#3449 = CARTESIAN_POINT ( 'NONE',  ( 0.0000000000000000000, 3.712278067446347900E-056, 2.349999999999999600 ) ) ;
#3450 = CARTESIAN_POINT ( 'NONE',  ( 0.0000000000000000000, 1.296351071171740300E-055, -5.500000000000000000 ) ) ;
#3451 = CARTESIAN_POINT ( 'NONE',  ( 1.017788105676657800, -0.5876202367904183000, 2.145833333333333000 ) ) ;
#3452 = CARTESIAN_POINT ( 'NONE',  ( -0.6785254037844384900, 1.175240473580835700, -1.708333333333333500 ) ) ;
#3453 = CIRCLE ( 'NONE', #1563, 1.175240473580835500 ) ;
#3454 = CARTESIAN_POINT ( 'NONE',  ( 1.017788105676657800, -0.5876202367904183000, -0.4166666666666667400 ) ) ;
#3455 = CARTESIAN_POINT ( 'NONE',  ( 1.017788105676657800, -0.5876202367904183000, -2.854166666666667000 ) ) ;
#3456 = CARTESIAN_POINT ( 'NONE',  ( 0.0000000000000000000, 1.500000000000000900, 0.06249999999997857300 ) ) ;
#3457 = CARTESIAN_POINT ( 'NONE',  ( -0.09766419351501212700, 1.386989224557983800, 5.335360376110865700 ) ) ;
#3458 = CYLINDRICAL_SURFACE ( 'NONE', #1898, 1.500000000000000900 ) ;
#3459 = CARTESIAN_POINT ( 'NONE',  ( -1.836970198721030900E-016, -1.500000000000000900, -0.6875000000000220900 ) ) ;
#3460 = CARTESIAN_POINT ( 'NONE',  ( 1.017788105676658200, 0.5876202367904168600, -0.2708333333333329800 ) ) ;
#3461 = APPLICATION_PROTOCOL_DEFINITION ( 'international standard', 'config_control_design', 1994, #2863 ) ;
#3462 = CARTESIAN_POINT ( 'NONE',  ( 0.8816504037844392600, 1.527063293868263100, -0.9947916666666899400 ) ) ;
#3463 = CARTESIAN_POINT ( 'NONE',  ( 1.017788105676658200, 0.5876202367904168600, -2.770833333333333500 ) ) ;
#3464 = VERTEX_POINT ( 'NONE', #1480 ) ;
#3465 = CARTESIAN_POINT ( 'NONE',  ( -1.836970198721030900E-016, -1.500000000000000900, -3.749999999999981800 ) ) ;
#3466 = CARTESIAN_POINT ( 'NONE',  ( -1.249999999999999800, 1.530534561345758100E-016, 5.198371151552881200 ) ) ;
#3467 = CARTESIAN_POINT ( 'NONE',  ( 1.357050807568877200, -2.492861891654333800E-016, 0.6874999999999997800 ) ) ;
#3468 = CARTESIAN_POINT ( 'NONE',  ( -1.017788105676658200, -0.5876202367904175300, -3.583333333333333500 ) ) ;
#3469 = AXIS2_PLACEMENT_3D ( 'NONE', #3521, #1752, #1111 ) ;
#3470 = ORIENTED_EDGE ( 'NONE', *, *, #764, .F. ) ;
#3471 = CARTESIAN_POINT ( 'NONE',  ( -0.8816504037844382600, 1.527063293868263300, -5.442708333333313500 ) ) ;
#3472 = CARTESIAN_POINT ( 'NONE',  ( 0.6785254037844392600, 1.175240473580835100, -1.291666666666666700 ) ) ;
#3473 = DATE_AND_TIME ( #725, #2717 ) ;
#3474 = CARTESIAN_POINT ( 'NONE',  ( -1.299038105676658700, -0.7500000000000001100, 0.2291666666666451200 ) ) ;
#3475 = VERTEX_POINT ( 'NONE', #288 ) ;
#3476 = DIRECTION ( 'NONE',  ( 0.8660254037844384900, 0.5000000000000003300, 5.892504868962458500E-057 ) ) ;
#3477 = FACE_BOUND ( 'NONE', #2604, .T. ) ;
#3478 = CARTESIAN_POINT ( 'NONE',  ( -1.017788105676658000, 0.5876202367904178600, -0.1041666666666664600 ) ) ;
#3479 = ORIENTED_EDGE ( 'NONE', *, *, #2702, .T. ) ;
#3480 =( NAMED_UNIT ( * ) SI_UNIT ( $, .STERADIAN. ) SOLID_ANGLE_UNIT ( ) );
#3481 = CARTESIAN_POINT ( 'NONE',  ( 1.322475605676657300, -0.7635316469341323400, 0.8802083333333101700 ) ) ;
#3482 = CARTESIAN_POINT ( 'NONE',  ( 0.0000000000000000000, 1.175240473580835500, -3.187500000000000000 ) ) ;
#3483 = CIRCLE ( 'NONE', #129, 1.175240473580835500 ) ;
#3484 = EDGE_CURVE ( 'NONE', #76, #2924, #3416, .T. ) ;
#3485 = DIRECTION ( 'NONE',  ( -0.0000000000000000000, -0.0000000000000000000, 1.000000000000000000 ) ) ;
#3486 = ADVANCED_FACE ( 'NONE', ( #2360 ), #1203, .F. ) ;
#3487 = CARTESIAN_POINT ( 'NONE',  ( 0.8660254037844443700, -1.499999999999991300, -4.708333333333315300 ) ) ;
#3488 = ORIENTED_EDGE ( 'NONE', *, *, #569, .F. ) ;
#3489 = CARTESIAN_POINT ( 'NONE',  ( -1.357050807568877200, 8.309539638847781400E-017, 0.4374999999999995000 ) ) ;
#3490 = CARTESIAN_POINT ( 'NONE',  ( 1.017788105676658200, 0.5876202367904168600, -2.833333333333333500 ) ) ;
#3491 = CARTESIAN_POINT ( 'NONE',  ( -0.8816504037844389300, -1.527063293868263100, -4.276041666666646500 ) ) ;
#3492 = CARTESIAN_POINT ( 'NONE',  ( 1.017788105676657800, -0.5876202367904183000, -1.916666666666666700 ) ) ;
#3493 = CARTESIAN_POINT ( 'NONE',  ( 1.250000000000000200, 0.7216878364870319400, 3.500000000000000400 ) ) ;
#3494 = CARTESIAN_POINT ( 'NONE',  ( 1.152335806484988200, 0.7780742849031121500, 5.335360376110864800 ) ) ;
#3495 = CARTESIAN_POINT ( 'NONE',  ( -1.299038105676658700, -0.7500000000000001100, -0.2708333333333554100 ) ) ;
#3496 = CARTESIAN_POINT ( 'NONE',  ( -1.017788105676658200, -0.5876202367904175300, -2.520833333333333000 ) ) ;
#3497 = PERSON_AND_ORGANIZATION_ROLE ( 'classification_officer' ) ;
#3498 = CC_DESIGN_DATE_AND_TIME_ASSIGNMENT ( #3473, #795, ( #3545 ) ) ;
#3499 = CARTESIAN_POINT ( 'NONE',  ( 1.250000000000000000, -0.7216878364870316100, -1.318813079129866200 ) ) ;
#3500 = DIRECTION ( 'NONE',  ( -0.0000000000000000000, 1.178500973792491200E-056, -1.000000000000000000 ) ) ;
#3501 = CARTESIAN_POINT ( 'NONE',  ( -1.357050807568877200, 8.309539638847781400E-017, -5.625000000000000000 ) ) ;
#3502 = CARTESIAN_POINT ( 'NONE',  ( 0.0000000000000000000, 1.175240473580835500, -3.250000000000000000 ) ) ;
#3503 = CARTESIAN_POINT ( 'NONE',  ( -1.870113174931182600E-016, -1.527063293868263300, -5.234374999999980500 ) ) ;
#3504 = CARTESIAN_POINT ( 'NONE',  ( -0.6785254037844389300, -1.175240473580835300, -1.041666666666666500 ) ) ;
#3505 = CARTESIAN_POINT ( 'NONE',  ( -1.299038105676658700, 0.7500000000000005600, -4.354166666666688300 ) ) ;
#3506 = CARTESIAN_POINT ( 'NONE',  ( 0.8660254037844386000, -1.500000000000001100, 0.7916666666666853900 ) ) ;
#3507 = B_SPLINE_CURVE_WITH_KNOTS ( 'NONE', 3,
 ( #1875, #94, #388, #3028, #2466, #1888, #1543, #958 ),
 .UNSPECIFIED., .F., .F.,
 ( 4, 2, 2, 4 ),
 ( 2.544378114031468600E-007, 0.0003729905366538291400, 0.0007457266354962550600, 0.001491198833181107000 ),
 .UNSPECIFIED. ) ;
#3508 = CARTESIAN_POINT ( 'NONE',  ( 0.6785254037844392600, 1.175240473580835100, -1.729166666666667000 ) ) ;
#3509 = EDGE_CURVE ( 'NONE', #1677, #3286, #3320, .T. ) ;
#3510 = CARTESIAN_POINT ( 'NONE',  ( 0.0000000000000000000, -9.963129310404506200E-014, 1001.483974596215600 ) ) ;
#3511 = CARTESIAN_POINT ( 'NONE',  ( 0.0000000000000000000, 1.500000000000000900, -2.999999999999980900 ) ) ;
#3512 = LINE ( 'NONE', #701, #2914 ) ;
#3513 = CARTESIAN_POINT ( 'NONE',  ( 1.357050807568877200, -2.492861891654333800E-016, -5.374999999999999100 ) ) ;
#3514 = CARTESIAN_POINT ( 'NONE',  ( -0.6785254037844389300, -1.175240473580835500, -1.541666666666667000 ) ) ;
#3515 = CARTESIAN_POINT ( 'NONE',  ( 1.322475605676657300, -0.7635316469341323400, -3.651041666666647000 ) ) ;
#3516 = EDGE_CURVE ( 'NONE', #140, #3110, #3149, .T. ) ;
#3517 = CARTESIAN_POINT ( 'NONE',  ( 1.049523301869556700, 0.5288582131113497300, 2.162499999999997400 ) ) ;
#3518 = VERTEX_POINT ( 'NONE', #3046 ) ;
#3519 = VERTEX_POINT ( 'NONE', #1218 ) ;
#3520 = ORIENTED_EDGE ( 'NONE', *, *, #939, .F. ) ;
#3521 = CARTESIAN_POINT ( 'NONE',  ( 0.0000000000000000000, 1.296351071171740300E-055, -5.500000000000000000 ) ) ;
#3522 = CARTESIAN_POINT ( 'NONE',  ( 1.299038105676659300, 0.7499999999999993300, 1.416666666666684900 ) ) ;
#3523 = CARTESIAN_POINT ( 'NONE',  ( -1.017788105676658000, 0.5876202367904178600, -5.166666666666667000 ) ) ;
#3524 = CARTESIAN_POINT ( 'NONE',  ( -0.6785254037844389300, -1.175240473580835500, -1.041666666666666500 ) ) ;
#3525 = VECTOR ( 'NONE', #3669, 1000.000000000000000 ) ;
#3526 = CARTESIAN_POINT ( 'NONE',  ( 0.8816504037844380400, -1.527063293868264000, -5.192708333333313500 ) ) ;
#3527 = ORIENTED_EDGE ( 'NONE', *, *, #294, .T. ) ;
#3528 = CARTESIAN_POINT ( 'NONE',  ( 1.017788105676658200, 0.5876202367904168600, 1.666666666666666100 ) ) ;
#3529 = DIRECTION ( 'NONE',  ( 1.000000000000000000, 0.0000000000000000000, 0.0000000000000000000 ) ) ;
#3530 = EDGE_LOOP ( 'NONE', ( #365, #3653, #1002, #2086 ) ) ;
#3531 = B_SPLINE_CURVE_WITH_KNOTS ( 'NONE', 3,
 ( #2697, #1554, #3616, #2402, #3294, #926, #1534, #3002, #1850, #3626, #3604, #3282, #3018, #68, #2150, #1224, #368, #343, #3303, #2417 ),
 .UNSPECIFIED., .F., .F.,
 ( 4, 2, 2, 2, 2, 2, 2, 2, 2, 4 ),
 ( 0.004675001887214104100, 0.005166385583916112400, 0.005657769280618121600, 0.006149152977320129900, 0.006640536674022138300, 0.007131920370724146600, 0.007623304067426155000, 0.008114687764128164200, 0.008360379612479169200, 0.008606071460830172500 ),
 .UNSPECIFIED. ) ;
#3532 = FACE_OUTER_BOUND ( 'NONE', #2183, .T. ) ;
#3533 = ORIENTED_EDGE ( 'NONE', *, *, #3190, .F. ) ;
#3534 = CARTESIAN_POINT ( 'NONE',  ( 0.0000000000000000000, 1.500000000000000900, 1.562499999999978200 ) ) ;
#3535 = CARTESIAN_POINT ( 'NONE',  ( 0.0000000000000000000, 2.750000000000000000, 5.350000000000000500 ) ) ;
#3536 = VERTEX_POINT ( 'NONE', #2419 ) ;
#3537 = CARTESIAN_POINT ( 'NONE',  ( 0.6785254037844393700, 1.175240473580835300, -3.791666666666667000 ) ) ;
#3538 = CARTESIAN_POINT ( 'NONE',  ( 1.017788105676658200, 0.5876202367904168600, 0.1666666666666665200 ) ) ;
#3539 = CARTESIAN_POINT ( 'NONE',  ( -0.8816504037844389300, -1.527063293868263100, -1.276041666666647600 ) ) ;
#3540 = CARTESIAN_POINT ( 'NONE',  ( -0.6785254037844389300, -1.175240473580835300, 1.958333333333332800 ) ) ;
#3541 = CARTESIAN_POINT ( 'NONE',  ( -1.836970198721030900E-016, -1.500000000000000900, -2.249999999999981800 ) ) ;
#3542 = ADVANCED_FACE ( 'NONE', ( #3281 ), #1115, .T. ) ;
#3543 = CARTESIAN_POINT ( 'NONE',  ( -1.732050807568878500, 1.060575238724907400E-016, -2.374999999999981300 ) ) ;
#3544 = CARTESIAN_POINT ( 'NONE',  ( 0.6785254037844382600, -1.175240473580835500, 0.1041666666666664800 ) ) ;
#3545 = PRODUCT_DEFINITION ( 'UNKNOWN', '', #1693, #2828 ) ;
#3546 = CARTESIAN_POINT ( 'NONE',  ( 0.0000000000000000000, 1.500000000000000900, 1.828574726532583600E-014 ) ) ;
#3547 = CARTESIAN_POINT ( 'NONE',  ( -0.6785254037844389300, -1.175240473580835500, -2.041666666666667000 ) ) ;
#3548 = CARTESIAN_POINT ( 'NONE',  ( -1.357050807568877200, 8.309539638847781400E-017, -0.6249999999999997800 ) ) ;
#3549 = CARTESIAN_POINT ( 'NONE',  ( -1.322475605676657800, -0.7635316469341314500, -1.317708333333313900 ) ) ;
#3550 = CARTESIAN_POINT ( 'NONE',  ( 0.6785254037844392600, 1.175240473580835100, 1.208333333333333000 ) ) ;
#3551 = DIRECTION ( 'NONE',  ( -0.0000000000000000000, 1.178500973792491200E-056, -1.000000000000000000 ) ) ;
#3552 = EDGE_CURVE ( 'NONE', #1105, #2126, #2131, .T. ) ;
#3553 = CONICAL_SURFACE ( 'NONE', #2004, 1.551628848447119000, 0.7853981633974500600 ) ;
#3554 = ADVANCED_FACE ( 'NONE', ( #2401 ), #3793, .T. ) ;
#3555 = DIRECTION ( 'NONE',  ( -0.0000000000000000000, 1.178500973792491200E-056, -1.000000000000000000 ) ) ;
#3556 = CARTESIAN_POINT ( 'NONE',  ( 1.017788105676658200, 0.5876202367904168600, -2.833333333333333500 ) ) ;
#3557 = CARTESIAN_POINT ( 'NONE',  ( -0.6785254037844389300, -1.175240473580835500, 0.4583333333333332000 ) ) ;
#3558 = VERTEX_POINT ( 'NONE', #1249 ) ;
#3559 = CARTESIAN_POINT ( 'NONE',  ( -1.322475605676657800, 0.7635316469341318900, -0.4010416666666476400 ) ) ;
#3560 = CARTESIAN_POINT ( 'NONE',  ( 0.6785254037844382600, -1.175240473580835500, 2.041666666666666500 ) ) ;
#3561 = ORIENTED_EDGE ( 'NONE', *, *, #3372, .T. ) ;
#3562 = DIRECTION ( 'NONE',  ( 0.0000000000000000000, -1.000000000000000000, 0.0000000000000000000 ) ) ;
#3563 = PERSON_AND_ORGANIZATION ( #850, #3642 ) ;
#3564 = ORIENTED_EDGE ( 'NONE', *, *, #2864, .T. ) ;
#3565 = LINE ( 'NONE', #1030, #965 ) ;
#3566 = CARTESIAN_POINT ( 'NONE',  ( -1.357050807568877200, 8.309539638847781400E-017, -4.125000000000000000 ) ) ;
#3567 = EDGE_LOOP ( 'NONE', ( #1730, #1155, #320, #3650 ) ) ;
#3568 = CARTESIAN_POINT ( 'NONE',  ( 0.6785254037844393700, 1.175240473580835300, -1.291666666666666700 ) ) ;
#3569 = CARTESIAN_POINT ( 'NONE',  ( 1.017788105676657800, -0.5876202367904183000, 0.5833333333333332600 ) ) ;
#3570 = CARTESIAN_POINT ( 'NONE',  ( 1.322475605676657300, -0.7635316469341323400, -2.651041666666647400 ) ) ;
#3571 = CYLINDRICAL_SURFACE ( 'NONE', #1262, 1.500000000000000900 ) ;
#3572 = ORIENTED_EDGE ( 'NONE', *, *, #3112, .F. ) ;
#3573 = CARTESIAN_POINT ( 'NONE',  ( -1.344664652740329200, 0.3938684034882071700, -5.277135174213887200 ) ) ;
#3574 = CARTESIAN_POINT ( 'NONE',  ( 0.0000000000000000000, 1.500000000000000900, -0.4999999999999812400 ) ) ;
#3575 = DIRECTION ( 'NONE',  ( 0.0000000000000000000, 1.000000000000000000, 0.0000000000000000000 ) ) ;
#3576 = EDGE_CURVE ( 'NONE', #1741, #1613, #724, .T. ) ;
#3577 = CARTESIAN_POINT ( 'NONE',  ( 1.017788105676658200, 0.5876202367904168600, -1.833333333333333500 ) ) ;
#3578 = CARTESIAN_POINT ( 'NONE',  ( -1.870113174931182600E-016, -1.527063293868263300, -4.703125000000022200 ) ) ;
#3579 = CARTESIAN_POINT ( 'NONE',  ( -0.8816504037844389300, -1.527063293868263100, -2.276041666666647000 ) ) ;
#3580 = CARTESIAN_POINT ( 'NONE',  ( -1.249999999999999800, 0.6099678444218478200, 5.335886828494353500 ) ) ;
#3581 = CARTESIAN_POINT ( 'NONE',  ( -1.266059761283032700, -0.6887666052269761900, -5.236953031905977200 ) ) ;
#3582 = CARTESIAN_POINT ( 'NONE',  ( 0.0000000000000000000, -6.481755355858701300E-056, 5.500000000000000000 ) ) ;
#3583 = CARTESIAN_POINT ( 'NONE',  ( 1.017788105676657800, -0.5876202367904183000, -5.416666666666667000 ) ) ;
#3584 = CARTESIAN_POINT ( 'NONE',  ( -1.017788105676658200, -0.5876202367904175300, -2.083333333333333500 ) ) ;
#3585 = CARTESIAN_POINT ( 'NONE',  ( -1.017788105676658200, -0.5876202367904175300, 1.916666666666666300 ) ) ;
#3586 = CARTESIAN_POINT ( 'NONE',  ( 0.8816504037844392600, 1.527063293868263100, -0.02604166666664732200 ) ) ;
#3587 = CARTESIAN_POINT ( 'NONE',  ( 1.299038105676659300, 0.7499999999999993300, -1.583333333333314800 ) ) ;
#3588 = DIRECTION ( 'NONE',  ( -0.0000000000000000000, 1.178500973792491200E-056, -1.000000000000000000 ) ) ;
#3589 = LINE ( 'NONE', #2141, #3040 ) ;
#3590 = CARTESIAN_POINT ( 'NONE',  ( -0.8816504037844382600, 1.527063293868263300, 2.088541666666643000 ) ) ;
#3591 = ORIENTED_EDGE ( 'NONE', *, *, #2845, .T. ) ;
#3592 = CARTESIAN_POINT ( 'NONE',  ( 1.357050807568877200, -2.492861891654333800E-016, -0.3125000000000002800 ) ) ;
#3593 = EDGE_CURVE ( 'NONE', #2723, #394, #1436, .T. ) ;
#3594 = EDGE_LOOP ( 'NONE', ( #3829, #838, #461, #455 ) ) ;
#3595 = DIRECTION ( 'NONE',  ( 0.0000000000000000000, 1.000000000000000000, 0.0000000000000000000 ) ) ;
#3596 = CARTESIAN_POINT ( 'NONE',  ( 0.6785254037844392600, 1.175240473580835100, -4.791666666666666100 ) ) ;
#3597 = CARTESIAN_POINT ( 'NONE',  ( 0.0000000000000000000, 1.175240473580835500, 1.250000000000000200 ) ) ;
#3598 = CARTESIAN_POINT ( 'NONE',  ( -1.357050807568877200, 8.309539638847781400E-017, 2.375000000000000400 ) ) ;
#3599 =( BOUNDED_CURVE ( )  B_SPLINE_CURVE ( 2, ( #753, #1655, #456, #1331, #1348, #3132, #1609 ),
 .UNSPECIFIED., .F., .T. ) 
 B_SPLINE_CURVE_WITH_KNOTS ( ( 3, 2, 2, 3 ),
 ( 0.7647058823529411200, 0.7745098039215686500, 0.7843137254901960700, 0.7941176470588234800 ),
 .UNSPECIFIED. ) 
 CURVE ( )  GEOMETRIC_REPRESENTATION_ITEM ( )  RATIONAL_B_SPLINE_CURVE ( ( 1.000000000000000000, 0.8660254037844387100, 1.000000000000000000, 0.8660254037844387100, 1.000000000000000000, 0.8660254037844387100, 1.000000000000000000 ) ) 
 REPRESENTATION_ITEM ( '' )  );
#3600 = CARTESIAN_POINT ( 'NONE',  ( -1.322475605676657800, -0.7635316469341314500, 0.6822916666666860600 ) ) ;
#3601 = VERTEX_POINT ( 'NONE', #2116 ) ;
#3602 = CARTESIAN_POINT ( 'NONE',  ( -0.8660254037844453700, -1.499999999999990700, -1.729166666666688900 ) ) ;
#3603 = CIRCLE ( 'NONE', #1269, 2.600000000000000100 ) ;
#3604 = CARTESIAN_POINT ( 'NONE',  ( 1.225117147550181000, -0.2670629948232964800, -5.432067794837470500 ) ) ;
#3605 = CARTESIAN_POINT ( 'NONE',  ( 0.0000000000000000000, 1.767751460688717800E-057, 5.350000000000000500 ) ) ;
#3606 = EDGE_LOOP ( 'NONE', ( #3833, #3698, #42, #3572, #2547, #1775 ) ) ;
#3607 = FACE_OUTER_BOUND ( 'NONE', #1272, .T. ) ;
#3608 = AXIS2_PLACEMENT_3D ( 'NONE', #2132, #2142, #611 ) ;
#3609 = CARTESIAN_POINT ( 'NONE',  ( 0.6785254037844393700, 1.175240473580835300, -3.229166666666667000 ) ) ;
#3610 = ORIENTED_EDGE ( 'NONE', *, *, #2637, .T. ) ;
#3611 = ORIENTED_EDGE ( 'NONE', *, *, #3231, .T. ) ;
#3612 = CARTESIAN_POINT ( 'NONE',  ( 0.6785254037844382600, -1.175240473580835700, 0.04166666666666641500 ) ) ;
#3613 = CARTESIAN_POINT ( 'NONE',  ( 0.8816504037844392600, 1.527063293868263100, -5.494791666666689200 ) ) ;
#3614 = CARTESIAN_POINT ( 'NONE',  ( -1.870113174931182600E-016, -1.527063293868263300, 0.7656250000000188700 ) ) ;
#3615 = CARTESIAN_POINT ( 'NONE',  ( 0.0000000000000000000, 1.296351071171740300E-055, -5.500000000000000000 ) ) ;
#3616 = CARTESIAN_POINT ( 'NONE',  ( 0.3267792258354415600, 1.291342902104059000, -5.353394472253358800 ) ) ;
#3617 = EDGE_CURVE ( 'NONE', #492, #635, #3696, .T. ) ;
#3618 = CARTESIAN_POINT ( 'NONE',  ( 0.0000000000000000000, 1.500000000000000900, -5.500000000000000000 ) ) ;
#3619 = CARTESIAN_POINT ( 'NONE',  ( 0.0000000000000000000, 1.500000000000000900, -2.937500000000021800 ) ) ;
#3620 = CARTESIAN_POINT ( 'NONE',  ( -1.439254484199189600E-016, -1.175240473580835500, -3.000000000000000000 ) ) ;
#3621 = CARTESIAN_POINT ( 'NONE',  ( 1.017788105676657800, -0.5876202367904183000, 1.083333333333332800 ) ) ;
#3622 = CARTESIAN_POINT ( 'NONE',  ( 1.357050807568877200, -2.492861891654333800E-016, 2.125000000000000000 ) ) ;
#3623 = CARTESIAN_POINT ( 'NONE',  ( -1.870113174931182600E-016, -1.527063293868263300, 0.2656250000000193200 ) ) ;
#3624 = CARTESIAN_POINT ( 'NONE',  ( -1.299038105676658700, 0.7500000000000005600, 2.083333333333352100 ) ) ;
#3625 = DIRECTION ( 'NONE',  ( -0.0000000000000000000, 1.178500973792491200E-056, -1.000000000000000000 ) ) ;
#3626 = CARTESIAN_POINT ( 'NONE',  ( 1.256809520829722700, -0.1020286065173344600, -5.425026701458277100 ) ) ;
#3627 = CARTESIAN_POINT ( 'NONE',  ( -1.439254484199189600E-016, -1.175240473580835500, 1.062500000000000000 ) ) ;
#3628 = CARTESIAN_POINT ( 'NONE',  ( -1.836970198721030900E-016, -1.500000000000000900, 0.7500000000000179900 ) ) ;
#3629 = CARTESIAN_POINT ( 'NONE',  ( -1.836970198721030900E-016, -1.500000000000000900, -1.249999999999981800 ) ) ;
#3630 = CARTESIAN_POINT ( 'NONE',  ( 1.357050807568877200, -2.492861891654334300E-016, -3.375000000000000000 ) ) ;
#3631 = CARTESIAN_POINT ( 'NONE',  ( -0.6785254037844389300, -1.175240473580835500, 0.9583333333333337000 ) ) ;
#3632 = CARTESIAN_POINT ( 'NONE',  ( -1.322475605676657800, -0.7635316469341314500, -2.786458333333356100 ) ) ;
#3633 = LINE ( 'NONE', #390, #1982 ) ;
#3634 = CARTESIAN_POINT ( 'NONE',  ( -0.8816504037844389300, -1.527063293868263100, 1.223958333333352800 ) ) ;
#3635 = CARTESIAN_POINT ( 'NONE',  ( 0.5764527459525268200, -1.383710135848898600, 2.346724555342309100 ) ) ;
#3636 = DIRECTION ( 'NONE',  ( -0.0000000000000000000, 1.178500973792491200E-056, -1.000000000000000000 ) ) ;
#3637 = CARTESIAN_POINT ( 'NONE',  ( 0.0000000000000000000, 1.650000000000001700, 2.350000000000000500 ) ) ;
#3638 = ORIENTED_EDGE ( 'NONE', *, *, #1444, .F. ) ;
#3639 = CARTESIAN_POINT ( 'NONE',  ( 1.017788105676657800, -0.5876202367904183000, 0.6458333333333333700 ) ) ;
#3640 = DIRECTION ( 'NONE',  ( 1.502314598737160500E-016, 1.000000000000000000, 0.0000000000000000000 ) ) ;
#3641 = ORIENTED_EDGE ( 'NONE', *, *, #1040, .T. ) ;
#3642 = ORGANIZATION ( 'UNSPECIFIED', 'UNSPECIFIED', '' ) ;
#3643 = CARTESIAN_POINT ( 'NONE',  ( -0.6785254037844389300, -1.175240473580835500, -5.479166666666667000 ) ) ;
#3644 = CARTESIAN_POINT ( 'NONE',  ( 0.6785254037844382600, -1.175240473580835500, -2.958333333333333000 ) ) ;
#3645 = ORIENTED_EDGE ( 'NONE', *, *, #2161, .T. ) ;
#3646 = CARTESIAN_POINT ( 'NONE',  ( 0.6785254037844393700, 1.175240473580835300, 1.708333333333333500 ) ) ;
#3647 = CARTESIAN_POINT ( 'NONE',  ( 1.322475605676658400, 0.7635316469341306700, -4.036458333333356100 ) ) ;
#3648 = CARTESIAN_POINT ( 'NONE',  ( 0.0000000000000000000, 1.175240473580835500, -5.687500000000000000 ) ) ;
#3649 = CYLINDRICAL_SURFACE ( 'NONE', #2851, 2.750000000000000000 ) ;
#3650 = ORIENTED_EDGE ( 'NONE', *, *, #1820, .T. ) ;
#3651 = CARTESIAN_POINT ( 'NONE',  ( 0.6785254037844382600, -1.175240473580835700, -1.895833333333333500 ) ) ;
#3652 = VECTOR ( 'NONE', #909, 1000.000000000000000 ) ;
#3653 = ORIENTED_EDGE ( 'NONE', *, *, #1732, .F. ) ;
#3654 = CARTESIAN_POINT ( 'NONE',  ( 1.357050807568877200, -2.492861891654333800E-016, 0.6874999999999997800 ) ) ;
#3655 = CARTESIAN_POINT ( 'NONE',  ( -1.439254484199189600E-016, -1.175240473580835500, -3.937500000000000000 ) ) ;
#3656 = CARTESIAN_POINT ( 'NONE',  ( 1.017788105676658200, 0.5876202367904168600, -2.833333333333333500 ) ) ;
#3657 = CARTESIAN_POINT ( 'NONE',  ( -1.017788105676658200, -0.5876202367904175300, 1.916666666666666300 ) ) ;
#3658 = CARTESIAN_POINT ( 'NONE',  ( 1.322475605676657300, -0.7635316469341323400, -4.619791666666689200 ) ) ;
#3659 = CARTESIAN_POINT ( 'NONE',  ( 1.017788105676658200, 0.5876202367904168600, -5.270833333333333000 ) ) ;
#3660 = CARTESIAN_POINT ( 'NONE',  ( 0.0000000000000000000, 1.500000000000000900, 0.5000000000000186500 ) ) ;
#3661 = DIRECTION ( 'NONE',  ( -0.0000000000000000000, 1.178500973792491200E-056, -1.000000000000000000 ) ) ;
#3662 = CARTESIAN_POINT ( 'NONE',  ( 0.6785254037844382600, -1.175240473580835700, -2.395833333333333500 ) ) ;
#3663 = EDGE_CURVE ( 'NONE', #2315, #1741, #1068, .T. ) ;
#3664 = CARTESIAN_POINT ( 'NONE',  ( 0.6785254037844382600, -1.175240473580835700, 2.104166666666666500 ) ) ;
#3665 = CARTESIAN_POINT ( 'NONE',  ( 1.836970198721030900E-016, -1.500000000000000900, -5.500000000000000000 ) ) ;
#3666 = CARTESIAN_POINT ( 'NONE',  ( 0.0000000000000000000, 1.175240473580835500, 1.312500000000000200 ) ) ;
#3667 = CARTESIAN_POINT ( 'NONE',  ( 1.017788105676657800, -0.5876202367904183000, -3.354166666666667000 ) ) ;
#3668 = CARTESIAN_POINT ( 'NONE',  ( 1.357050807568877200, -2.492861891654334300E-016, -2.812500000000000000 ) ) ;
#3669 = DIRECTION ( 'NONE',  ( -0.0000000000000000000, 1.178500973792491200E-056, -1.000000000000000000 ) ) ;
#3670 = CARTESIAN_POINT ( 'NONE',  ( 0.8816504037844392600, 1.527063293868263100, -2.494791666666689600 ) ) ;
#3671 = CARTESIAN_POINT ( 'NONE',  ( 0.6785254037844393700, 1.175240473580835300, -4.229166666666666100 ) ) ;
#3672 = CARTESIAN_POINT ( 'NONE',  ( 0.4650522726713374200, -1.419093089601366900, 2.343508345514125200 ) ) ;
#3673 = CARTESIAN_POINT ( 'NONE',  ( 0.0000000000000000000, 1.296351071171740300E-055, -5.500000000000000000 ) ) ;
#3674 = CARTESIAN_POINT ( 'NONE',  ( 0.8660254037844342700, 1.500000000000010700, -3.541666666666647000 ) ) ;
#3675 = CARTESIAN_POINT ( 'NONE',  ( 1.017788105676657800, -0.5876202367904183000, -1.854166666666666700 ) ) ;
#3676 = APPROVAL ( #2318, 'UNSPECIFIED' ) ;
#3677 = CYLINDRICAL_SURFACE ( 'NONE', #3427, 1.500000000000000900 ) ;
#3678 = CARTESIAN_POINT ( 'NONE',  ( -1.357050807568877200, 8.309539638847781400E-017, 0.9375000000000000000 ) ) ;
#3679 = CARTESIAN_POINT ( 'NONE',  ( 0.0000000000000000000, 1.500000000000000900, 1.500000000000018700 ) ) ;
#3680 = CARTESIAN_POINT ( 'NONE',  ( -1.357050807568877200, 8.309539638847781400E-017, 1.437499999999999600 ) ) ;
#3681 = ADVANCED_FACE ( 'NONE', ( #634 ), #2546, .T. ) ;
#3682 = ORIENTED_EDGE ( 'NONE', *, *, #1580, .T. ) ;
#3683 = CARTESIAN_POINT ( 'NONE',  ( -1.357050807568877200, 8.309539638847781400E-017, -4.562499999999999100 ) ) ;
#3684 = CARTESIAN_POINT ( 'NONE',  ( 0.0000000000000000000, 1.175240473580835500, -2.687500000000000000 ) ) ;
#3685 = CARTESIAN_POINT ( 'NONE',  ( 1.357050807568877200, -2.492861891654333800E-016, 2.125000000000000000 ) ) ;
#3686 = CARTESIAN_POINT ( 'NONE',  ( -0.8816504037844382600, 1.527063293868263300, -3.411458333333356100 ) ) ;
#3687 = CARTESIAN_POINT ( 'NONE',  ( 1.017788105676657800, -0.5876202367904183000, -3.854166666666666500 ) ) ;
#3688 = ORIENTED_EDGE ( 'NONE', *, *, #2698, .F. ) ;
#3689 = CARTESIAN_POINT ( 'NONE',  ( 0.0000000000000000000, -6.481755355858701300E-056, 5.500000000000000000 ) ) ;
#3690 = DIRECTION ( 'NONE',  ( 0.0000000000000000000, 1.000000000000000000, 0.0000000000000000000 ) ) ;
#3691 = CARTESIAN_POINT ( 'NONE',  ( 1.299038105676659300, 0.7499999999999993300, 1.979166666666643900 ) ) ;
#3692 = CARTESIAN_POINT ( 'NONE',  ( 0.0000000000000000000, 1.175240473580835500, -0.6874999999999997800 ) ) ;
#3693 = CARTESIAN_POINT ( 'NONE',  ( 0.6785254037844393700, 1.175240473580835300, -5.291666666666667000 ) ) ;
#3694 = ORIENTED_EDGE ( 'NONE', *, *, #3593, .T. ) ;
#3695 =( BOUNDED_CURVE ( )  B_SPLINE_CURVE ( 2, ( #2494, #2443, #660, #961, #1658, #195, #2218 ),
 .UNSPECIFIED., .F., .T. ) 
 B_SPLINE_CURVE_WITH_KNOTS ( ( 3, 2, 2, 3 ),
 ( 0.1470588235294118800, 0.1568627450980392700, 0.1666666666666666600, 0.1764705882352940700 ),
 .UNSPECIFIED. ) 
 CURVE ( )  GEOMETRIC_REPRESENTATION_ITEM ( )  RATIONAL_B_SPLINE_CURVE ( ( 0.9999999999999984500, 0.8660254037844402600, 1.000000000000000000, 0.8660254037844387100, 1.000000000000000000, 0.8660254037844394800, 0.9999999999999992200 ) ) 
 REPRESENTATION_ITEM ( '' )  );
#3696 = LINE ( 'NONE', #3021, #1328 ) ;
#3697 = CARTESIAN_POINT ( 'NONE',  ( 3.275930187719169800E-016, -2.600000000000000100, 5.500000000000000000 ) ) ;
#3698 = ORIENTED_EDGE ( 'NONE', *, *, #1461, .F. ) ;
#3699 = EDGE_CURVE ( 'NONE', #638, #918, #2722, .T. ) ;
#3700 = VECTOR ( 'NONE', #3783, 1000.000000000000000 ) ;
#3701 = CARTESIAN_POINT ( 'NONE',  ( -1.017788105676658200, -0.5876202367904175300, -4.520833333333333000 ) ) ;
#3702 = ORIENTED_EDGE ( 'NONE', *, *, #913, .T. ) ;
#3703 = DIRECTION ( 'NONE',  ( -0.0000000000000000000, 1.178500973792491200E-056, -1.000000000000000000 ) ) ;
#3704 = CARTESIAN_POINT ( 'NONE',  ( -1.763300807568877000, 1.079710344961584000E-016, -1.828125000000022400 ) ) ;
#3705 = CARTESIAN_POINT ( 'NONE',  ( -1.357050807568877200, 8.309539638847781400E-017, -3.562500000000000400 ) ) ;
#3706 = CARTESIAN_POINT ( 'NONE',  ( -1.836970198721030900E-016, -1.500000000000000900, 1.750000000000018000 ) ) ;
#3707 = VERTEX_POINT ( 'NONE', #639 ) ;
#3708 = CARTESIAN_POINT ( 'NONE',  ( 1.017788105676657800, -0.5876202367904183000, 0.1458333333333328700 ) ) ;
#3709 = CARTESIAN_POINT ( 'NONE',  ( -0.6785254037844384900, 1.175240473580835700, -4.208333333333333000 ) ) ;
#3710 = CARTESIAN_POINT ( 'NONE',  ( 1.357050807568877200, -2.492861891654333800E-016, 2.687500000000000400 ) ) ;
#3711 = DIRECTION ( 'NONE',  ( 0.8660254037844387100, -0.4999999999999999400, 0.0000000000000000000 ) ) ;
#3712 = CARTESIAN_POINT ( 'NONE',  ( -1.836970198721030900E-016, -1.500000000000000900, -0.7499999999999814600 ) ) ;
#3713 = CARTESIAN_POINT ( 'NONE',  ( -1.017788105676658200, -0.5876202367904175300, -4.020833333333333000 ) ) ;
#3714 = CARTESIAN_POINT ( 'NONE',  ( -1.350446094412020700, -0.2640993019545299600, 2.276772189505556400 ) ) ;
#3715 = EDGE_CURVE ( 'NONE', #674, #2133, #1583, .T. ) ;
#3716 = CARTESIAN_POINT ( 'NONE',  ( 0.0000000000000000000, 1.527063293868263300, 0.5468749999999770200 ) ) ;
#3717 = CARTESIAN_POINT ( 'NONE',  ( 0.6785254037844393700, 1.175240473580835300, -2.229166666666666500 ) ) ;
#3718 = FACE_OUTER_BOUND ( 'NONE', #7, .T. ) ;
#3719 = CARTESIAN_POINT ( 'NONE',  ( -1.357050807568877200, 8.309539638847781400E-017, -0.06250000000000005600 ) ) ;
#3720 = CARTESIAN_POINT ( 'NONE',  ( 1.357050807568877200, -2.492861891654333800E-016, -4.875000000000000000 ) ) ;
#3721 = CARTESIAN_POINT ( 'NONE',  ( -1.732050807568878500, 1.060575238724907400E-016, 2.187499999999979100 ) ) ;
#3722 = CARTESIAN_POINT ( 'NONE',  ( -1.836970198721030900E-016, -1.500000000000000900, 1.312499999999978000 ) ) ;
#3723 = ADVANCED_FACE ( 'NONE', ( #2602 ), #1182, .T. ) ;
#3724 = CARTESIAN_POINT ( 'NONE',  ( -1.732050807568878500, 1.060575238724907400E-016, -3.374999999999981300 ) ) ;
#3725 = CARTESIAN_POINT ( 'NONE',  ( -0.6785254037844389300, -1.175240473580835300, -2.979166666666666500 ) ) ;
#3726 = AXIS2_PLACEMENT_3D ( 'NONE', #272, #542, #2611 ) ;
#3727 = CARTESIAN_POINT ( 'NONE',  ( 1.763300807568877000, -3.239131034884752100E-016, 0.4218749999999769600 ) ) ;
#3728 = LINE ( 'NONE', #109, #2213 ) ;
#3729 = CARTESIAN_POINT ( 'NONE',  ( -1.017788105676658200, -0.5876202367904175300, -1.520833333333333300 ) ) ;
#3730 = CARTESIAN_POINT ( 'NONE',  ( -1.299038105676658700, -0.7500000000000001100, -4.333333333333315300 ) ) ;
#3731 = CARTESIAN_POINT ( 'NONE',  ( 0.8660254037844400400, 1.500000000000000700, -0.9791666666666887200 ) ) ;
#3732 = FACE_OUTER_BOUND ( 'NONE', #632, .T. ) ;
#3733 = CARTESIAN_POINT ( 'NONE',  ( -1.357050807568877200, 8.309539638847781400E-017, 1.437499999999999600 ) ) ;
#3734 = AXIS2_PLACEMENT_3D ( 'NONE', #2741, #1821, #1868 ) ;
#3735 = CARTESIAN_POINT ( 'NONE',  ( -1.017788105676658200, -0.5876202367904175300, -0.5833333333333332600 ) ) ;
#3736 = CARTESIAN_POINT ( 'NONE',  ( -1.439254484199189600E-016, -1.175240473580835500, 2.562500000000000400 ) ) ;
#3737 = ORIENTED_EDGE ( 'NONE', *, *, #1638, .T. ) ;
#3738 = CARTESIAN_POINT ( 'NONE',  ( 0.0000000000000000000, 1.296351071171740300E-055, -5.500000000000000000 ) ) ;
#3739 = ORIENTED_EDGE ( 'NONE', *, *, #275, .T. ) ;
#3740 = CARTESIAN_POINT ( 'NONE',  ( -0.6785254037844389300, -1.175240473580835300, -2.479166666666666500 ) ) ;
#3741 = CARTESIAN_POINT ( 'NONE',  ( 0.0000000000000000000, 1.527063293868263300, 0.04687499999997749000 ) ) ;
#3742 = CARTESIAN_POINT ( 'NONE',  ( 0.0000000000000000000, 1.175240473580835500, -1.687499999999999800 ) ) ;
#3743 = APPROVAL_DATE_TIME ( #2492, #3676 ) ;
#3744 = ORIENTED_EDGE ( 'NONE', *, *, #344, .T. ) ;
#3745 = EDGE_CURVE ( 'NONE', #3329, #3154, #2932, .T. ) ;
#3746 = CARTESIAN_POINT ( 'NONE',  ( 3.275930187719169800E-016, 2.600000000000000100, 2.500000000000000400 ) ) ;
#3747 = CARTESIAN_POINT ( 'NONE',  ( 1.250000000000000200, 0.6099678444218477000, 5.335886828494353500 ) ) ;
#3748 = CARTESIAN_POINT ( 'NONE',  ( -0.6785254037844384900, 1.175240473580835700, 1.354166666666666700 ) ) ;
#3749 = CARTESIAN_POINT ( 'NONE',  ( -1.439254484199189600E-016, -1.175240473580835500, -1.500000000000000400 ) ) ;
#3750 = VERTEX_POINT ( 'NONE', #2848 ) ;
#3751 = CARTESIAN_POINT ( 'NONE',  ( -1.357050807568877200, 8.309539638847781400E-017, -2.125000000000000000 ) ) ;
#3752 = CARTESIAN_POINT ( 'NONE',  ( -0.8660254037844391500, 1.500000000000000700, 2.104166666666644300 ) ) ;
#3753 = VECTOR ( 'NONE', #696, 1000.000000000000000 ) ;
#3754 = ORIENTED_EDGE ( 'NONE', *, *, #963, .F. ) ;
#3755 = CARTESIAN_POINT ( 'NONE',  ( 1.357050807568877200, -2.492861891654334300E-016, -2.312500000000000000 ) ) ;
#3756 = PRODUCT_DEFINITION_SHAPE ( 'NONE', 'NONE',  #3545 ) ;
#3757 = CARTESIAN_POINT ( 'NONE',  ( 1.322475605676657300, -0.7635316469341323400, -0.1197916666666899000 ) ) ;
#3758 = ORIENTED_EDGE ( 'NONE', *, *, #1921, .F. ) ;
#3759 = CARTESIAN_POINT ( 'NONE',  ( 1.017788105676658200, 0.5876202367904168600, -3.770833333333333500 ) ) ;
#3760 = DIRECTION ( 'NONE',  ( 0.0000000000000000000, -1.000000000000000000, -1.281975124255724200E-016 ) ) ;
#3761 = CARTESIAN_POINT ( 'NONE',  ( 0.0000000000000000000, 1.296351071171740300E-055, -5.500000000000000000 ) ) ;
#3762 = CARTESIAN_POINT ( 'NONE',  ( -0.6785254037844384900, 1.175240473580835700, 0.3541666666666666900 ) ) ;
#3763 = CARTESIAN_POINT ( 'NONE',  ( 1.017788105676657800, -0.5876202367904183000, -3.416666666666667000 ) ) ;
#3764 = CARTESIAN_POINT ( 'NONE',  ( -1.551628848447119000, 1.900197302715458000E-016, 5.500000000000000000 ) ) ;
#3765 = CARTESIAN_POINT ( 'NONE',  ( -1.439254484199189600E-016, -1.175240473580835500, 0.0000000000000000000 ) ) ;
#3766 = CARTESIAN_POINT ( 'NONE',  ( 1.299038105676658400, -0.7500000000000011100, 2.333333333333351200 ) ) ;
#3767 = ADVANCED_FACE ( 'NONE', ( #875 ), #407, .F. ) ;
#3768 = CARTESIAN_POINT ( 'NONE',  ( 0.8660254037844400400, 1.500000000000000700, -3.479166666666688700 ) ) ;
#3769 = DIRECTION ( 'NONE',  ( 0.0000000000000000000, 1.000000000000000000, 0.0000000000000000000 ) ) ;
#3770 = CARTESIAN_POINT ( 'NONE',  ( 1.017788105676657800, -0.5876202367904183000, -1.354166666666666700 ) ) ;
#3771 = DIRECTION ( 'NONE',  ( 0.0000000000000000000, 0.0000000000000000000, 1.000000000000000000 ) ) ;
#3772 = CARTESIAN_POINT ( 'NONE',  ( -1.322475605676657800, -0.7635316469341314500, 0.7135416666666436500 ) ) ;
#3773 = CARTESIAN_POINT ( 'NONE',  ( -1.017788105676658200, -0.5876202367904175300, -4.083333333333333000 ) ) ;
#3774 = CARTESIAN_POINT ( 'NONE',  ( 0.6785254037844382600, -1.175240473580835700, -2.958333333333333000 ) ) ;
#3775 = CARTESIAN_POINT ( 'NONE',  ( 1.322475605676657300, -0.7635316469341323400, -4.651041666666647400 ) ) ;
#3776 = EDGE_CURVE ( 'NONE', #2713, #90, #2825, .T. ) ;
#3777 = CARTESIAN_POINT ( 'NONE',  ( -1.017788105676658200, -0.5876202367904175300, -2.083333333333333500 ) ) ;
#3778 = CIRCLE ( 'NONE', #1711, 1.551628848447119000 ) ;
#3779 = CARTESIAN_POINT ( 'NONE',  ( -0.8660254037844391500, 1.500000000000000700, -2.458333333333313900 ) ) ;
#3780 = CARTESIAN_POINT ( 'NONE',  ( -1.439254484199189600E-016, -1.175240473580835500, -2.437500000000000000 ) ) ;
#3781 = APPROVAL_STATUS ( 'not_yet_approved' ) ;
#3782 = VERTEX_POINT ( 'NONE', #760 ) ;
#3783 = DIRECTION ( 'NONE',  ( -0.0000000000000000000, -0.0000000000000000000, 1.000000000000000000 ) ) ;
#3784 = ADVANCED_FACE ( 'NONE', ( #181 ), #959, .T. ) ;
#3785 = CARTESIAN_POINT ( 'NONE',  ( -1.017788105676658200, -0.5876202367904175300, -5.083333333333333000 ) ) ;
#3786 = CARTESIAN_POINT ( 'NONE',  ( 0.6785254037844382600, -1.175240473580835700, -2.458333333333333000 ) ) ;
#3787 = VERTEX_POINT ( 'NONE', #155 ) ;
#3788 = CARTESIAN_POINT ( 'NONE',  ( 1.357050807568877200, -2.492861891654334300E-016, -0.8749999999999998900 ) ) ;
#3789 = DATE_AND_TIME ( #2767, #1008 ) ;
#3790 = CARTESIAN_POINT ( 'NONE',  ( -1.836970198721030900E-016, -1.500000000000000900, -4.187500000000022200 ) ) ;
#3791 = ORIENTED_EDGE ( 'NONE', *, *, #868, .T. ) ;
#3792 = CARTESIAN_POINT ( 'NONE',  ( -1.836970198721030900E-016, -1.500000000000000900, -0.1875000000000216500 ) ) ;
#3793 = CYLINDRICAL_SURFACE ( 'NONE', #481, 1.500000000000000900 ) ;
#3794 = B_SPLINE_CURVE_WITH_KNOTS ( 'NONE', 3,
 ( #765, #1639, #723, #3130, #466, #2804, #1374, #1689 ),
 .UNSPECIFIED., .F., .F.,
 ( 4, 2, 2, 4 ),
 ( 2.544378114030884700E-007, 0.0003729905366538290900, 0.0007457266354962550600, 0.001491198833181107000 ),
 .UNSPECIFIED. ) ;
#3795 = CARTESIAN_POINT ( 'NONE',  ( 1.017788105676657800, -0.5876202367904183000, -1.854166666666666700 ) ) ;
#3796 = ORIENTED_EDGE ( 'NONE', *, *, #1444, .T. ) ;
#3797 = EDGE_CURVE ( 'NONE', #3110, #140, #3603, .T. ) ;
#3798 = CARTESIAN_POINT ( 'NONE',  ( 1.732050807568878500, -3.181725716174723000E-016, -0.06250000000002153800 ) ) ;
#3799 = ORIENTED_EDGE ( 'NONE', *, *, #3299, .F. ) ;
#3800 = CARTESIAN_POINT ( 'NONE',  ( 0.0000000000000000000, 1.175240473580835500, -4.750000000000000000 ) ) ;
#3801 = CARTESIAN_POINT ( 'NONE',  ( -0.6785254037844384900, 1.175240473580835700, -3.208333333333333000 ) ) ;
#3802 = CARTESIAN_POINT ( 'NONE',  ( 1.322475605676658400, 0.7635316469341306700, -5.067708333333313500 ) ) ;
#3803 = ORIENTED_EDGE ( 'NONE', *, *, #1921, .T. ) ;
#3804 = CARTESIAN_POINT ( 'NONE',  ( -1.732050807568878500, 1.060575238724907400E-016, -4.812500000000021300 ) ) ;
#3805 = CARTESIAN_POINT ( 'NONE',  ( 0.0000000000000000000, 1.500000000000000900, -2.437500000000021300 ) ) ;
#3806 = CARTESIAN_POINT ( 'NONE',  ( -1.053519143052614300, 0.8351261121362132400, 5.278308548877046900 ) ) ;
#3807 = CC_DESIGN_DATE_AND_TIME_ASSIGNMENT ( #3004, #246, ( #1033 ) ) ;
#3808 = CARTESIAN_POINT ( 'NONE',  ( 0.8660254037844312700, 1.500000000000015100, -0.5416666666666476400 ) ) ;
#3809 = DIRECTION ( 'NONE',  ( -0.0000000000000000000, -0.0000000000000000000, 1.000000000000000000 ) ) ;
#3810 = CARTESIAN_POINT ( 'NONE',  ( 1.357050807568877200, -2.492861891654333800E-016, 2.687500000000000400 ) ) ;
#3811 = CARTESIAN_POINT ( 'NONE',  ( 0.0000000000000000000, 1.175240473580835500, -0.7499999999999997800 ) ) ;
#3812 = CARTESIAN_POINT ( 'NONE',  ( 1.763300807568877000, -3.239131034884752100E-016, -4.109374999999980500 ) ) ;
#3813 = LINE ( 'NONE', #2556, #2247 ) ;
#3814 = CARTESIAN_POINT ( 'NONE',  ( 0.0000000000000000000, 1.175240473580835500, 1.749999999999999800 ) ) ;
#3815 = DIRECTION ( 'NONE',  ( -0.0000000000000000000, 1.178500973792491200E-056, -1.000000000000000000 ) ) ;
#3816 = CARTESIAN_POINT ( 'NONE',  ( 0.6841100080454264300, -1.334913291900298400, 2.349999999999999600 ) ) ;
#3817 = B_SPLINE_CURVE_WITH_KNOTS ( 'NONE', 3,
 ( #186, #2539, #2846, #1963 ),
 .UNSPECIFIED., .F., .F.,
 ( 4, 4 ),
 ( 2.412077245080390100E-017, 0.0002431180028850652500 ),
 .UNSPECIFIED. ) ;
#3818 = EDGE_CURVE ( 'NONE', #3322, #3051, #253, .T. ) ;
#3819 = CARTESIAN_POINT ( 'NONE',  ( 1.299038105676659300, 0.7499999999999993300, -2.520833333333355200 ) ) ;
#3820 = ADVANCED_FACE ( 'NONE', ( #1230, #3477 ), #2905, .T. ) ;
#3821 = CARTESIAN_POINT ( 'NONE',  ( -1.017788105676658000, 0.5876202367904178600, -3.666666666666666500 ) ) ;
#3822 = CARTESIAN_POINT ( 'NONE',  ( -1.017788105676658200, -0.5876202367904175300, 0.9166666666666663000 ) ) ;
#3823 = CARTESIAN_POINT ( 'NONE',  ( 0.8816504037844380400, -1.527063293868264000, -2.192708333333313900 ) ) ;
#3824 = CARTESIAN_POINT ( 'NONE',  ( -1.357050807568877200, 8.309539638847781400E-017, 1.875000000000000000 ) ) ;
#3825 = CARTESIAN_POINT ( 'NONE',  ( 0.0000000000000000000, 1.296351071171740300E-055, -5.500000000000000000 ) ) ;
#3826 = VECTOR ( 'NONE', #1001, 1000.000000000000000 ) ;
#3827 = CARTESIAN_POINT ( 'NONE',  ( 1.732050807568878500, -3.181725716174722500E-016, 0.3750000000000186000 ) ) ;
#3828 = ORIENTED_EDGE ( 'NONE', *, *, #825, .T. ) ;
#3829 = ORIENTED_EDGE ( 'NONE', *, *, #532, .F. ) ;
#3830 = CARTESIAN_POINT ( 'NONE',  ( 1.017788105676657800, -0.5876202367904183000, -3.416666666666667000 ) ) ;
#3831 = CARTESIAN_POINT ( 'NONE',  ( 1.357050807568877200, -2.492861891654333800E-016, 0.6249999999999997800 ) ) ;
#3832 = CARTESIAN_POINT ( 'NONE',  ( 0.8816504037844380400, -1.527063293868264000, -1.192708333333313900 ) ) ;
#3833 = ORIENTED_EDGE ( 'NONE', *, *, #3159, .F. ) ;
ENDSEC;
END-ISO-10303-21;
